epoch,iso,uptime_s,tctl,tccd1,tccd2,tccd3,tccd4,tccd5,tccd6,tccd7,tccd8,pkg_w,core_w,cpu_freq,load1,load5,load15,mem_used_gb,mem_avail_gb,nproc,g0_temp,g0_power,g0_mem_gb,g0_util,g1_temp,g1_power,g1_mem_gb,g1_util,g0_ecc_ce,g0_ecc_ue,g1_ecc_ce,g1_ecc_ue,g0_link,g1_link,topcpu
1788649551,2026-09-05T23:05:51+00:00,10061.29,43000,46500,45500,43250,42750,43500,49500,43250,44250,NA,NA,1500000,2.28,27.78,39.52,1003,863,112,38,9.84,2,0,42,15.32,2,0,[N/A],[N/A],[N/A],[N/A],1,1,"%CPU COMMAND;95.9 opencode;41.1 vllm; 5.6 docker; 4.7 containerd; 2.1 powertrip-captu;"
1788649553,2026-09-05T23:05:53+00:00,10063.06,43250,49500,45000,43500,44750,43750,44250,42500,51500,204.82,0.88,1500000,2.28,27.78,39.52,1003,862,112,38,10.94,2,0,42,15.44,2,0,[N/A],[N/A],[N/A],[N/A],1,1,"%CPU COMMAND; 484 vllm;95.9 opencode; 4.7 containerd; 2.0 nvtop; 1.7 dcgm-exporter;"
1788649554,2026-09-05T23:05:54+00:00,10064.83,43000,51125,44750,43500,43750,43500,44500,42750,50000,181.32,0.41,1652615,2.18,27.33,39.32,1003,862,112,38,9.68,2,0,42,14.98,2,0,[N/A],[N/A],[N/A],[N/A],1,1,"%CPU COMMAND; 308 vllm;95.9 opencode; 4.7 containerd; 2.0 nvtop; 1.7 dcgm-exporter;"
1788649556,2026-09-05T23:05:56+00:00,10066.60,52000,51625,44000,44000,42000,44000,44500,42000,44000,178.33,0.47,2734796,2.18,27.33,39.32,1003,862,112,38,10.79,2,0,42,14.35,2,0,[N/A],[N/A],[N/A],[N/A],1,1,"%CPU COMMAND; 400 ps; 244 vllm;95.9 opencode; 4.7 containerd; 2.0 nvtop;"
1788649558,2026-09-05T23:05:58+00:00,10068.33,51500,51750,44750,43250,42500,44000,45000,44500,44500,177.94,0.51,1500000,2.18,27.33,39.32,1003,862,112,38,11.54,2,0,42,15.14,2,0,[N/A],[N/A],[N/A],[N/A],1,1,"%CPU COMMAND; 210 vllm;95.9 opencode; 4.7 containerd; 2.0 nvtop; 1.7 dcgm-exporter;"
1788649560,2026-09-05T23:06:00+00:00,10070.08,52500,51875,45000,44000,43000,43500,45750,42500,44250,181.60,0.47,1500000,2.72,27.03,39.15,1003,862,112,38,10.53,2,0,42,15.29,2,0,[N/A],[N/A],[N/A],[N/A],1,1,"%CPU COMMAND; 400 ps; 189 vllm;95.9 opencode; 4.7 containerd; 2.0 nvtop;"
1788649561,2026-09-05T23:06:01+00:00,10071.80,52250,52000,44500,44000,43250,43500,45250,42750,44500,177.49,0.38,2735154,2.72,27.03,39.15,1003,862,112,38,10.46,2,0,42,14.57,2,0,[N/A],[N/A],[N/A],[N/A],1,1,"%CPU COMMAND; 174 vllm;95.9 opencode; 4.7 containerd; 3.3 docker; 2.0 nvtop;"
1788649563,2026-09-05T23:06:03+00:00,10073.57,51500,52000,44500,43500,42750,43250,44750,43000,44000,179.48,0.40,1500000,2.72,27.03,39.15,1003,862,112,38,8.96,2,0,41,14.29,2,0,[N/A],[N/A],[N/A],[N/A],1,1,"%CPU COMMAND; 400 ps; 164 vllm;95.9 opencode; 4.7 containerd; 2.0 nvtop;"
1788649565,2026-09-05T23:06:05+00:00,10075.30,52750,51875,44500,43250,42750,45250,44250,42000,44500,168.15,0.37,1500000,2.75,26.63,38.96,1003,862,112,38,12.03,2,0,41,15.09,2,0,[N/A],[N/A],[N/A],[N/A],1,1,"%CPU COMMAND; 156 vllm;95.9 opencode; 4.7 containerd; 2.0 nvtop; 1.7 dcgm-exporter;"
1788649567,2026-09-05T23:06:07+00:00,10077.06,45500,51875,44250,44250,42750,43750,45000,43500,44250,175.31,0.39,1500000,2.75,26.63,38.96,1003,862,112,38,10.62,2,0,41,15.11,2,0,[N/A],[N/A],[N/A],[N/A],1,1,"%CPU COMMAND; 400 ps; 150 vllm;95.9 opencode; 4.7 containerd; 2.0 nvtop;"
1788649568,2026-09-05T23:06:08+00:00,10078.79,50500,51875,44500,43500,42750,43750,44750,43250,44250,194.56,0.77,1500000,2.75,26.63,38.96,1003,862,112,38,9.64,2,0,41,14.85,2,0,[N/A],[N/A],[N/A],[N/A],1,1,"%CPU COMMAND; 194 vllm;95.9 opencode; 4.7 containerd; 2.0 nvtop; 1.7 dcgm-exporter;"
1788649570,2026-09-05T23:06:10+00:00,10080.55,43750,51750,45250,43750,42750,44250,45750,43250,48500,183.11,0.50,1500000,2.77,26.23,38.77,1003,862,112,38,10.23,2,0,41,14.93,2,0,[N/A],[N/A],[N/A],[N/A],1,1,"%CPU COMMAND; 659 python3; 181 vllm;95.9 opencode; 4.7 containerd; 2.0 nvtop;"
1788649572,2026-09-05T23:06:12+00:00,10082.28,43750,51625,45000,44250,42500,44000,44750,42500,51500,190.92,0.73,2730981,2.77,26.23,38.77,1003,862,112,38,11.02,2,0,41,15.58,2,0,[N/A],[N/A],[N/A],[N/A],1,1,"%CPU COMMAND; 273 python3; 166 vllm;95.9 opencode; 4.7 containerd; 2.0 nvtop;"
1788649574,2026-09-05T23:06:14+00:00,10084.01,44000,51375,43750,43750,42500,43250,46000,42500,51000,180.40,0.42,1500000,2.77,26.23,38.77,1003,862,112,38,10.51,2,0,41,14.84,2,0,[N/A],[N/A],[N/A],[N/A],1,1,"%CPU COMMAND; 202 python3; 154 vllm;95.9 opencode; 4.7 containerd; 2.0 nvtop;"
1788649575,2026-09-05T23:06:15+00:00,10085.76,50000,51250,45250,44000,43000,43500,44250,43000,45500,178.46,0.47,1500000,2.71,25.83,38.57,1003,862,112,38,9.12,2,0,41,14.17,2,0,[N/A],[N/A],[N/A],[N/A],1,1,"%CPU COMMAND; 172 python3; 143 vllm;95.9 opencode; 4.7 containerd; 2.0 nvtop;"
1788649577,2026-09-05T23:06:17+00:00,10087.50,51500,51125,44750,43250,42500,43250,44750,43000,44250,186.13,0.46,1500000,2.71,25.83,38.57,1003,862,112,38,10.30,2,0,41,14.48,2,0,[N/A],[N/A],[N/A],[N/A],1,1,"%CPU COMMAND; 265 python3; 133 vllm;95.9 opencode; 4.7 containerd; 2.0 nvtop;"
1788649579,2026-09-05T23:06:19+00:00,10089.26,44000,51125,45500,43500,44250,44250,45500,44750,45000,210.09,0.83,2714792,2.71,25.83,38.57,1003,861,112,38,11.36,4,0,41,17.07,4,0,[N/A],[N/A],[N/A],[N/A],1,1,"%CPU COMMAND; 235 python3; 125 vllm;95.9 opencode; 4.7 containerd; 2.0 nvtop;"
1788649581,2026-09-05T23:06:21+00:00,10090.95,43250,51375,44750,43750,42750,43750,45000,42250,51500,176.90,0.39,1500000,2.81,25.47,38.38,1003,861,112,38,12.54,4,0,41,19.00,4,0,[N/A],[N/A],[N/A],[N/A],1,1,"%CPU COMMAND; 400 ps; 212 python3; 117 vllm;95.9 opencode; 4.7 containerd;"
1788649582,2026-09-05T23:06:22+00:00,10092.87,52250,51750,45000,43750,43250,43750,45250,43250,49750,205.49,0.47,1500000,2.81,25.47,38.38,1003,861,112,38,10.41,4,0,41,16.80,4,0,[N/A],[N/A],[N/A],[N/A],1,1,"%CPU COMMAND; 945 python3; 570 python3; 192 python3; 110 vllm;95.9 opencode;"
1788649584,2026-09-05T23:06:24+00:00,10094.78,44000,52125,45250,44750,43750,44250,45500,44000,46250,248.63,1.78,1500000,2.91,25.11,38.20,1003,861,112,38,9.91,4,0,41,16.76,4,0,[N/A],[N/A],[N/A],[N/A],1,1,"%CPU COMMAND; 105 vllm;95.9 opencode; 4.7 containerd; 2.0 nvtop; 1.7 dcgm-exporter;"
1788649586,2026-09-05T23:06:26+00:00,10096.64,45000,51500,44500,43500,44000,44000,45000,44500,44250,187.45,0.40,1500000,2.91,25.11,38.20,1003,862,112,38,13.03,4,0,41,20.18,4,0,[N/A],[N/A],[N/A],[N/A],1,2,"%CPU COMMAND; 104 vllm;95.9 opencode; 4.7 containerd; 2.0 nvtop; 1.7 dcgm-exporter;"
1788649588,2026-09-05T23:06:28+00:00,10098.48,54250,51250,47750,43750,47750,50000,45000,45750,52500,200.60,0.74,3418517,2.91,25.11,38.20,1003,861,112,38,13.81,4,0,41,21.42,4,0,[N/A],[N/A],[N/A],[N/A],1,1,"%CPU COMMAND; 922 python3; 614 python3; 104 vllm;95.9 opencode; 4.7 containerd;"
1788649590,2026-09-05T23:06:30+00:00,10100.21,45000,52000,45000,44000,43750,44000,45250,42750,49750,224.56,1.08,1500000,2.91,24.75,38.01,1003,861,112,38,10.39,4,0,41,14.43,4,0,[N/A],[N/A],[N/A],[N/A],1,1,"%CPU COMMAND; 104 vllm;95.9 opencode; 4.7 containerd; 2.0 nvtop; 1.7 dcgm-exporter;"
1788649592,2026-09-05T23:06:32+00:00,10101.97,44500,52875,45250,43750,47750,44250,45750,43750,53250,188.51,0.43,1500000,2.91,24.75,38.01,1003,861,112,38,11.09,4,0,41,14.82,4,0,[N/A],[N/A],[N/A],[N/A],1,1,"%CPU COMMAND; 104 vllm;95.9 opencode; 4.7 containerd; 2.0 nvtop; 1.7 dcgm-exporter;"
1788649593,2026-09-05T23:06:33+00:00,10103.72,44500,53125,45250,43750,43000,44250,45000,43250,51000,187.43,0.40,2715055,2.91,24.75,38.01,1003,861,112,38,10.27,4,0,41,15.34,4,0,[N/A],[N/A],[N/A],[N/A],1,1,"%CPU COMMAND; 400 ps; 103 vllm;95.9 opencode; 4.7 containerd; 2.0 nvtop;"
1788649595,2026-09-05T23:06:35+00:00,10105.45,43750,53250,45000,44250,44000,43500,46250,43750,48750,182.61,0.40,1497038,3.08,24.42,37.83,1003,861,112,38,10.20,4,0,41,14.67,4,0,[N/A],[N/A],[N/A],[N/A],1,1,"%CPU COMMAND; 400 ps; 103 vllm;95.9 opencode; 4.7 containerd; 2.0 nvtop;"
1788649597,2026-09-05T23:06:37+00:00,10107.20,44000,53125,45250,43750,44000,44250,45000,44750,49750,185.92,0.43,1500000,3.08,24.42,37.83,1003,861,112,38,9.80,4,0,41,14.38,4,0,[N/A],[N/A],[N/A],[N/A],1,1,"%CPU COMMAND; 103 vllm;95.9 opencode; 4.7 containerd; 2.0 nvtop; 1.7 dcgm-exporter;"
1788649599,2026-09-05T23:06:39+00:00,10108.94,52500,53125,45250,43250,44250,44250,46750,43000,44500,184.62,0.39,1500000,3.08,24.42,37.83,1003,861,112,38,10.49,4,0,41,14.22,4,0,[N/A],[N/A],[N/A],[N/A],1,1,"%CPU COMMAND; 103 vllm;96.0 opencode; 4.7 containerd; 2.0 nvtop; 1.7 dcgm-exporter;"
1788649600,2026-09-05T23:06:40+00:00,10110.69,43750,52875,44250,44000,43250,43750,45500,44250,50500,195.70,0.79,1769816,2.99,24.04,37.64,1003,861,112,38,11.31,4,0,41,15.40,4,0,[N/A],[N/A],[N/A],[N/A],1,1,"%CPU COMMAND; 407 python3; 400 ps;99.8 vllm;96.0 opencode; 4.7 containerd;"
1788649602,2026-09-05T23:06:42+00:00,10112.42,51500,52375,45000,44000,43500,44000,44500,44000,43750,177.44,0.43,1500000,2.99,24.04,37.64,1003,860,112,38,11.21,4,0,41,15.11,4,0,[N/A],[N/A],[N/A],[N/A],1,1,"%CPU COMMAND; 248 python3;96.5 vllm;96.0 opencode; 4.7 containerd; 2.0 nvtop;"
1788649604,2026-09-05T23:06:44+00:00,10114.19,52250,52375,44750,43750,44250,44000,44250,42500,44250,177.66,0.82,2734851,2.99,24.04,37.64,1003,860,112,38,10.00,4,0,41,14.96,4,0,[N/A],[N/A],[N/A],[N/A],1,1,"%CPU COMMAND; 400 ps; 197 python3;96.0 opencode;93.2 vllm; 4.7 containerd;"
1788649606,2026-09-05T23:06:46+00:00,10115.95,50500,52125,44250,43750,44250,44250,45000,42750,44000,180.61,0.44,3058351,2.99,23.70,37.45,1003,860,112,38,10.49,4,0,41,14.09,4,0,[N/A],[N/A],[N/A],[N/A],1,1,"%CPU COMMAND; 299 python3;96.0 opencode;90.3 vllm; 4.6 containerd; 2.0 nvtop;"
1788649607,2026-09-05T23:06:47+00:00,10117.69,48250,52000,45000,43250,42750,43750,46750,43250,44750,200.05,0.74,1494877,2.99,23.70,37.45,1003,860,112,38,12.01,4,0,41,14.84,4,0,[N/A],[N/A],[N/A],[N/A],1,1,"%CPU COMMAND; 257 python3;96.0 opencode;87.5 vllm; 4.6 containerd; 2.0 nvtop;"
1788649609,2026-09-05T23:06:49+00:00,10119.47,53750,52000,50500,50000,49750,50750,51750,49750,53250,202.69,0.61,3185314,3.16,23.38,37.28,1003,859,112,38,11.84,4,0,41,15.46,4,0,[N/A],[N/A],[N/A],[N/A],1,1,"%CPU COMMAND; 844 python3; 795 python3; 585 python3; 515 python3; 221 VLLM::EngineCor;"
1788649611,2026-09-05T23:06:51+00:00,10121.23,44750,52375,45250,43750,43250,43500,45500,50750,52000,239.68,2.44,1500000,3.16,23.38,37.28,1003,859,112,38,11.34,4,0,41,15.19,4,0,[N/A],[N/A],[N/A],[N/A],1,1,"%CPU COMMAND; 400 ps; 344 python3; 245 python3; 189 VLLM::EngineCor;96.0 opencode;"
1788649613,2026-09-05T23:06:53+00:00,10122.98,52750,52375,45500,43750,43500,44750,45000,43750,52000,190.78,0.47,1500000,3.16,23.38,37.28,1003,859,112,38,11.39,4,0,41,14.23,4,0,[N/A],[N/A],[N/A],[N/A],1,1,"%CPU COMMAND; 250 python3; 189 python3; 166 VLLM::EngineCor;96.0 opencode;80.1 vllm;"
1788649614,2026-09-05T23:06:54+00:00,10124.71,49250,52375,45250,43500,43250,43500,46500,43250,52500,198.23,0.76,1500000,3.14,23.05,37.09,1003,859,112,38,10.40,4,0,41,15.37,4,0,[N/A],[N/A],[N/A],[N/A],1,1,"%CPU COMMAND; 207 python3; 163 python3; 147 VLLM::EngineCor;95.9 opencode;77.9 vllm;"
1788649616,2026-09-05T23:06:56+00:00,10126.45,51750,52375,44750,46000,43250,44250,45500,43750,52750,188.97,0.53,1500000,3.14,23.05,37.09,1003,859,112,38,11.14,4,0,41,14.90,4,0,[N/A],[N/A],[N/A],[N/A],1,1,"%CPU COMMAND; 243 python3; 228 python3; 132 VLLM::EngineCor;95.9 opencode;75.8 vllm;"
1788649618,2026-09-05T23:06:58+00:00,10128.19,46500,52875,45500,44000,43750,44250,45000,43500,46250,213.26,0.65,1500000,3.14,23.05,37.09,1003,859,112,38,9.79,4,0,41,14.49,4,0,[N/A],[N/A],[N/A],[N/A],1,1,"%CPU COMMAND; 216 python3; 204 python3; 120 VLLM::EngineCor;95.9 opencode;73.8 vllm;"
1788649620,2026-09-05T23:07:00+00:00,10129.97,51750,53500,47500,48250,49250,45750,46500,44500,52750,252.60,1.42,1500000,3.45,22.78,36.93,1003,858,112,38,10.61,4,0,41,14.14,4,0,[N/A],[N/A],[N/A],[N/A],1,1,"%CPU COMMAND; 646 python3; 589 python3; 554 python3; 434 python3; 400 ps;"
1788649621,2026-09-05T23:07:01+00:00,10131.72,48750,53250,46000,44750,44250,45000,47500,43750,51000,224.19,3.42,1500000,3.45,22.78,36.93,1003,857,112,38,17.59,784,0,41,26.44,704,3,[N/A],[N/A],[N/A],[N/A],4,4,"%CPU COMMAND; 186 VLLM::Worker; 178 VLLM::Worker; 103 VLLM::EngineCor;95.9 opencode;70.4 vllm;"
1788649623,2026-09-05T23:07:03+00:00,10133.22,49500,53375,45250,44500,46750,44250,46000,44250,53000,191.59,0.97,2738907,3.45,22.78,36.93,1003,857,112,39,60.05,38376,1,42,60.44,40538,0,[N/A],[N/A],[N/A],[N/A],4,4,"%CPU COMMAND; 468 python3; 400 ps; 183 VLLM::Worker_TP; 175 VLLM::Worker_TP;96.4 VLLM::EngineCor;"
1788649624,2026-09-05T23:07:04+00:00,10134.73,47500,53500,47750,52000,48250,48000,48500,46000,51750,221.11,3.05,3291135,9.34,23.68,37.15,1003,856,112,39,59.81,40538,3,42,61.66,40538,0,[N/A],[N/A],[N/A],[N/A],4,4,"%CPU COMMAND; 561 VLLM::Worker_TP; 519 VLLM::Worker_TP; 273 python3;95.9 opencode;90.6 VLLM::EngineCor;"
1788649626,2026-09-05T23:07:06+00:00,10136.30,52000,53250,48250,48500,47500,47750,49250,47000,49250,266.89,1.87,3262801,9.34,23.68,37.15,1003,856,112,39,62.90,40538,1,42,68.64,40538,1,[N/A],[N/A],[N/A],[N/A],4,4,"%CPU COMMAND;1001 VLLM::Worker_TP; 948 VLLM::Worker_TP; 211 python3;95.9 opencode;85.4 VLLM::EngineCor;"
1788649627,2026-09-05T23:07:07+00:00,10137.87,53000,53125,51750,48250,48000,47500,49500,47250,48500,267.27,2.82,3268777,9.34,23.68,37.15,1003,856,112,40,64.35,40538,1,42,69.75,40538,1,[N/A],[N/A],[N/A],[N/A],4,4,"%CPU COMMAND;1365 VLLM::Worker_TP;1323 VLLM::Worker_TP; 600 ps; 181 python3;95.9 opencode;"
1788649629,2026-09-05T23:07:09+00:00,10139.47,49250,53125,50500,48000,48000,47500,49500,48000,51500,271.62,5.05,3266220,18.44,25.33,37.61,1003,856,112,40,64.23,40538,1,43,66.86,40538,1,[N/A],[N/A],[N/A],[N/A],4,4,"%CPU COMMAND;1673 VLLM::Worker_TP;1639 VLLM::Worker_TP; 164 python3;95.9 opencode;76.4 VLLM::EngineCor;"
1788649631,2026-09-05T23:07:11+00:00,10141.05,52000,53125,51000,49000,47750,47750,53000,48000,52250,268.26,2.22,3266216,18.44,25.33,37.61,1003,856,112,40,64.08,40538,1,43,68.67,40538,1,[N/A],[N/A],[N/A],[N/A],4,4,"%CPU COMMAND;1947 VLLM::Worker_TP;1913 VLLM::Worker_TP; 600 ps; 153 python3;95.9 opencode;"
1788649632,2026-09-05T23:07:12+00:00,10142.66,53000,53125,52750,49000,48750,47750,49500,48250,49500,270.85,1.91,3268672,18.44,25.33,37.61,1003,856,112,40,64.42,40538,1,43,70.17,40538,6,[N/A],[N/A],[N/A],[N/A],4,4,"%CPU COMMAND;2145 VLLM::Worker_TP;2097 VLLM::Worker_TP; 600 ps; 144 python3; 114 python3;"
1788649634,2026-09-05T23:07:14+00:00,10144.21,48500,53875,53500,49250,52000,52750,50750,48250,52000,275.94,2.35,3244372,18.44,25.33,37.61,1003,855,112,40,61.34,40538,0,43,65.07,40538,0,[N/A],[N/A],[N/A],[N/A],4,4,"%CPU COMMAND;2322 VLLM::Worker_TP;2260 VLLM::Worker_TP; 398 python3; 342 python3; 139 python3;"
1788649635,2026-09-05T23:07:15+00:00,10145.79,48500,54000,49750,49500,49250,48500,52000,48500,53000,277.80,1.90,3261521,26.26,26.83,38.03,1003,856,112,40,63.03,41003,0,43,67.10,40538,1,[N/A],[N/A],[N/A],[N/A],4,4,"%CPU COMMAND;2509 VLLM::Worker_TP;2443 VLLM::Worker_TP; 134 python3;95.8 opencode;63.1 VLLM::EngineCor;"
1788649637,2026-09-05T23:07:17+00:00,10147.41,48500,53750,49250,50250,48750,48500,50250,49250,53000,272.04,1.91,3268825,26.26,26.83,38.03,1003,857,112,41,65.59,40538,1,43,66.41,40538,0,[N/A],[N/A],[N/A],[N/A],4,4,"%CPU COMMAND;2655 VLLM::Worker_TP;2606 VLLM::Worker_TP; 127 python3;95.8 opencode;60.5 VLLM::EngineCor;"
1788649639,2026-09-05T23:07:19+00:00,10148.96,53000,53625,49500,49250,48250,48250,50750,49000,49750,265.16,1.88,3268777,26.26,26.83,38.03,1003,857,112,41,66.40,40538,1,44,67.68,40538,1,[N/A],[N/A],[N/A],[N/A],4,4,"%CPU COMMAND;2796 VLLM::Worker_TP;2759 VLLM::Worker_TP; 115 python3;95.8 opencode;58.1 VLLM::EngineCor;"
1788649640,2026-09-05T23:07:20+00:00,10150.55,49000,53500,49750,49250,50000,53000,50250,48750,53000,269.69,1.90,3268787,33.28,28.28,38.44,1003,857,112,41,64.00,40538,0,44,70.26,40538,1,[N/A],[N/A],[N/A],[N/A],4,4,"%CPU COMMAND;2930 VLLM::Worker_TP;2889 VLLM::Worker_TP; 105 python3;95.8 opencode;55.8 VLLM::EngineCor;"
1788649642,2026-09-05T23:07:22+00:00,10152.20,48500,54375,49500,49750,48500,48750,50750,49000,53000,278.31,1.97,3268774,33.28,28.28,38.44,1003,857,112,41,66.65,40538,1,44,67.88,40538,0,[N/A],[N/A],[N/A],[N/A],4,4,"%CPU COMMAND;3043 VLLM::Worker_TP;3009 VLLM::Worker_TP;97.0 python3;95.8 opencode;54.5 vllm;"
1788649643,2026-09-05T23:07:23+00:00,10153.76,49250,54250,50000,49750,48750,50000,50500,49000,53500,266.40,1.87,3256232,33.28,28.28,38.44,1003,857,112,41,66.47,40538,1,44,72.12,40538,1,[N/A],[N/A],[N/A],[N/A],4,4,"%CPU COMMAND;3146 VLLM::Worker_TP;3121 VLLM::Worker_TP;95.8 opencode;90.0 python3;53.6 vllm;"
1788649645,2026-09-05T23:07:25+00:00,10155.33,53750,54250,49500,49500,50000,49500,51000,48750,51000,266.78,1.87,3268718,39.67,29.69,38.84,1003,857,112,41,66.63,40538,1,44,66.63,40538,1,[N/A],[N/A],[N/A],[N/A],4,4,"%CPU COMMAND;3243 VLLM::Worker_TP;3226 VLLM::Worker_TP;95.8 opencode;83.9 python3;52.7 vllm;"
1788649647,2026-09-05T23:07:27+00:00,10156.95,52750,54250,50500,49500,52750,49000,50750,49250,53250,273.90,1.93,3268785,39.67,29.69,38.84,1003,857,112,41,64.79,40538,1,44,68.29,40538,1,[N/A],[N/A],[N/A],[N/A],4,4,"%CPU COMMAND;3332 VLLM::Worker_TP;3315 VLLM::Worker_TP;95.8 opencode;78.6 python3;51.8 vllm;"
1788649648,2026-09-05T23:07:28+00:00,10158.51,51000,54375,50000,50000,48750,49250,51000,48750,54000,264.34,1.86,3268787,39.67,29.69,38.84,1003,857,112,42,64.89,40538,1,45,72.33,40538,1,[N/A],[N/A],[N/A],[N/A],4,4,"%CPU COMMAND;3417 VLLM::Worker_TP;3398 VLLM::Worker_TP;95.8 opencode;74.0 python3;51.0 vllm;"
1788649650,2026-09-05T23:07:30+00:00,10160.07,49250,54375,52500,50500,52500,49250,50500,48750,53250,265.78,1.85,3268836,46.10,31.19,39.27,1003,857,112,42,64.83,40538,1,45,68.17,40538,0,[N/A],[N/A],[N/A],[N/A],4,4,"%CPU COMMAND;3491 VLLM::Worker_TP;3474 VLLM::Worker_TP; 500 ps;95.8 opencode;69.8 python3;"
1788649651,2026-09-05T23:07:31+00:00,10161.67,49500,54250,50750,50500,51000,49500,51250,50500,53500,272.05,1.95,3256994,46.10,31.19,39.27,1003,857,112,42,65.99,40538,1,45,68.11,40538,1,[N/A],[N/A],[N/A],[N/A],4,4,"%CPU COMMAND;3567 VLLM::Worker_TP;3551 VLLM::Worker_TP;95.8 opencode;66.0 python3;49.3 vllm;"
1788649653,2026-09-05T23:07:33+00:00,10163.31,51250,54125,50000,50000,53250,49250,51000,49000,54250,276.55,1.94,3268816,46.10,31.19,39.27,1003,857,112,42,65.97,40538,1,45,66.19,40538,0,[N/A],[N/A],[N/A],[N/A],4,4,"%CPU COMMAND;3621 VLLM::Worker_TP;3618 VLLM::Worker_TP;95.8 opencode;62.7 python3;48.6 vllm;"
1788649654,2026-09-05T23:07:34+00:00,10164.89,50000,54250,50250,50250,49250,54000,50750,49000,54250,271.20,1.91,3268780,47.05,31.63,39.37,1003,857,112,42,65.80,40538,1,45,70.57,40538,1,[N/A],[N/A],[N/A],[N/A],4,4,"%CPU COMMAND;3686 VLLM::Worker_TP;3686 VLLM::Worker_TP;95.8 opencode;59.6 python3;47.8 vllm;"
1788649656,2026-09-05T23:07:36+00:00,10166.55,49500,54500,49750,50500,50500,53750,51250,49250,54250,281.48,2.00,3254750,47.05,31.63,39.37,1003,857,112,42,64.14,40538,1,45,71.69,40538,1,[N/A],[N/A],[N/A],[N/A],4,4,"%CPU COMMAND;3745 VLLM::Worker_TP;3708 VLLM::Worker_TP;95.8 opencode;56.9 python3;47.1 vllm;"
1788649658,2026-09-05T23:07:38+00:00,10168.11,49750,54750,50250,50750,50750,50000,51750,49000,53250,261.72,1.83,3248627,47.05,31.63,39.37,1003,857,112,42,65.55,40538,1,45,71.41,40538,1,[N/A],[N/A],[N/A],[N/A],4,4,"%CPU COMMAND;3802 VLLM::Worker_TP;3767 VLLM::Worker_TP;95.8 opencode;54.3 python3;46.4 vllm;"
1788649659,2026-09-05T23:07:39+00:00,10169.76,49500,54750,50750,51000,50750,50000,51000,51750,54000,279.90,1.94,3268753,52.33,32.98,39.77,1003,857,112,43,67.07,40538,2,45,63.35,40538,0,[N/A],[N/A],[N/A],[N/A],4,4,"%CPU COMMAND;3820 VLLM::Worker_TP;3813 VLLM::Worker_TP;95.8 opencode;52.0 python3;45.7 vllm;"
1788649661,2026-09-05T23:07:41+00:00,10171.35,49750,54750,51000,50250,52000,54000,51250,49750,51250,270.47,1.90,3268832,52.33,32.98,39.77,1003,857,112,43,66.29,40538,1,45,66.99,40538,1,[N/A],[N/A],[N/A],[N/A],4,4,"%CPU COMMAND;3868 VLLM::Worker_TP;3857 VLLM::Worker_TP;95.8 opencode;50.0 python3;45.0 vllm;"
1788649663,2026-09-05T23:07:43+00:00,10172.92,50250,54625,51000,50500,49000,49750,51500,49750,54750,267.09,1.89,3268782,52.33,32.98,39.77,1003,857,112,43,65.26,40538,1,46,73.75,40538,1,[N/A],[N/A],[N/A],[N/A],4,4,"%CPU COMMAND;3917 VLLM::Worker_TP;3907 VLLM::Worker_TP;95.8 opencode;48.0 python3;44.4 vllm;"
1788649664,2026-09-05T23:07:44+00:00,10174.53,49750,54750,50500,50750,51500,49750,51500,49500,54000,269.36,1.95,3259483,57.43,34.36,40.18,1003,857,112,43,65.78,40538,0,46,72.43,40538,1,[N/A],[N/A],[N/A],[N/A],4,4,"%CPU COMMAND;3960 VLLM::Worker_TP;3952 VLLM::Worker_TP;95.7 opencode;46.2 python3;43.8 vllm;"
1788649666,2026-09-05T23:07:46+00:00,10176.12,49750,54875,50500,51500,51000,50000,51750,49750,55000,269.01,1.91,3268808,57.43,34.36,40.18,1003,857,112,43,65.70,40538,1,46,71.54,40538,1,[N/A],[N/A],[N/A],[N/A],4,4,"%CPU COMMAND;4004 VLLM::Worker_TP;3997 VLLM::Worker_TP;95.7 opencode;44.5 python3;43.1 vllm;"
1788649667,2026-09-05T23:07:47+00:00,10177.76,54750,54750,50750,50500,50500,51250,52000,50000,53000,279.48,1.99,3268754,57.43,34.36,40.18,1003,857,112,43,65.83,40538,1,46,70.53,40538,1,[N/A],[N/A],[N/A],[N/A],4,4,"%CPU COMMAND;4042 VLLM::Worker_TP;4036 VLLM::Worker_TP; 600 ps;95.7 opencode;42.9 python3;"
1788649669,2026-09-05T23:07:49+00:00,10179.38,54000,54750,51000,51000,50000,50250,52250,50000,54750,276.00,1.99,3266230,61.80,35.65,40.57,1003,857,112,43,65.16,40538,1,46,73.07,40538,1,[N/A],[N/A],[N/A],[N/A],4,4,"%CPU COMMAND;4081 VLLM::Worker_TP;4076 VLLM::Worker_TP;95.7 opencode;42.0 vllm;41.5 python3;"
1788649671,2026-09-05T23:07:51+00:00,10181.02,53750,54875,51000,50500,50000,50250,52250,49500,54750,277.04,2.00,3266196,61.80,35.65,40.57,1003,857,112,43,66.77,40538,1,46,69.19,40538,0,[N/A],[N/A],[N/A],[N/A],4,4,"%CPU COMMAND;4116 VLLM::Worker_TP;4111 VLLM::Worker_TP;95.7 opencode;41.4 vllm;40.1 python3;"
1788649672,2026-09-05T23:07:52+00:00,10182.64,50500,54750,51250,50500,49750,51250,51500,49750,54000,273.86,1.92,3257408,61.80,35.65,40.57,1003,857,112,44,65.12,40538,1,46,70.23,40538,1,[N/A],[N/A],[N/A],[N/A],4,4,"%CPU COMMAND;4150 VLLM::Worker_TP;4147 VLLM::Worker_TP;95.7 opencode;40.8 vllm;38.8 python3;"
1788649674,2026-09-05T23:07:54+00:00,10184.28,50500,54875,51250,51000,50250,50250,52250,50500,54750,279.64,1.98,3250691,61.80,35.65,40.57,1003,857,112,44,65.56,40538,1,47,71.93,40538,1,[N/A],[N/A],[N/A],[N/A],4,4,"%CPU COMMAND;4182 VLLM::Worker_TP;4175 VLLM::Worker_TP;95.7 opencode;40.3 vllm;37.6 python3;"
1788649675,2026-09-05T23:07:55+00:00,10185.87,50750,54750,51500,51500,50500,54000,52000,50000,53250,267.84,1.89,3257600,66.54,37.07,41.00,1003,857,112,44,66.36,40538,1,47,67.99,40538,1,[N/A],[N/A],[N/A],[N/A],4,4,"%CPU COMMAND;4210 VLLM::Worker_TP;4207 VLLM::Worker_TP;95.7 opencode;39.8 vllm;36.5 python3;"
1788649677,2026-09-05T23:07:57+00:00,10187.45,53000,54750,51250,50750,50500,53750,52250,50750,52000,269.02,1.90,3268793,66.54,37.07,41.00,1003,857,112,44,64.66,40538,0,47,70.89,40538,1,[N/A],[N/A],[N/A],[N/A],4,4,"%CPU COMMAND;4234 VLLM::Worker_TP;4233 VLLM::Worker_TP;95.7 opencode;39.3 vllm;35.5 python3;"
1788649679,2026-09-05T23:07:59+00:00,10189.05,54250,54875,51500,50500,51750,51500,51750,50500,54750,272.59,1.94,3266275,66.54,37.07,41.00,1003,857,112,44,66.29,40538,1,47,71.54,40538,1,[N/A],[N/A],[N/A],[N/A],4,4,"%CPU COMMAND;4262 VLLM::Worker_TP;4261 VLLM::Worker_TP;95.7 opencode;38.8 vllm;34.5 python3;"
1788649680,2026-09-05T23:08:00+00:00,10190.63,54750,54875,51250,50750,50250,51750,52000,50500,54000,266.29,1.88,3260928,70.90,38.46,41.43,1003,857,112,44,64.93,40538,1,47,70.66,40538,1,[N/A],[N/A],[N/A],[N/A],4,4,"%CPU COMMAND;4287 VLLM::Worker_TP;4287 VLLM::Worker_TP;95.7 opencode;38.3 vllm;33.6 python3;"
1788649682,2026-09-05T23:08:02+00:00,10192.19,52500,54875,51500,51000,50750,52750,51750,50250,52000,262.61,1.82,3266178,70.90,38.46,41.43,1003,857,112,44,63.22,40538,0,47,74.48,40538,1,[N/A],[N/A],[N/A],[N/A],4,4,"%CPU COMMAND;4306 VLLM::Worker_TP;4286 VLLM::Worker_TP;95.7 opencode;37.9 vllm;32.7 python3;"
1788649683,2026-09-05T23:08:03+00:00,10193.77,55250,55375,52000,51500,50750,52000,52500,50500,54750,267.31,1.91,3268802,70.90,38.46,41.43,1003,857,112,44,67.17,40538,2,47,67.86,40538,1,[N/A],[N/A],[N/A],[N/A],4,4,"%CPU COMMAND;4314 VLLM::Worker_TP;4313 VLLM::Worker_TP;95.6 opencode;37.4 vllm;31.8 python3;"
1788649685,2026-09-05T23:08:05+00:00,10195.39,55250,55375,51250,51250,50500,52250,52250,50000,52750,271.58,1.93,3264439,74.36,39.72,41.82,1003,857,112,44,66.66,40538,1,47,68.73,40538,1,[N/A],[N/A],[N/A],[N/A],4,4,"%CPU COMMAND;4337 VLLM::Worker_TP;4337 VLLM::Worker_TP; 600 ps;95.6 opencode;37.0 vllm;"
1788649687,2026-09-05T23:08:07+00:00,10196.97,54750,55375,51000,51250,50500,50250,52250,50500,56500,271.29,1.92,3241306,74.36,39.72,41.82,1003,857,112,45,66.31,40538,1,48,73.65,40538,1,[N/A],[N/A],[N/A],[N/A],4,4,"%CPU COMMAND;4360 VLLM::Worker_TP;4360 VLLM::Worker_TP; 600 ps;95.6 opencode;36.5 vllm;"
1788649688,2026-09-05T23:08:08+00:00,10198.57,53750,55250,51750,51500,50000,52750,52000,51000,54750,269.31,1.90,3265129,74.36,39.72,41.82,1003,857,112,45,66.93,40538,0,47,65.71,40538,1,[N/A],[N/A],[N/A],[N/A],4,4,"%CPU COMMAND;4382 VLLM::Worker_TP;4377 VLLM::Worker_TP; 500 ps;95.6 opencode;36.1 vllm;"
1788649690,2026-09-05T23:08:10+00:00,10200.14,53500,55000,52000,51250,51000,53500,53500,51000,53250,266.57,1.87,3266239,78.17,41.08,42.25,1003,857,112,45,65.36,40538,1,48,69.76,40538,1,[N/A],[N/A],[N/A],[N/A],4,4,"%CPU COMMAND;4401 VLLM::Worker_TP;4394 VLLM::Worker_TP; 500 ps;95.6 opencode;35.7 vllm;"
1788649691,2026-09-05T23:08:11+00:00,10201.72,54250,55125,51750,51750,50750,51000,52500,50250,54000,272.64,1.89,3261601,78.17,41.08,42.25,1003,857,112,45,66.56,40538,1,48,67.10,40538,1,[N/A],[N/A],[N/A],[N/A],4,4,"%CPU COMMAND;4421 VLLM::Worker_TP;4414 VLLM::Worker_TP;95.6 opencode;35.3 vllm;28.2 python3;"
1788649693,2026-09-05T23:08:13+00:00,10203.37,50750,55000,51750,51500,53000,51000,54000,52750,52500,282.39,1.96,3243673,78.17,41.08,42.25,1003,857,112,45,65.51,40538,1,48,68.82,40538,0,[N/A],[N/A],[N/A],[N/A],4,4,"%CPU COMMAND;4437 VLLM::Worker_TP;4428 VLLM::Worker_TP;95.6 opencode;34.9 vllm;27.6 python3;"
1788649694,2026-09-05T23:08:14+00:00,10204.90,50500,54875,51750,52000,50000,50500,54250,51250,52000,263.71,1.83,3259474,80.96,42.28,42.63,1003,857,112,45,65.20,40538,1,48,69.78,40538,1,[N/A],[N/A],[N/A],[N/A],4,4,"%CPU COMMAND;4454 VLLM::Worker_TP;4446 VLLM::Worker_TP; 500 ps;95.6 opencode;34.5 vllm;"
1788649696,2026-09-05T23:08:16+00:00,10206.48,53000,54750,51750,51750,50500,50500,52750,52750,55250,271.34,1.87,3268747,80.96,42.28,42.63,1003,857,112,45,65.41,40538,0,48,71.37,40538,0,[N/A],[N/A],[N/A],[N/A],4,4,"%CPU COMMAND;4468 VLLM::Worker_TP;4463 VLLM::Worker_TP; 600 ps;95.5 opencode;34.1 vllm;"
1788649698,2026-09-05T23:08:18+00:00,10208.10,55000,54875,52000,51250,51000,50500,53000,54000,54500,282.02,1.95,3268814,80.96,42.28,42.63,1003,857,112,45,65.31,40538,1,48,71.03,40538,1,[N/A],[N/A],[N/A],[N/A],4,4,"%CPU COMMAND;4483 VLLM::Worker_TP;4481 VLLM::Worker_TP;95.5 opencode;33.8 vllm;25.9 python3;"
1788649699,2026-09-05T23:08:19+00:00,10209.70,52750,55125,54000,51750,51500,50500,52250,52250,55250,273.49,1.89,3248957,83.69,43.48,43.02,1003,857,112,45,65.74,40538,1,48,69.39,40538,0,[N/A],[N/A],[N/A],[N/A],4,4,"%CPU COMMAND;4497 VLLM::Worker_TP;4494 VLLM::Worker_TP;95.5 opencode;33.4 vllm;25.3 python3;"
1788649701,2026-09-05T23:08:21+00:00,10211.27,55500,55000,53250,51750,50500,51500,52250,51250,55000,269.07,1.87,3268824,83.69,43.48,43.02,1003,857,112,45,65.92,40538,0,48,68.83,40538,1,[N/A],[N/A],[N/A],[N/A],4,4,"%CPU COMMAND;4510 VLLM::Worker_TP;4510 VLLM::Worker_TP;95.5 opencode;33.1 vllm;24.8 python3;"
1788649702,2026-09-05T23:08:22+00:00,10212.83,54500,55000,51750,52000,50750,52250,52500,53750,53000,267.41,1.85,3253395,83.69,43.48,43.02,1003,857,112,45,65.23,40538,0,48,68.16,40538,0,[N/A],[N/A],[N/A],[N/A],4,4,"%CPU COMMAND;4525 VLLM::Worker_TP;4520 VLLM::Worker_TP;95.5 opencode;32.7 vllm;24.3 python3;"
1788649704,2026-09-05T23:08:24+00:00,10214.43,54000,55125,52000,51750,53500,52500,53250,51500,52500,275.40,1.96,3252732,86.75,44.79,43.44,1003,857,112,46,66.58,40538,1,48,68.76,40538,0,[N/A],[N/A],[N/A],[N/A],4,4,"%CPU COMMAND;4538 VLLM::Worker_TP;4534 VLLM::Worker_TP;95.5 opencode;32.4 vllm;23.9 python3;"
1788649706,2026-09-05T23:08:26+00:00,10216.05,54500,55000,52750,55750,54250,51250,52250,51000,51750,278.05,1.94,3268835,86.75,44.79,43.44,1003,857,112,46,65.24,40538,1,49,70.05,40538,1,[N/A],[N/A],[N/A],[N/A],4,4,"%CPU COMMAND;4549 VLLM::Worker_TP;4549 VLLM::Worker_TP;95.5 opencode;32.0 vllm;23.4 python3;"
1788649707,2026-09-05T23:08:27+00:00,10217.64,55750,55125,52250,52250,50500,52250,53750,51250,52250,272.71,2.09,3268768,86.75,44.79,43.44,1003,857,112,46,66.40,40538,1,49,68.32,40538,0,[N/A],[N/A],[N/A],[N/A],4,4,"%CPU COMMAND;4562 VLLM::Worker_TP;4560 VLLM::Worker_TP;95.5 opencode;31.7 vllm;23.0 python3;"
1788649709,2026-09-05T23:08:29+00:00,10219.23,55500,55250,54500,51250,51750,50750,53250,52000,55000,275.24,1.88,3268801,86.75,44.79,43.44,1003,857,112,46,65.58,40538,0,49,69.92,40538,0,[N/A],[N/A],[N/A],[N/A],4,4,"%CPU COMMAND;4572 VLLM::Worker_TP;4552 VLLM::Worker_TP;95.5 opencode;31.4 vllm;22.6 python3;"
1788649710,2026-09-05T23:08:30+00:00,10220.77,57750,55750,54250,51750,50500,50250,53000,50250,52250,264.86,1.83,3268803,89.74,46.10,43.88,1003,857,112,46,64.40,40538,0,49,72.56,40538,1,[N/A],[N/A],[N/A],[N/A],4,4,"%CPU COMMAND;4566 VLLM::Worker_TP;4560 VLLM::Worker_TP;95.5 opencode;31.1 vllm;22.2 python3;"
1788649712,2026-09-05T23:08:32+00:00,10222.30,53500,55750,52250,52250,51750,51250,55000,51250,55500,265.13,2.20,3243834,89.74,46.10,43.88,1003,857,112,46,66.46,40538,1,49,68.32,40538,1,[N/A],[N/A],[N/A],[N/A],4,4,"%CPU COMMAND;4580 VLLM::Worker_TP;4575 VLLM::Worker_TP;95.5 opencode;30.8 vllm;21.8 python3;"
1788649714,2026-09-05T23:08:34+00:00,10223.94,53750,55875,52500,52000,51000,51250,53500,53000,55250,284.09,2.60,3245168,89.74,46.10,43.88,1003,857,112,46,65.99,40538,1,49,67.65,40538,1,[N/A],[N/A],[N/A],[N/A],4,4,"%CPU COMMAND;4586 VLLM::Worker_TP;4584 VLLM::Worker_TP; 600 ps;95.5 opencode;30.5 vllm;"
1788649715,2026-09-05T23:08:35+00:00,10225.52,52000,56000,52500,52500,52500,53500,53250,53500,54000,271.80,2.58,3266170,92.32,47.36,44.30,1003,857,112,46,67.64,40538,0,49,69.07,40538,0,[N/A],[N/A],[N/A],[N/A],4,4,"%CPU COMMAND;4598 VLLM::Worker_TP;4597 VLLM::Worker_TP;95.5 opencode;30.2 vllm;21.0 python3;"
1788649717,2026-09-05T23:08:37+00:00,10227.13,51750,55875,52000,52000,50750,53750,52500,52750,54000,277.22,2.03,3263690,92.32,47.36,44.30,1003,857,112,46,67.40,40538,1,49,67.38,40538,0,[N/A],[N/A],[N/A],[N/A],4,4,"%CPU COMMAND;4610 VLLM::Worker_TP;4607 VLLM::Worker_TP;95.5 opencode;29.9 vllm;20.7 python3;"
1788649718,2026-09-05T23:08:38+00:00,10228.73,55500,55750,52500,51750,50750,52250,54750,51500,52500,272.35,2.00,3268772,92.32,47.36,44.30,1003,857,112,46,66.02,40538,0,49,72.86,40538,1,[N/A],[N/A],[N/A],[N/A],4,4,"%CPU COMMAND;4619 VLLM::Worker_TP;4618 VLLM::Worker_TP; 500 ps;95.5 opencode;29.6 vllm;"
1788649720,2026-09-05T23:08:40+00:00,10230.32,51000,55750,52000,52000,52500,54000,52750,51750,55000,271.67,1.91,3241285,94.06,48.47,44.67,1003,857,112,46,67.10,40538,1,49,68.39,40538,1,[N/A],[N/A],[N/A],[N/A],4,4,"%CPU COMMAND;4630 VLLM::Worker_TP;4628 VLLM::Worker_TP; 600 ps;95.4 opencode;29.3 vllm;"
1788649721,2026-09-05T23:08:41+00:00,10231.86,52250,55750,52000,51500,52500,52500,53000,51250,56250,261.16,1.97,3243945,94.06,48.47,44.67,1003,857,112,47,66.45,40538,1,49,68.83,40538,1,[N/A],[N/A],[N/A],[N/A],4,4,"%CPU COMMAND;4640 VLLM::Worker_TP;4638 VLLM::Worker_TP;95.4 opencode;29.1 vllm;19.7 python3;"
1788649723,2026-09-05T23:08:43+00:00,10233.43,54750,55750,52000,52000,51500,52500,52750,51000,53250,265.75,1.86,3268738,94.06,48.47,44.67,1003,857,112,47,66.12,40538,1,50,68.46,40538,1,[N/A],[N/A],[N/A],[N/A],4,4,"%CPU COMMAND;4652 VLLM::Worker_TP;4648 VLLM::Worker_TP;95.4 opencode;28.8 vllm;19.4 python3;"
1788649725,2026-09-05T23:08:45+00:00,10235.05,53000,55750,52500,52000,53000,51250,53250,51500,54500,276.26,1.95,3268760,95.57,49.54,45.04,1003,857,112,47,66.97,40538,1,50,70.61,40538,1,[N/A],[N/A],[N/A],[N/A],4,4,"%CPU COMMAND;4661 VLLM::Worker_TP;4658 VLLM::Worker_TP; 600 ps;95.4 opencode;28.5 vllm;"
1788649726,2026-09-05T23:08:46+00:00,10236.63,53750,55875,52750,52000,54500,51750,53250,51750,56500,271.63,1.91,3260451,95.57,49.54,45.04,1003,857,112,47,67.13,40538,1,50,70.66,40538,1,[N/A],[N/A],[N/A],[N/A],4,4,"%CPU COMMAND;4654 VLLM::Worker_TP;4651 VLLM::Worker_TP;95.4 opencode;28.4 vllm;18.8 python3;"
1788649728,2026-09-05T23:08:48+00:00,10238.21,48500,55375,49250,49500,54000,48250,50000,47750,49500,184.01,0.69,2714864,95.57,49.54,45.04,1003,863,112,47,68.19,2,0,50,68.71,2,0,[N/A],[N/A],[N/A],[N/A],4,4,"%CPU COMMAND;95.4 opencode;39.2 vllm; 5.0 containerd; 2.1 docker; 2.0 nvtop;"
1788649729,2026-09-05T23:08:49+00:00,10239.73,57500,56000,49250,48750,48000,47750,49250,47500,48750,191.14,0.83,1500000,88.48,48.84,44.83,1003,862,112,46,57.58,2,0,49,43.52,2,0,[N/A],[N/A],[N/A],[N/A],4,4,"%CPU COMMAND; 555 vllm;95.4 opencode; 4.9 containerd; 2.0 nvtop; 1.7 dcgm-exporter;"
1788649731,2026-09-05T23:08:51+00:00,10241.26,55250,56375,48750,49250,46250,47250,49000,47000,47750,158.63,0.43,2736049,88.48,48.84,44.83,1003,862,112,46,29.44,2,0,49,38.25,2,0,[N/A],[N/A],[N/A],[N/A],2,4,"%CPU COMMAND; 346 vllm;95.4 opencode; 4.9 containerd; 2.0 nvtop; 1.7 dcgm-exporter;"
1788649732,2026-09-05T23:08:52+00:00,10242.80,47750,56125,48750,48000,46750,47250,49000,46250,52750,158.37,0.45,1500000,88.48,48.84,44.83,1003,862,112,46,17.45,2,0,49,30.31,2,0,[N/A],[N/A],[N/A],[N/A],2,2,"%CPU COMMAND; 267 vllm;95.4 opencode; 4.9 containerd; 2.0 nvtop; 1.7 dcgm-exporter;"
1788649734,2026-09-05T23:08:54+00:00,10244.35,47500,56000,48500,47750,46250,47000,48750,46250,56750,155.82,0.39,1500000,88.48,48.84,44.83,1003,862,112,46,12.66,2,0,49,20.04,2,0,[N/A],[N/A],[N/A],[N/A],1,1,"%CPU COMMAND; 226 vllm;95.4 opencode; 4.9 containerd; 2.0 nvtop; 1.7 dcgm-exporter;"
1788649736,2026-09-05T23:08:56+00:00,10245.93,46250,55875,47750,48500,45500,47250,48250,46000,51500,162.53,0.37,1497013,81.56,48.06,44.60,1003,862,112,45,11.17,2,0,48,15.46,2,0,[N/A],[N/A],[N/A],[N/A],1,1,"%CPU COMMAND; 202 vllm;95.4 opencode; 4.9 containerd; 2.0 nvtop; 1.7 dcgm-exporter;"
1788649737,2026-09-05T23:08:57+00:00,10247.51,46750,55625,48250,47250,45750,46750,48000,46000,56000,162.86,0.40,3255220,81.56,48.06,44.60,1003,862,112,45,12.51,2,0,48,14.59,2,0,[N/A],[N/A],[N/A],[N/A],1,1,"%CPU COMMAND; 185 vllm;95.4 opencode; 4.9 containerd; 2.0 nvtop; 1.7 dcgm-exporter;"
1788649739,2026-09-05T23:08:59+00:00,10249.10,46500,55500,47500,47750,45250,46750,47750,46000,55000,154.68,0.41,2732845,81.56,48.06,44.60,1003,862,112,45,12.03,2,0,48,15.54,2,0,[N/A],[N/A],[N/A],[N/A],1,1,"%CPU COMMAND; 500 ps; 173 vllm;95.4 opencode; 4.9 containerd; 2.0 nvtop;"
1788649740,2026-09-05T23:09:00+00:00,10250.68,47000,55250,47750,46500,45500,46000,48250,45750,49000,160.89,0.35,1500000,75.10,47.28,44.37,1003,862,112,45,11.40,2,0,48,15.09,2,0,[N/A],[N/A],[N/A],[N/A],1,1,"%CPU COMMAND; 164 vllm;95.4 opencode; 4.9 containerd; 2.0 nvtop; 1.7 dcgm-exporter;"
1788649742,2026-09-05T23:09:02+00:00,10252.26,46250,55125,47250,46000,45250,46500,49750,45500,55250,159.38,0.40,1500000,75.10,47.28,44.37,1003,862,112,45,11.45,2,0,48,15.46,2,0,[N/A],[N/A],[N/A],[N/A],1,1,"%CPU COMMAND; 400 ps; 157 vllm;95.4 opencode; 4.9 containerd; 2.0 nvtop;"
1788649743,2026-09-05T23:09:03+00:00,10253.82,46250,54875,48750,47000,45750,46750,48000,47750,49750,156.06,0.32,1500000,75.10,47.28,44.37,1003,862,112,45,10.87,2,0,48,15.45,2,0,[N/A],[N/A],[N/A],[N/A],1,1,"%CPU COMMAND; 151 vllm;95.4 opencode; 4.9 containerd; 2.0 nvtop; 1.7 dcgm-exporter;"
1788649745,2026-09-05T23:09:05+00:00,10255.40,46250,54875,47250,46750,45250,46500,47750,46500,54500,177.44,0.40,1500000,69.25,46.52,44.14,1003,862,112,45,11.14,2,0,48,16.23,2,0,[N/A],[N/A],[N/A],[N/A],1,1,"%CPU COMMAND; 400 ps; 195 vllm;95.4 opencode; 4.9 containerd; 2.0 nvtop;"
1788649747,2026-09-05T23:09:07+00:00,10256.95,45750,54500,47250,47500,45750,46500,47750,45500,53750,159.69,0.42,1500000,69.25,46.52,44.14,1003,862,112,44,11.16,2,0,48,15.98,2,0,[N/A],[N/A],[N/A],[N/A],1,1,"%CPU COMMAND; 186 vllm; 116 python3;95.4 opencode; 4.9 containerd; 2.0 nvtop;"
1788649748,2026-09-05T23:09:08+00:00,10258.52,54000,54500,47250,47750,45750,46500,48000,45500,47750,176.20,0.69,1773224,69.25,46.52,44.14,1003,861,112,44,11.47,2,0,47,15.52,2,0,[N/A],[N/A],[N/A],[N/A],1,1,"%CPU COMMAND; 441 python3; 171 vllm;95.4 opencode; 4.9 containerd; 2.0 nvtop;"
1788649750,2026-09-05T23:09:10+00:00,10260.10,45500,54250,46500,46750,44750,46250,47750,46250,53000,158.59,0.40,1500000,63.94,45.80,43.92,1003,861,112,44,11.03,2,0,47,16.30,2,0,[N/A],[N/A],[N/A],[N/A],1,1,"%CPU COMMAND; 283 python3; 159 vllm;95.4 opencode; 4.9 containerd; 2.0 nvtop;"
1788649751,2026-09-05T23:09:11+00:00,10261.68,46500,54125,47500,46000,45500,46250,47750,45750,53000,155.04,0.34,1500000,63.94,45.80,43.92,1003,861,112,44,10.59,2,0,47,15.20,2,0,[N/A],[N/A],[N/A],[N/A],1,1,"%CPU COMMAND; 225 python3; 149 vllm;95.4 opencode; 4.9 containerd; 2.0 nvtop;"
1788649753,2026-09-05T23:09:13+00:00,10263.26,46250,53875,47000,46750,45000,45500,48000,44750,50500,157.02,0.34,1496483,63.94,45.80,43.92,1003,861,112,44,11.48,2,0,47,16.33,2,0,[N/A],[N/A],[N/A],[N/A],1,1,"%CPU COMMAND; 400 ps; 195 python3; 139 vllm;95.4 opencode; 4.9 containerd;"
1788649754,2026-09-05T23:09:14+00:00,10264.83,47000,53875,48000,46750,45750,46500,47750,48500,53500,179.08,0.71,1800000,58.98,45.07,43.69,1003,861,112,44,10.93,2,0,47,15.56,2,0,[N/A],[N/A],[N/A],[N/A],1,1,"%CPU COMMAND; 283 python3; 131 vllm;95.4 opencode; 4.9 containerd; 2.0 nvtop;"
1788649756,2026-09-05T23:09:16+00:00,10266.39,53750,53500,46750,45500,45000,45500,47000,45750,46000,160.00,0.38,2734720,58.98,45.07,43.69,1003,861,112,44,11.86,4,0,47,15.77,4,0,[N/A],[N/A],[N/A],[N/A],1,1,"%CPU COMMAND; 253 python3; 124 vllm;95.4 opencode; 4.9 containerd; 2.0 nvtop;"
1788649758,2026-09-05T23:09:18+00:00,10267.97,54000,54000,46250,47500,44750,45750,46500,45250,46750,163.63,0.40,1500000,58.98,45.07,43.69,1003,861,112,44,14.60,4,0,47,15.75,4,0,[N/A],[N/A],[N/A],[N/A],1,1,"%CPU COMMAND; 228 python3; 116 vllm;95.4 opencode; 4.9 containerd; 2.0 nvtop;"
1788649760,2026-09-05T23:09:20+00:00,10269.94,54750,54500,51500,52750,52000,52000,54000,51250,54000,227.45,0.83,3415795,54.34,44.34,43.46,1003,861,112,44,13.28,4,0,47,17.39,4,0,[N/A],[N/A],[N/A],[N/A],1,1,"%CPU COMMAND; 738 python3; 653 python3; 205 python3; 109 vllm;95.4 opencode;"
1788649761,2026-09-05T23:09:21+00:00,10271.84,46250,54250,48250,47000,45250,47750,48000,45500,48250,233.16,0.98,1500000,54.34,44.34,43.46,1003,861,112,44,13.78,4,0,47,18.59,2,0,[N/A],[N/A],[N/A],[N/A],1,1,"%CPU COMMAND; 105 vllm;95.4 opencode; 4.9 containerd; 2.0 nvtop; 1.7 dcgm-exporter;"
1788649763,2026-09-05T23:09:23+00:00,10273.61,47250,53500,47500,45750,45250,45250,48750,45000,46750,179.74,0.51,2733954,54.34,44.34,43.46,1003,862,112,44,15.53,4,0,47,20.91,4,0,[N/A],[N/A],[N/A],[N/A],1,1,"%CPU COMMAND; 104 vllm;95.4 opencode; 4.9 containerd; 2.0 nvtop; 1.7 dcgm-exporter;"
1788649765,2026-09-05T23:09:25+00:00,10275.18,58750,53625,52500,50250,52500,51000,53500,52500,56250,179.57,0.66,1500000,50.15,43.64,43.24,1003,861,112,43,15.93,4,0,47,21.74,4,0,[N/A],[N/A],[N/A],[N/A],1,1,"%CPU COMMAND; 752 python3; 639 python3; 104 vllm;95.4 opencode; 4.9 containerd;"
1788649767,2026-09-05T23:09:27+00:00,10277.07,56250,54375,47250,46000,45500,45500,47500,45500,46750,239.52,1.04,1496905,50.15,43.64,43.24,1003,861,112,43,13.01,4,0,47,17.50,4,0,[N/A],[N/A],[N/A],[N/A],1,1,"%CPU COMMAND; 104 vllm;95.4 opencode; 4.9 containerd; 2.0 nvtop; 1.7 dcgm-exporter;"
1788649769,2026-09-05T23:09:29+00:00,10279.00,55500,55000,47000,46500,44750,45500,46750,44500,46500,208.51,0.54,1500000,50.15,43.64,43.24,1003,861,112,43,12.05,4,0,46,17.15,4,0,[N/A],[N/A],[N/A],[N/A],1,1,"%CPU COMMAND; 104 vllm;95.4 opencode; 4.9 containerd; 2.0 nvtop; 1.7 dcgm-exporter;"
1788649770,2026-09-05T23:09:30+00:00,10280.88,55250,54875,46750,45500,44750,46000,46750,47000,46500,204.62,0.44,1500000,46.29,42.95,43.02,1003,861,112,43,11.66,4,0,46,16.85,4,0,[N/A],[N/A],[N/A],[N/A],1,1,"%CPU COMMAND; 103 vllm;95.4 opencode; 4.9 containerd; 2.0 nvtop; 1.7 dcgm-exporter;"
1788649772,2026-09-05T23:09:32+00:00,10282.81,55500,55000,47500,45500,44500,45000,46250,44500,46250,205.81,0.50,1500000,46.29,42.95,43.02,1003,861,112,43,11.28,4,0,46,16.56,4,0,[N/A],[N/A],[N/A],[N/A],1,1,"%CPU COMMAND; 103 vllm;95.4 opencode; 4.9 containerd; 2.0 nvtop; 1.7 dcgm-exporter;"
1788649774,2026-09-05T23:09:34+00:00,10284.74,55250,54625,46750,46000,44750,45500,47250,46250,46250,208.31,0.43,1500000,42.67,42.25,42.79,1003,861,112,43,11.45,4,0,46,17.24,4,0,[N/A],[N/A],[N/A],[N/A],1,1,"%CPU COMMAND; 103 vllm;95.4 opencode; 4.9 containerd; 2.0 nvtop; 1.7 dcgm-exporter;"
1788649776,2026-09-05T23:09:36+00:00,10286.61,53750,54625,47250,46000,46750,45750,47250,47250,53750,203.88,0.42,3392724,42.67,42.25,42.79,1003,861,112,43,11.69,4,0,46,15.78,4,0,[N/A],[N/A],[N/A],[N/A],1,1,"%CPU COMMAND; 635 python3; 100 vllm;95.4 opencode; 4.9 containerd; 2.0 nvtop;"
1788649778,2026-09-05T23:09:38+00:00,10288.51,52500,54250,46250,46000,44750,45500,46000,44500,45750,211.60,0.59,1500000,42.67,42.25,42.79,1003,860,112,43,11.77,4,0,46,17.47,4,0,[N/A],[N/A],[N/A],[N/A],1,1,"%CPU COMMAND; 400 ps; 304 python3;97.1 vllm;95.3 opencode; 4.9 containerd;"
1788649780,2026-09-05T23:09:40+00:00,10290.42,53250,54125,45750,45000,44750,44750,46500,46250,45750,192.83,0.46,1496927,39.41,41.58,42.57,1003,860,112,43,12.02,4,0,46,16.19,4,0,[N/A],[N/A],[N/A],[N/A],1,1,"%CPU COMMAND; 227 python3;95.3 opencode;93.6 vllm; 4.9 containerd; 2.0 nvtop;"
1788649782,2026-09-05T23:09:42+00:00,10292.30,50250,53875,46500,46000,44750,45000,45750,44750,46000,193.74,0.46,1795887,39.41,41.58,42.57,1003,860,112,43,12.82,4,0,46,17.12,4,0,[N/A],[N/A],[N/A],[N/A],1,1,"%CPU COMMAND; 313 python3;95.3 opencode;90.3 vllm; 4.9 containerd; 2.0 nvtop;"
1788649784,2026-09-05T23:09:44+00:00,10294.24,50000,53625,46000,44500,44500,47500,48000,44750,46500,220.92,0.88,1500000,39.41,41.58,42.57,1003,860,112,43,11.68,4,0,46,17.65,4,0,[N/A],[N/A],[N/A],[N/A],1,1,"%CPU COMMAND; 265 python3;95.3 opencode;87.2 vllm; 4.9 containerd; 2.0 nvtop;"
1788649786,2026-09-05T23:09:46+00:00,10296.20,56000,54000,54000,53500,53750,53750,54250,53750,54500,245.40,1.08,3264812,36.65,40.97,42.37,1003,859,112,42,12.25,4,0,46,17.90,4,0,[N/A],[N/A],[N/A],[N/A],1,1,"%CPU COMMAND; 666 python3; 642 python3; 575 python3; 475 python3; 224 VLLM::EngineCor;"
1788649788,2026-09-05T23:09:48+00:00,10298.10,52000,53875,46250,46000,44250,45500,46750,45500,51500,237.90,0.96,1493709,36.65,40.97,42.37,1003,859,112,42,12.37,4,0,46,18.42,4,0,[N/A],[N/A],[N/A],[N/A],1,1,"%CPU COMMAND; 400 ps; 324 python3; 247 python3; 189 VLLM::EngineCor;95.3 opencode;"
1788649790,2026-09-05T23:09:50+00:00,10300.05,50750,53875,47000,45000,44750,45500,47000,46000,52250,217.89,0.76,3418523,34.04,40.36,42.16,1003,859,112,42,11.72,4,0,46,17.29,4,0,[N/A],[N/A],[N/A],[N/A],1,1,"%CPU COMMAND; 240 python3; 192 python3; 164 VLLM::EngineCor;95.3 opencode;79.1 vllm;"
1788649792,2026-09-05T23:09:52+00:00,10302.00,52750,53750,46500,47250,44750,45250,46750,44250,54750,222.53,0.94,1500000,34.04,40.36,42.16,1003,859,112,42,11.75,4,0,45,17.12,4,0,[N/A],[N/A],[N/A],[N/A],1,1,"%CPU COMMAND; 203 python3; 167 python3; 145 VLLM::EngineCor;95.3 opencode;76.8 vllm;"
1788649793,2026-09-05T23:09:53+00:00,10303.90,52500,54375,46750,46500,45250,46250,47000,45500,51500,240.51,1.71,3110865,34.04,40.36,42.16,1003,859,112,42,11.72,4,0,45,17.24,4,0,[N/A],[N/A],[N/A],[N/A],1,1,"%CPU COMMAND; 230 python3; 220 python3; 130 VLLM::EngineCor;95.3 opencode;74.6 vllm;"
1788649795,2026-09-05T23:09:55+00:00,10305.83,54000,53875,47250,47000,46500,45250,45750,47000,51750,213.71,0.52,3419607,31.79,39.79,41.97,1003,859,112,42,11.96,4,0,45,17.23,4,0,[N/A],[N/A],[N/A],[N/A],1,1,"%CPU COMMAND;1277 python3;1001 python3; 913 python3; 765 python3; 206 python3;"
1788649797,2026-09-05T23:09:57+00:00,10307.81,53500,54625,53250,46250,49500,45500,51250,45500,54250,295.25,2.92,3372215,31.79,39.79,41.97,1003,857,112,42,11.68,4,0,45,17.17,344,0,[N/A],[N/A],[N/A],[N/A],4,4,"%CPU COMMAND; 400 ps; 191 VLLM::Worker; 184 VLLM::Worker; 108 VLLM::EngineCor;95.3 opencode;"
1788649799,2026-09-05T23:09:59+00:00,10309.49,51250,54125,47250,46500,45250,46250,47000,45000,51500,205.57,0.99,1500000,29.57,39.20,41.77,1003,857,112,43,59.58,764,0,46,61.81,1804,0,[N/A],[N/A],[N/A],[N/A],4,4,"%CPU COMMAND; 881 python3; 187 VLLM::Worker_TP; 181 VLLM::Worker_TP; 101 VLLM::EngineCor;97.5 python3;"
1788649801,2026-09-05T23:10:01+00:00,10311.01,51000,54625,51000,49500,48750,48250,49750,47250,50000,210.65,1.93,3368578,29.57,39.20,41.77,1003,856,112,43,63.55,40538,1,46,63.75,40538,0,[N/A],[N/A],[N/A],[N/A],4,4,"%CPU COMMAND; 398 VLLM::Worker_TP; 380 VLLM::Worker_TP; 367 python3;95.8 VLLM::EngineCor;95.3 opencode;"
1788649802,2026-09-05T23:10:02+00:00,10312.55,52250,54250,49250,48250,49750,52500,49750,50750,50000,265.94,1.89,3263158,29.57,39.20,41.77,1003,856,112,43,65.42,40538,1,47,69.45,40538,0,[N/A],[N/A],[N/A],[N/A],4,4,"%CPU COMMAND; 856 VLLM::Worker_TP; 843 VLLM::Worker_TP; 256 python3;95.3 opencode;90.1 VLLM::EngineCor;"
1788649804,2026-09-05T23:10:04+00:00,10314.15,53250,54125,49250,50000,48250,54000,50250,48500,53750,268.64,1.88,3268805,29.57,39.20,41.77,1003,856,112,44,65.77,40538,1,47,69.88,40538,1,[N/A],[N/A],[N/A],[N/A],4,4,"%CPU COMMAND;1226 VLLM::Worker_TP;1224 VLLM::Worker_TP; 500 ps; 211 python3;95.3 opencode;"
1788649805,2026-09-05T23:10:05+00:00,10315.72,53250,54125,50000,49250,50500,49500,51000,49000,51500,268.77,1.87,3265710,36.41,40.45,42.16,1003,856,112,44,65.36,40538,1,47,69.53,40538,1,[N/A],[N/A],[N/A],[N/A],4,4,"%CPU COMMAND;1553 VLLM::Worker_TP;1548 VLLM::Worker_TP; 186 python3;95.3 opencode;80.5 VLLM::EngineCor;"
1788649807,2026-09-05T23:10:07+00:00,10317.33,52750,54000,50250,49750,50000,51250,51000,49000,52500,273.37,1.92,3241306,36.41,40.45,42.16,1003,856,112,44,64.56,40538,1,47,69.37,40538,0,[N/A],[N/A],[N/A],[N/A],4,4,"%CPU COMMAND;1820 VLLM::Worker_TP;1817 VLLM::Worker_TP; 500 ps; 169 python3;95.3 opencode;"
1788649808,2026-09-05T23:10:08+00:00,10318.90,54000,53875,49750,50250,50000,49250,50500,49500,54250,267.82,1.87,3268754,36.41,40.45,42.16,1003,856,112,44,66.36,40538,1,47,69.59,40538,0,[N/A],[N/A],[N/A],[N/A],4,4,"%CPU COMMAND;2051 VLLM::Worker_TP;2024 VLLM::Worker_TP; 500 ps; 156 python3;95.3 opencode;"
1788649810,2026-09-05T23:10:10+00:00,10320.46,50000,54500,50250,54000,51750,54000,51500,52000,51000,274.47,2.09,3261060,38.14,40.75,42.25,1003,856,112,44,64.80,40538,0,47,66.85,40538,0,[N/A],[N/A],[N/A],[N/A],4,4,"%CPU COMMAND;2215 VLLM::Worker_TP;2171 VLLM::Worker_TP; 460 python3; 324 python3; 161 python3;"
1788649812,2026-09-05T23:10:12+00:00,10322.04,51500,54625,50250,50500,50500,49750,51250,52750,51500,279.07,1.92,3260531,38.14,40.75,42.25,1003,855,112,44,65.75,41003,1,47,68.96,40538,1,[N/A],[N/A],[N/A],[N/A],4,4,"%CPU COMMAND;2399 VLLM::Worker_TP;2356 VLLM::Worker_TP; 160 python3;95.3 opencode;66.5 VLLM::EngineCor;"
1788649813,2026-09-05T23:10:13+00:00,10323.64,53750,54875,50750,49750,49500,51250,51500,49750,53000,269.32,1.93,3268763,38.14,40.75,42.25,1003,856,112,44,66.31,41003,1,48,72.21,40538,1,[N/A],[N/A],[N/A],[N/A],4,4,"%CPU COMMAND;2574 VLLM::Worker_TP;2538 VLLM::Worker_TP; 153 python3;95.2 opencode;63.6 VLLM::EngineCor;"
1788649815,2026-09-05T23:10:15+00:00,10325.28,54750,54750,50750,50500,51500,50750,50750,49500,50750,273.73,1.97,3268759,44.21,41.96,42.63,1003,856,112,45,66.20,41003,1,48,70.40,40538,0,[N/A],[N/A],[N/A],[N/A],4,4,"%CPU COMMAND;2730 VLLM::Worker_TP;2691 VLLM::Worker_TP; 148 python3;95.2 opencode;61.0 VLLM::EngineCor;"
1788649816,2026-09-05T23:10:16+00:00,10326.89,54500,54750,50750,50000,49750,52750,51250,50000,51250,270.92,1.98,3268819,44.21,41.96,42.63,1003,856,112,45,67.55,41003,1,48,69.28,40538,1,[N/A],[N/A],[N/A],[N/A],4,4,"%CPU COMMAND;2865 VLLM::Worker_TP;2832 VLLM::Worker_TP; 500 ps; 144 python3;95.2 opencode;"
1788649818,2026-09-05T23:10:18+00:00,10328.50,53750,54625,50000,50750,53000,50750,51250,49750,50500,272.97,1.94,3268780,44.21,41.96,42.63,1003,856,112,45,65.73,41003,1,48,70.18,40538,1,[N/A],[N/A],[N/A],[N/A],4,4,"%CPU COMMAND;2990 VLLM::Worker_TP;2954 VLLM::Worker_TP; 140 python3;95.2 opencode;56.5 VLLM::EngineCor;"
1788649820,2026-09-05T23:10:20+00:00,10330.07,54250,54625,50500,50750,48750,50250,54750,49250,52750,267.02,1.88,3268781,49.72,43.14,43.01,1003,856,112,45,67.13,41003,1,48,68.82,40538,1,[N/A],[N/A],[N/A],[N/A],4,4,"%CPU COMMAND;3102 VLLM::Worker_TP;3064 VLLM::Worker_TP; 137 python3;95.2 opencode;54.5 VLLM::EngineCor;"
1788649821,2026-09-05T23:10:21+00:00,10331.63,53250,54625,50250,50500,49750,51250,51750,50250,51500,268.35,1.88,3268748,49.72,43.14,43.01,1003,855,112,45,65.73,41003,0,48,69.39,40538,0,[N/A],[N/A],[N/A],[N/A],4,4,"%CPU COMMAND;3167 VLLM::Worker_TP;3151 VLLM::Worker_TP; 600 ps; 193 python3;95.2 opencode;"
1788649823,2026-09-05T23:10:23+00:00,10333.23,54500,54500,51500,51250,50000,51750,51750,50500,52750,295.68,1.91,3241339,49.72,43.14,43.01,1003,839,112,45,63.62,41003,0,48,64.86,40538,0,[N/A],[N/A],[N/A],[N/A],4,4,"%CPU COMMAND;3203 VLLM::Worker_TP;3189 VLLM::Worker_TP; 339 python3;95.2 opencode;51.9 vllm;"
1788649824,2026-09-05T23:10:24+00:00,10334.82,55500,54625,52000,52250,51000,50500,52500,50250,54000,296.84,2.12,3268782,59.19,45.22,43.68,1003,822,112,45,64.91,41003,0,48,63.05,40538,0,[N/A],[N/A],[N/A],[N/A],4,4,"%CPU COMMAND;3253 VLLM::Worker_TP;3207 VLLM::Worker_TP; 483 python3;95.2 opencode;51.0 vllm;"
1788649826,2026-09-05T23:10:26+00:00,10336.45,53750,54625,51500,51750,50750,50500,52250,50500,53250,299.25,2.09,3251303,59.19,45.22,43.68,1003,808,112,45,64.33,41003,1,48,63.85,40538,0,[N/A],[N/A],[N/A],[N/A],4,4,"%CPU COMMAND;3325 VLLM::Worker_TP;3250 VLLM::Worker_TP; 600 ps; 521 python3;95.2 opencode;"
1788649828,2026-09-05T23:10:28+00:00,10337.99,54500,54625,51500,51500,50000,51750,54000,50500,53750,260.99,1.84,3268775,59.19,45.22,43.68,1003,808,112,45,66.23,41003,0,49,71.72,40538,1,[N/A],[N/A],[N/A],[N/A],4,4,"%CPU COMMAND;3401 VLLM::Worker_TP;3336 VLLM::Worker_TP; 600 ps; 498 python3;95.1 opencode;"
1788649829,2026-09-05T23:10:29+00:00,10339.61,52250,54625,51500,50750,50500,54750,54000,50000,51250,275.13,1.93,3268754,64.30,46.51,44.11,1003,808,112,45,66.01,41003,0,49,70.65,40538,1,[N/A],[N/A],[N/A],[N/A],4,4,"%CPU COMMAND;3473 VLLM::Worker_TP;3409 VLLM::Worker_TP; 473 python3;95.1 opencode;48.7 vllm;"
1788649831,2026-09-05T23:10:31+00:00,10341.16,54750,54625,51500,51250,51000,53250,52750,50500,51250,265.46,1.87,3268783,64.30,46.51,44.11,1003,808,112,46,66.64,41003,1,49,74.53,40538,1,[N/A],[N/A],[N/A],[N/A],4,4,"%CPU COMMAND;3541 VLLM::Worker_TP;3483 VLLM::Worker_TP; 600 ps; 450 python3;95.1 opencode;"
1788649832,2026-09-05T23:10:32+00:00,10342.74,52500,54625,51500,51250,50250,53250,55750,50250,51500,268.91,1.91,3266298,64.30,46.51,44.11,1003,808,112,46,65.89,41003,0,49,74.63,40538,0,[N/A],[N/A],[N/A],[N/A],4,4,"%CPU COMMAND;3607 VLLM::Worker_TP;3551 VLLM::Worker_TP; 430 python3;95.1 opencode;47.2 vllm;"
1788649834,2026-09-05T23:10:34+00:00,10344.34,51500,54750,50500,51500,50000,52000,52500,50250,55750,269.84,1.93,3247948,64.30,46.51,44.11,1003,807,112,46,67.37,41003,1,49,71.96,40538,1,[N/A],[N/A],[N/A],[N/A],4,4,"%CPU COMMAND;3668 VLLM::Worker_TP;3612 VLLM::Worker_TP; 600 ps; 411 python3;95.1 opencode;"
1788649835,2026-09-05T23:10:35+00:00,10345.90,55500,54875,51250,51000,51250,52000,51750,50750,51000,265.31,1.87,3266238,68.28,47.63,44.48,1003,807,112,46,67.70,41003,1,49,70.50,40538,1,[N/A],[N/A],[N/A],[N/A],4,4,"%CPU COMMAND;3724 VLLM::Worker_TP;3671 VLLM::Worker_TP; 393 python3;95.1 opencode;45.8 vllm;"
1788649837,2026-09-05T23:10:37+00:00,10347.49,54250,55125,51250,51000,49500,50000,51250,49250,54500,262.77,1.82,1500000,68.28,47.63,44.48,1003,807,112,46,65.38,41003,1,49,73.62,40538,0,[N/A],[N/A],[N/A],[N/A],4,4,"%CPU COMMAND;3742 VLLM::Worker_TP;3688 VLLM::Worker_TP; 600 ps; 377 python3;95.1 opencode;"
1788649839,2026-09-05T23:10:39+00:00,10349.05,53500,55000,51500,51750,54750,51000,51500,51000,54000,265.09,1.86,3268764,68.28,47.63,44.48,1003,807,112,46,67.51,41003,1,49,72.52,40538,1,[N/A],[N/A],[N/A],[N/A],4,4,"%CPU COMMAND;3794 VLLM::Worker_TP;3742 VLLM::Worker_TP; 363 python3;95.1 opencode;44.5 vllm;"
1788649840,2026-09-05T23:10:40+00:00,10350.62,52250,54875,51500,51000,51250,54500,52250,50500,51250,267.48,1.89,3241385,71.86,48.71,44.85,1003,807,112,46,66.46,41003,1,49,68.79,40538,1,[N/A],[N/A],[N/A],[N/A],4,4,"%CPU COMMAND;3842 VLLM::Worker_TP;3790 VLLM::Worker_TP; 500 ps; 349 python3;95.1 opencode;"
1788649842,2026-09-05T23:10:42+00:00,10352.22,51000,54875,51500,51750,50750,53250,52500,50750,55250,270.19,1.92,3268797,71.86,48.71,44.85,1003,807,112,46,66.65,41003,1,50,69.61,40538,1,[N/A],[N/A],[N/A],[N/A],4,4,"%CPU COMMAND;3886 VLLM::Worker_TP;3834 VLLM::Worker_TP; 336 python3;95.1 opencode;43.3 vllm;"
1788649843,2026-09-05T23:10:43+00:00,10353.83,50500,55250,51750,51000,50250,51000,52500,54000,54000,274.61,1.93,3268814,71.86,48.71,44.85,1003,807,112,46,67.97,41003,1,50,67.86,40538,1,[N/A],[N/A],[N/A],[N/A],4,4,"%CPU COMMAND;3927 VLLM::Worker_TP;3875 VLLM::Worker_TP; 600 ps; 324 python3;95.1 opencode;"
1788649845,2026-09-05T23:10:45+00:00,10355.46,53750,55125,51750,51250,51500,50750,52500,53500,52000,276.52,1.96,3241314,75.80,49.91,45.26,1003,807,112,46,66.58,41003,1,50,72.56,40538,1,[N/A],[N/A],[N/A],[N/A],4,4,"%CPU COMMAND;3973 VLLM::Worker_TP;3925 VLLM::Worker_TP; 600 ps; 312 python3;95.1 opencode;"
1788649847,2026-09-05T23:10:47+00:00,10357.20,55250,55250,51500,51250,51000,51500,52500,54500,52000,290.42,2.10,3268774,75.80,49.91,45.26,1003,807,112,47,68.41,41003,1,50,73.08,40538,1,[N/A],[N/A],[N/A],[N/A],4,4,"%CPU COMMAND;4011 VLLM::Worker_TP;3963 VLLM::Worker_TP; 302 python3;95.1 opencode;41.5 vllm;"
1788649848,2026-09-05T23:10:48+00:00,10358.81,51750,55250,52000,51250,52250,51500,53000,55750,52000,270.92,1.91,3268815,75.80,49.91,45.26,1003,808,112,47,67.17,41003,1,50,72.91,40538,1,[N/A],[N/A],[N/A],[N/A],4,4,"%CPU COMMAND;4049 VLLM::Worker_TP;4002 VLLM::Worker_TP; 292 python3;95.1 opencode;40.9 vllm;"
1788649850,2026-09-05T23:10:50+00:00,10360.44,51250,55250,52000,51750,52250,51250,52500,53250,51750,278.29,1.96,3259643,79.34,51.08,45.66,1003,808,112,47,66.47,41003,0,50,71.99,40538,1,[N/A],[N/A],[N/A],[N/A],4,4,"%CPU COMMAND;4076 VLLM::Worker_TP;4035 VLLM::Worker_TP; 283 python3;95.1 opencode;40.4 vllm;"
1788649852,2026-09-05T23:10:52+00:00,10362.00,51500,55125,51750,51750,50750,52000,52250,54250,55750,264.75,1.90,3244680,79.34,51.08,45.66,1003,808,112,47,65.94,41003,0,50,71.92,40538,1,[N/A],[N/A],[N/A],[N/A],4,4,"%CPU COMMAND;4108 VLLM::Worker_TP;4071 VLLM::Worker_TP; 275 python3;95.1 opencode;39.9 vllm;"
1788649853,2026-09-05T23:10:53+00:00,10363.61,51000,55375,51750,51500,51000,53000,52250,54250,53250,272.37,1.94,3268716,79.34,51.08,45.66,1003,808,112,47,66.47,41003,1,50,73.40,40538,1,[N/A],[N/A],[N/A],[N/A],4,4,"%CPU COMMAND;4136 VLLM::Worker_TP;4105 VLLM::Worker_TP; 267 python3;95.1 opencode;39.3 vllm;"
1788649855,2026-09-05T23:10:55+00:00,10365.21,50750,55375,52000,52250,54500,51500,52250,55000,55000,274.05,1.94,3244597,82.60,52.22,46.06,1003,808,112,47,67.43,41003,1,50,74.02,40538,1,[N/A],[N/A],[N/A],[N/A],4,4,"%CPU COMMAND;4164 VLLM::Worker_TP;4136 VLLM::Worker_TP; 259 python3;95.0 opencode;38.8 vllm;"
1788649856,2026-09-05T23:10:56+00:00,10366.86,51500,55500,52250,52750,50500,51500,53500,54000,52250,281.31,1.97,3245880,82.60,52.22,46.06,1003,808,112,47,67.83,41003,1,50,70.44,40538,1,[N/A],[N/A],[N/A],[N/A],4,4,"%CPU COMMAND;4195 VLLM::Worker_TP;4167 VLLM::Worker_TP; 252 python3;95.0 opencode;38.4 vllm;"
1788649858,2026-09-05T23:10:58+00:00,10368.47,55000,55375,51750,51500,52000,52250,53000,53750,51750,275.84,1.95,3245828,82.60,52.22,46.06,1003,808,112,47,66.65,41003,1,51,72.58,40538,1,[N/A],[N/A],[N/A],[N/A],4,4,"%CPU COMMAND;4219 VLLM::Worker_TP;4193 VLLM::Worker_TP; 245 python3;95.0 opencode;37.9 vllm;"
1788649860,2026-09-05T23:11:00+00:00,10370.05,54500,55375,52500,52000,53500,53500,52250,52000,52250,270.67,1.90,3268806,84.87,53.20,46.41,1003,808,112,47,66.52,41003,1,51,72.01,40538,1,[N/A],[N/A],[N/A],[N/A],4,4,"%CPU COMMAND;4244 VLLM::Worker_TP;4220 VLLM::Worker_TP; 239 python3;95.0 opencode;37.4 vllm;"
1788649861,2026-09-05T23:11:01+00:00,10371.64,54500,55375,51500,52000,50750,51500,54000,54500,54000,270.36,1.92,3268242,84.87,53.20,46.41,1003,808,112,47,67.26,41003,1,51,71.17,40538,1,[N/A],[N/A],[N/A],[N/A],4,4,"%CPU COMMAND;4268 VLLM::Worker_TP;4245 VLLM::Worker_TP; 233 python3;95.0 opencode;37.0 vllm;"
1788649863,2026-09-05T23:11:03+00:00,10373.19,54250,55500,52000,52000,51000,53000,52500,55000,52000,263.63,1.99,3268821,84.87,53.20,46.41,1003,808,112,48,68.16,41003,1,51,68.63,40538,0,[N/A],[N/A],[N/A],[N/A],4,4,"%CPU COMMAND;4285 VLLM::Worker_TP;4249 VLLM::Worker_TP; 500 ps; 227 python3;95.0 opencode;"
1788649864,2026-09-05T23:11:04+00:00,10374.82,54250,55500,52000,52000,53750,52750,52500,55250,52500,273.56,1.92,3268801,87.12,54.19,46.77,1003,808,112,48,65.68,41003,0,51,72.37,40538,0,[N/A],[N/A],[N/A],[N/A],4,4,"%CPU COMMAND;4290 VLLM::Worker_TP;4273 VLLM::Worker_TP; 600 ps; 221 python3;95.0 opencode;"
1788649866,2026-09-05T23:11:06+00:00,10376.44,50750,55500,51500,52000,51500,54750,52750,53000,52000,276.02,1.94,3241595,87.12,54.19,46.77,1003,808,112,48,66.17,41003,0,51,71.00,40538,1,[N/A],[N/A],[N/A],[N/A],4,4,"%CPU COMMAND;4310 VLLM::Worker_TP;4297 VLLM::Worker_TP; 216 python3;95.0 opencode;35.7 vllm;"
1788649868,2026-09-05T23:11:08+00:00,10378.02,51750,56000,52250,51750,51000,54000,52750,56250,51750,267.20,2.83,3268819,87.12,54.19,46.77,1003,808,112,48,67.72,41003,1,51,72.20,40538,1,[N/A],[N/A],[N/A],[N/A],4,4,"%CPU COMMAND;4333 VLLM::Worker_TP;4320 VLLM::Worker_TP; 211 python3;95.0 opencode;35.3 vllm;"
1788649869,2026-09-05T23:11:09+00:00,10379.64,50750,56125,52750,52000,51500,55000,54750,51750,52250,275.58,1.94,3241293,85.43,54.39,46.87,1003,808,112,48,66.86,41003,1,51,71.18,40538,1,[N/A],[N/A],[N/A],[N/A],4,4,"%CPU COMMAND;4347 VLLM::Worker_TP;4340 VLLM::Worker_TP; 600 ps; 207 python3;95.0 opencode;"
1788649871,2026-09-05T23:11:11+00:00,10381.23,51250,56125,52250,52000,50750,52750,54000,55750,52000,270.68,1.91,3268791,85.43,54.39,46.87,1003,808,112,48,66.30,41003,1,51,74.41,40538,1,[N/A],[N/A],[N/A],[N/A],4,4,"%CPU COMMAND;4365 VLLM::Worker_TP;4362 VLLM::Worker_TP; 202 python3;95.0 opencode;34.5 vllm;"
1788649872,2026-09-05T23:11:12+00:00,10382.82,51500,56375,56250,52000,51000,51000,56750,51250,51750,271.83,1.91,3268770,85.43,54.39,46.87,1003,808,112,48,68.35,41003,1,51,68.21,40538,1,[N/A],[N/A],[N/A],[N/A],4,4,"%CPU COMMAND;4383 VLLM::Worker_TP;4379 VLLM::Worker_TP; 198 python3;95.0 opencode;34.1 vllm;"
1788649874,2026-09-05T23:11:14+00:00,10384.39,54750,56750,53000,51750,51750,53000,53000,51750,52250,268.75,1.90,3268774,87.64,55.36,47.23,1003,808,112,48,67.41,41003,1,51,71.11,40538,0,[N/A],[N/A],[N/A],[N/A],4,4,"%CPU COMMAND;4402 VLLM::Worker_TP;4400 VLLM::Worker_TP; 194 python3;95.1 opencode;33.7 vllm;"
1788649876,2026-09-05T23:11:16+00:00,10386.05,51750,56625,52500,55500,52000,56250,52750,51250,53250,282.70,1.98,3268768,87.64,55.36,47.23,1003,808,112,48,67.49,41003,4,51,70.07,40538,0,[N/A],[N/A],[N/A],[N/A],4,4,"%CPU COMMAND;4419 VLLM::Worker_TP;4411 VLLM::Worker_TP; 500 ps; 190 python3;95.1 opencode;"
1788649877,2026-09-05T23:11:17+00:00,10387.60,51000,56500,52500,55250,51000,51250,54250,51500,52250,266.59,1.88,3268782,87.64,55.36,47.23,1003,808,112,48,68.98,41003,1,51,71.03,40538,0,[N/A],[N/A],[N/A],[N/A],4,4,"%CPU COMMAND;4438 VLLM::Worker_TP;4425 VLLM::Worker_TP; 186 python3;95.0 opencode;33.0 vllm;"
1788649879,2026-09-05T23:11:19+00:00,10389.16,52000,56500,55000,56000,51250,51250,56500,51250,52000,264.04,1.88,3268828,87.64,55.36,47.23,1003,808,112,48,68.63,41003,1,52,70.38,40538,1,[N/A],[N/A],[N/A],[N/A],4,4,"%CPU COMMAND;4455 VLLM::Worker_TP;4442 VLLM::Worker_TP; 600 ps; 182 python3;95.0 opencode;"
1788649880,2026-09-05T23:11:20+00:00,10390.75,51250,56625,53000,55250,51250,53500,55500,51750,52500,265.94,1.89,3266199,89.67,56.32,47.58,1003,808,112,48,68.09,41003,1,52,71.27,40538,1,[N/A],[N/A],[N/A],[N/A],4,4,"%CPU COMMAND;4472 VLLM::Worker_TP;4456 VLLM::Worker_TP; 500 ps; 179 python3;95.0 opencode;"
1788649882,2026-09-05T23:11:22+00:00,10392.32,51000,56500,52500,57000,51250,53000,53500,52250,53000,265.92,1.89,3255647,89.67,56.32,47.58,1003,808,112,49,69.26,41003,1,52,68.83,40538,1,[N/A],[N/A],[N/A],[N/A],4,4,"%CPU COMMAND;4489 VLLM::Worker_TP;4470 VLLM::Worker_TP; 175 python3;95.0 opencode;32.0 vllm;"
1788649883,2026-09-05T23:11:23+00:00,10393.88,51500,56500,52250,54250,51250,52000,56000,51750,51750,266.15,1.89,3253850,89.67,56.32,47.58,1003,808,112,49,69.40,41003,1,52,71.41,40538,1,[N/A],[N/A],[N/A],[N/A],4,4,"%CPU COMMAND;4506 VLLM::Worker_TP;4486 VLLM::Worker_TP; 172 python3;95.0 opencode;31.7 vllm;"
1788649885,2026-09-05T23:11:25+00:00,10395.48,52750,56500,53250,56000,50750,51500,53000,51500,52250,NA,1.92,3266209,91.46,57.24,47.93,1003,808,112,49,69.34,41003,1,52,71.65,40538,0,[N/A],[N/A],[N/A],[N/A],4,4,"%CPU COMMAND;4523 VLLM::Worker_TP;4500 VLLM::Worker_TP; 169 python3;95.0 opencode;31.4 vllm;"
1788649887,2026-09-05T23:11:27+00:00,10397.09,51500,56500,53250,55750,52000,51500,53000,51500,52500,272.53,1.95,3253815,91.46,57.24,47.93,1003,808,112,49,69.64,41003,1,52,70.73,40538,1,[N/A],[N/A],[N/A],[N/A],4,4,"%CPU COMMAND;4538 VLLM::Worker_TP;4513 VLLM::Worker_TP; 600 ps; 166 python3;95.0 opencode;"
1788649888,2026-09-05T23:11:28+00:00,10398.65,56000,56625,52500,52500,50500,51250,57250,52000,52250,267.23,1.90,3266230,91.46,57.24,47.93,1003,808,112,49,67.64,41003,0,52,74.77,40538,1,[N/A],[N/A],[N/A],[N/A],4,4,"%CPU COMMAND;4537 VLLM::Worker_TP;4520 VLLM::Worker_TP; 163 python3;94.9 opencode;30.8 vllm;"
1788649890,2026-09-05T23:11:30+00:00,10400.23,56500,56625,52250,52250,51250,51500,56500,51750,52250,262.53,1.82,3268765,88.70,57.24,47.98,1003,808,112,49,70.04,41003,1,52,69.52,40538,0,[N/A],[N/A],[N/A],[N/A],4,4,"%CPU COMMAND;4553 VLLM::Worker_TP;4524 VLLM::Worker_TP; 160 python3;94.9 opencode;30.5 vllm;"
1788649891,2026-09-05T23:11:31+00:00,10401.86,55250,56625,52000,52250,52750,51500,53750,51250,52750,277.34,1.98,3251116,88.70,57.24,47.98,1003,808,112,49,68.08,41003,1,52,71.52,40538,1,[N/A],[N/A],[N/A],[N/A],4,4,"%CPU COMMAND;4565 VLLM::Worker_TP;4537 VLLM::Worker_TP; 158 python3;94.9 opencode;30.2 vllm;"
1788649893,2026-09-05T23:11:33+00:00,10403.43,55500,56375,55500,52250,51500,52000,52750,51750,52000,263.01,1.87,3268771,88.70,57.24,47.98,1003,808,112,49,69.03,41003,1,52,73.04,40538,1,[N/A],[N/A],[N/A],[N/A],4,4,"%CPU COMMAND;4579 VLLM::Worker_TP;4549 VLLM::Worker_TP; 500 ps; 155 python3;94.9 opencode;"
1788649895,2026-09-05T23:11:35+00:00,10404.99,55000,56250,52750,51750,51000,52000,55500,51500,52750,266.11,1.88,3268800,90.65,58.16,48.33,1003,808,112,49,68.81,41003,1,52,70.53,40538,1,[N/A],[N/A],[N/A],[N/A],4,4,"%CPU COMMAND;4589 VLLM::Worker_TP;4562 VLLM::Worker_TP; 152 python3;94.9 opencode;29.6 vllm;"
1788649896,2026-09-05T23:11:36+00:00,10406.53,54750,56125,52500,53000,51500,51500,55500,52000,53250,260.47,1.84,3266202,90.65,58.16,48.33,1003,808,112,49,67.24,41003,0,52,72.29,40538,1,[N/A],[N/A],[N/A],[N/A],4,4,"%CPU COMMAND;4599 VLLM::Worker_TP;4576 VLLM::Worker_TP; 150 python3;94.9 opencode;29.3 vllm;"
1788649898,2026-09-05T23:11:38+00:00,10408.13,54750,56000,54250,52500,52500,51750,53500,51500,52500,272.45,1.95,3266239,90.65,58.16,48.33,1003,808,112,49,67.82,41003,0,52,72.57,40538,1,[N/A],[N/A],[N/A],[N/A],4,4,"%CPU COMMAND;4610 VLLM::Worker_TP;4588 VLLM::Worker_TP; 148 python3;94.9 opencode;29.0 vllm;"
1788649899,2026-09-05T23:11:39+00:00,10409.70,53000,56000,52750,52250,51000,51750,53250,53000,54000,268.04,1.90,3241533,92.36,59.06,48.67,1003,808,112,49,67.30,41003,0,53,73.89,40538,1,[N/A],[N/A],[N/A],[N/A],4,4,"%CPU COMMAND;4620 VLLM::Worker_TP;4600 VLLM::Worker_TP; 145 python3;94.9 opencode;28.8 vllm;"
1788649901,2026-09-05T23:11:41+00:00,10411.27,53750,56250,53250,52000,53250,51750,52750,51750,56250,267.66,1.89,3266272,92.36,59.06,48.67,1003,808,112,49,69.54,41003,6,53,70.95,40538,0,[N/A],[N/A],[N/A],[N/A],4,4,"%CPU COMMAND;4632 VLLM::Worker_TP;4609 VLLM::Worker_TP; 143 python3;94.9 opencode;28.5 vllm;"
1788649903,2026-09-05T23:11:43+00:00,10412.93,55500,56250,53000,52500,51500,51250,53500,51250,52500,283.44,2.01,3268760,92.36,59.06,48.67,1003,808,112,49,68.31,41003,0,53,74.92,40538,1,[N/A],[N/A],[N/A],[N/A],4,4,"%CPU COMMAND;4640 VLLM::Worker_TP;4621 VLLM::Worker_TP; 141 python3;94.9 opencode;28.3 vllm;"
1788649904,2026-09-05T23:11:44+00:00,10414.48,55250,56250,56500,52750,51250,52500,53500,52500,52250,264.70,2.21,3243804,94.01,59.95,49.01,1003,808,112,49,68.02,41003,1,53,73.81,40538,0,[N/A],[N/A],[N/A],[N/A],4,4,"%CPU COMMAND;4652 VLLM::Worker_TP;4632 VLLM::Worker_TP; 139 python3;94.9 opencode;28.0 vllm;"
1788649906,2026-09-05T23:11:46+00:00,10416.05,56000,56125,55750,52250,51250,52000,54000,51500,52500,266.56,1.87,3268822,94.01,59.95,49.01,1003,808,112,50,69.85,41003,1,53,71.98,40538,0,[N/A],[N/A],[N/A],[N/A],4,4,"%CPU COMMAND;4662 VLLM::Worker_TP;4642 VLLM::Worker_TP; 137 python3;94.9 opencode;27.8 vllm;"
1788649907,2026-09-05T23:11:47+00:00,10417.63,54750,56000,55000,52750,54000,52000,54000,52000,52500,267.91,1.90,3268803,94.01,59.95,49.01,1003,808,112,50,69.16,41003,1,53,71.55,40538,1,[N/A],[N/A],[N/A],[N/A],4,4,"%CPU COMMAND;4672 VLLM::Worker_TP;4652 VLLM::Worker_TP; 600 ps; 135 python3;94.9 opencode;"
1788649909,2026-09-05T23:11:49+00:00,10419.19,53500,56000,55750,55500,51250,52000,53500,54500,52250,266.85,1.88,3256503,94.01,59.95,49.01,1003,808,112,50,69.93,41003,0,53,72.49,40538,1,[N/A],[N/A],[N/A],[N/A],4,4,"%CPU COMMAND;4682 VLLM::Worker_TP;4662 VLLM::Worker_TP; 133 python3;94.9 opencode;27.3 vllm;"
1788649910,2026-09-05T23:11:50+00:00,10420.75,55250,55875,52500,54000,51250,51500,53500,55250,52000,267.33,1.90,3251680,95.53,60.83,49.36,1003,808,112,50,68.08,41003,0,53,73.57,40538,1,[N/A],[N/A],[N/A],[N/A],4,4,"%CPU COMMAND;4690 VLLM::Worker_TP;4672 VLLM::Worker_TP; 600 ps; 131 python3;94.9 opencode;"
1788649912,2026-09-05T23:11:52+00:00,10422.38,52000,56000,54000,52500,50750,51250,52750,52000,56750,272.03,1.94,3266209,95.53,60.83,49.36,1003,808,112,50,68.46,41003,1,53,73.90,40538,1,[N/A],[N/A],[N/A],[N/A],4,4,"%CPU COMMAND;4700 VLLM::Worker_TP;4680 VLLM::Worker_TP; 129 python3;94.9 opencode;26.8 vllm;"
1788649914,2026-09-05T23:11:54+00:00,10423.94,51750,56375,53000,52750,51000,51500,56250,51750,55000,264.62,1.88,3254092,95.53,60.83,49.36,1003,808,112,50,69.05,41003,2,53,73.78,40538,1,[N/A],[N/A],[N/A],[N/A],4,4,"%CPU COMMAND;4708 VLLM::Worker_TP;4687 VLLM::Worker_TP; 127 python3;94.8 opencode;26.6 vllm;"
1788649915,2026-09-05T23:11:55+00:00,10425.47,51750,56875,53000,52750,51250,51250,56500,53000,56250,256.13,1.79,3268823,92.52,60.79,49.40,1003,808,112,50,68.54,41003,1,53,72.20,40538,1,[N/A],[N/A],[N/A],[N/A],4,4,"%CPU COMMAND;4703 VLLM::Worker_TP;4689 VLLM::Worker_TP; 126 python3;94.8 opencode;26.4 vllm;"
1788649917,2026-09-05T23:11:57+00:00,10427.05,52250,56875,52500,52500,51500,51250,53750,57000,53000,264.26,1.91,3266202,92.52,60.79,49.40,1003,808,112,50,70.74,41003,1,53,73.47,40538,1,[N/A],[N/A],[N/A],[N/A],4,4,"%CPU COMMAND;4712 VLLM::Worker_TP;4697 VLLM::Worker_TP; 600 ps; 124 python3;94.8 opencode;"
1788649918,2026-09-05T23:11:58+00:00,10428.59,52500,56625,55750,52500,51250,51750,54000,52250,56000,262.53,1.88,3268765,92.52,60.79,49.40,1003,808,112,50,70.69,41003,1,53,69.96,40538,1,[N/A],[N/A],[N/A],[N/A],4,4,"%CPU COMMAND;4722 VLLM::Worker_TP;4706 VLLM::Worker_TP; 600 ps; 123 python3;94.8 opencode;"
1788649920,2026-09-05T23:12:00+00:00,10430.14,52000,56875,53250,52500,51500,51750,57750,51750,56000,265.29,1.90,3268810,94.08,61.64,49.74,1003,808,112,50,70.02,41003,1,54,74.48,40538,1,[N/A],[N/A],[N/A],[N/A],4,4,"%CPU COMMAND;4731 VLLM::Worker_TP;4716 VLLM::Worker_TP; 121 python3;94.8 opencode;25.7 vllm;"
1788649921,2026-09-05T23:12:01+00:00,10431.76,52000,57125,53000,53500,52000,51500,57250,52000,54250,267.80,1.96,3266233,94.08,61.64,49.74,1003,808,112,50,70.55,41003,1,53,75.50,40538,1,[N/A],[N/A],[N/A],[N/A],4,4,"%CPU COMMAND;4740 VLLM::Worker_TP;4724 VLLM::Worker_TP; 500 ps; 119 python3;94.8 opencode;"
1788649923,2026-09-05T23:12:03+00:00,10433.34,51750,57000,53750,53000,51500,51500,57000,52000,53000,267.61,1.91,3266228,94.08,61.64,49.74,1003,808,112,50,69.89,41003,1,53,72.63,40538,1,[N/A],[N/A],[N/A],[N/A],4,4,"%CPU COMMAND;4748 VLLM::Worker_TP;4733 VLLM::Worker_TP; 118 python3;94.8 opencode;25.3 vllm;"
1788649924,2026-09-05T23:12:04+00:00,10434.89,52000,57125,53500,55250,52000,51500,57000,52000,56250,264.86,1.89,3243854,96.08,62.59,50.11,1003,808,112,50,69.05,41003,1,54,75.49,40538,1,[N/A],[N/A],[N/A],[N/A],4,4,"%CPU COMMAND;4754 VLLM::Worker_TP;4742 VLLM::Worker_TP; 500 ps; 116 python3;94.8 opencode;"
1788649926,2026-09-05T23:12:06+00:00,10436.47,51750,57125,55250,52500,51750,53500,57000,52000,53750,268.91,1.93,3268802,96.08,62.59,50.11,1003,808,112,50,68.84,41003,1,54,74.07,40538,1,[N/A],[N/A],[N/A],[N/A],4,4,"%CPU COMMAND;4762 VLLM::Worker_TP;4751 VLLM::Worker_TP; 115 python3;94.8 opencode;24.9 vllm;"
1788649928,2026-09-05T23:12:08+00:00,10438.08,52250,57125,52500,52750,51250,51750,57750,53500,56250,271.82,1.93,3268772,96.08,62.59,50.11,1003,808,112,50,70.29,41003,1,54,73.19,40538,1,[N/A],[N/A],[N/A],[N/A],4,4,"%CPU COMMAND;4770 VLLM::Worker_TP;4759 VLLM::Worker_TP; 600 ps; 114 python3;94.7 opencode;"
1788649929,2026-09-05T23:12:09+00:00,10439.65,52000,57375,53250,52750,51500,55500,57500,51500,56250,268.24,1.93,3266172,97.35,63.41,50.45,1003,808,112,50,70.09,41003,1,54,75.61,40538,1,[N/A],[N/A],[N/A],[N/A],4,4,"%CPU COMMAND;4778 VLLM::Worker_TP;4767 VLLM::Worker_TP; 112 python3;94.7 opencode;24.5 vllm;"
1788649931,2026-09-05T23:12:11+00:00,10441.27,52250,57375,53000,53000,51750,53500,54500,51750,56000,271.45,1.92,3266233,97.35,63.41,50.45,1003,808,112,50,69.68,41003,1,54,72.82,40538,1,[N/A],[N/A],[N/A],[N/A],4,4,"%CPU COMMAND;4785 VLLM::Worker_TP;4775 VLLM::Worker_TP; 111 python3;94.7 opencode;24.3 vllm;"
1788649932,2026-09-05T23:12:12+00:00,10442.86,52250,57500,53000,52750,51000,55500,58000,52000,56750,272.64,1.95,3266215,97.35,63.41,50.45,1003,808,112,51,70.18,41003,1,54,75.24,40538,1,[N/A],[N/A],[N/A],[N/A],4,4,"%CPU COMMAND;4794 VLLM::Worker_TP;4782 VLLM::Worker_TP; 110 python3;94.7 opencode;24.1 vllm;"
1788649934,2026-09-05T23:12:14+00:00,10444.45,52250,57250,53000,53000,51500,54250,53750,56000,56000,266.80,1.89,3268749,98.61,64.23,50.78,1003,808,112,51,71.06,41003,1,54,72.77,40538,2,[N/A],[N/A],[N/A],[N/A],4,4,"%CPU COMMAND;4800 VLLM::Worker_TP;4789 VLLM::Worker_TP; 108 python3;94.7 opencode;23.9 vllm;"
1788649936,2026-09-05T23:12:16+00:00,10446.01,52000,57125,53250,54000,51750,55750,53500,55250,54000,267.45,1.89,3251214,98.61,64.23,50.78,1003,808,112,51,69.44,41003,1,54,76.59,40538,1,[N/A],[N/A],[N/A],[N/A],4,4,"%CPU COMMAND;4807 VLLM::Worker_TP;4797 VLLM::Worker_TP; 107 python3;94.7 opencode;23.8 vllm;"
1788649937,2026-09-05T23:12:17+00:00,10447.59,56000,56875,53250,52750,51750,53750,54000,55250,52500,268.61,1.93,3252647,98.61,64.23,50.78,1003,808,112,51,70.70,41003,1,54,71.67,40538,1,[N/A],[N/A],[N/A],[N/A],4,4,"%CPU COMMAND;4802 VLLM::Worker_TP;4792 VLLM::Worker_TP; 106 python3;94.7 opencode;23.6 vllm;"
1788649939,2026-09-05T23:12:19+00:00,10449.14,55500,57000,54750,52500,51250,54500,55750,51750,52750,255.85,1.87,3268804,98.61,64.23,50.78,1003,808,112,51,68.94,41003,1,54,73.20,40538,1,[N/A],[N/A],[N/A],[N/A],4,4,"%CPU COMMAND;4807 VLLM::Worker_TP;4799 VLLM::Worker_TP; 105 python3;94.7 opencode;23.4 vllm;"
1788649940,2026-09-05T23:12:20+00:00,10450.68,55750,57000,53250,52750,51250,52250,56250,51750,52750,265.35,1.86,3259043,100.32,65.16,51.15,1003,808,112,51,71.38,41003,1,54,72.62,40538,1,[N/A],[N/A],[N/A],[N/A],4,4,"%CPU COMMAND;4814 VLLM::Worker_TP;4805 VLLM::Worker_TP; 104 python3;94.7 opencode;23.2 vllm;"
1788649942,2026-09-05T23:12:22+00:00,10452.24,53500,57125,52250,53000,51750,53750,57500,52750,52750,267.53,1.88,3266174,100.32,65.16,51.15,1003,808,112,51,69.95,41003,1,54,73.37,40538,0,[N/A],[N/A],[N/A],[N/A],4,4,"%CPU COMMAND;4821 VLLM::Worker_TP;4812 VLLM::Worker_TP; 102 python3;94.7 opencode;23.1 vllm;"
1788649943,2026-09-05T23:12:23+00:00,10453.81,55500,57125,52750,52750,51250,53750,55750,52750,52500,266.39,1.89,3266207,100.32,65.16,51.15,1003,808,112,51,70.72,41003,1,54,70.14,40538,1,[N/A],[N/A],[N/A],[N/A],4,4,"%CPU COMMAND;4828 VLLM::Worker_TP;4817 VLLM::Worker_TP; 101 python3;94.7 opencode;22.9 vllm;"
1788649945,2026-09-05T23:12:25+00:00,10455.39,52750,56875,53250,53000,52000,52250,54750,51500,53000,269.31,1.90,3241501,101.34,65.95,51.49,1003,808,112,51,71.32,41003,1,54,70.88,40538,0,[N/A],[N/A],[N/A],[N/A],4,4,"%CPU COMMAND;4834 VLLM::Worker_TP;4823 VLLM::Worker_TP; 100 python3;94.7 opencode;22.7 vllm;"
1788649947,2026-09-05T23:12:27+00:00,10456.93,53250,57125,53000,52500,51000,53750,54000,52000,54000,262.23,1.86,3266215,101.34,65.95,51.49,1003,808,112,51,69.81,41003,1,55,76.63,40538,1,[N/A],[N/A],[N/A],[N/A],4,4,"%CPU COMMAND;4839 VLLM::Worker_TP;4829 VLLM::Worker_TP;99.7 python3;94.7 opencode;22.6 vllm;"
1788649948,2026-09-05T23:12:28+00:00,10458.45,54750,56875,53000,53000,51250,53500,53750,52000,55750,255.51,1.83,3258744,101.34,65.95,51.49,1003,808,112,51,69.82,41003,0,55,71.80,40538,1,[N/A],[N/A],[N/A],[N/A],4,4,"%CPU COMMAND;4844 VLLM::Worker_TP;4834 VLLM::Worker_TP; 600 ps;98.7 python3;94.7 opencode;"
1788649950,2026-09-05T23:12:30+00:00,10459.98,52500,57125,52750,53000,51500,51750,56750,55500,55750,263.58,2.10,3266190,102.83,66.85,51.85,1003,808,112,51,69.06,41003,0,55,75.39,40538,1,[N/A],[N/A],[N/A],[N/A],4,4,"%CPU COMMAND;4849 VLLM::Worker_TP;4840 VLLM::Worker_TP;97.6 python3;94.7 opencode;22.3 vllm;"
1788649951,2026-09-05T23:12:31+00:00,10461.56,52000,57250,54250,54500,51250,53000,57750,56750,53500,268.45,1.88,3268750,102.83,66.85,51.85,1003,808,112,51,69.94,41003,0,55,74.85,40538,1,[N/A],[N/A],[N/A],[N/A],4,4,"%CPU COMMAND;4854 VLLM::Worker_TP;4846 VLLM::Worker_TP;96.7 python3;94.7 opencode;22.1 vllm;"
1788649953,2026-09-05T23:12:33+00:00,10463.10,56250,57125,55750,53000,51750,52750,55250,53000,53250,264.54,1.87,3255909,102.83,66.85,51.85,1003,808,112,51,69.96,41003,1,55,71.65,40538,0,[N/A],[N/A],[N/A],[N/A],4,4,"%CPU COMMAND;4859 VLLM::Worker_TP;4851 VLLM::Worker_TP;95.7 python3;94.7 opencode;21.9 vllm;"
1788649954,2026-09-05T23:12:34+00:00,10464.65,55000,57000,53500,52750,51500,53750,56750,52750,52750,264.57,1.88,3266226,103.81,67.65,52.19,1003,808,112,51,69.91,41003,1,55,74.81,40538,1,[N/A],[N/A],[N/A],[N/A],4,4,"%CPU COMMAND;4864 VLLM::Worker_TP;4856 VLLM::Worker_TP;94.8 python3;94.7 opencode;21.8 vllm;"
1788649956,2026-09-05T23:12:36+00:00,10466.21,55750,56875,53500,52750,51500,52750,53750,55250,52500,268.06,1.90,3268833,103.81,67.65,52.19,1003,808,112,51,69.86,41003,1,55,74.31,40538,1,[N/A],[N/A],[N/A],[N/A],4,4,"%CPU COMMAND;4870 VLLM::Worker_TP;4862 VLLM::Worker_TP;94.7 opencode;93.8 python3;21.6 vllm;"
1788649957,2026-09-05T23:12:37+00:00,10467.90,53250,57375,53000,53000,51750,53500,54000,58000,52500,283.55,2.07,3266225,103.81,67.65,52.19,1003,808,112,51,69.32,41003,0,55,77.40,40538,1,[N/A],[N/A],[N/A],[N/A],4,4,"%CPU COMMAND;4875 VLLM::Worker_TP;4868 VLLM::Worker_TP; 600 ps;94.7 opencode;92.8 python3;"
1788649959,2026-09-05T23:12:39+00:00,10469.51,55750,57125,53250,52750,51500,54500,53500,55250,52750,269.36,1.95,3268793,105.10,68.52,52.56,1003,808,112,51,70.69,41003,1,55,76.99,40538,1,[N/A],[N/A],[N/A],[N/A],4,4,"%CPU COMMAND;4881 VLLM::Worker_TP;4874 VLLM::Worker_TP; 500 ps;94.7 opencode;91.9 python3;"
1788649961,2026-09-05T23:12:41+00:00,10471.14,54750,57000,53250,53000,52250,54750,53750,52500,52750,277.71,1.95,3268775,105.10,68.52,52.56,1003,808,112,51,69.15,41003,1,55,75.13,40538,1,[N/A],[N/A],[N/A],[N/A],4,4,"%CPU COMMAND;4886 VLLM::Worker_TP;4880 VLLM::Worker_TP;94.7 opencode;91.0 python3;21.2 vllm;"
1788649962,2026-09-05T23:12:42+00:00,10472.78,52500,56875,53250,53000,53500,52500,55500,52250,56250,278.51,1.99,3266248,105.10,68.52,52.56,1003,808,112,52,70.36,41003,1,55,73.21,40538,1,[N/A],[N/A],[N/A],[N/A],4,4,"%CPU COMMAND;4891 VLLM::Worker_TP;4876 VLLM::Worker_TP;94.7 opencode;90.1 python3;21.0 vllm;"
1788649964,2026-09-05T23:12:44+00:00,10474.37,52250,57000,52750,52250,55000,55750,57250,52000,56500,271.34,1.68,3268816,105.10,68.52,52.56,1003,808,112,51,68.62,41003,1,55,75.26,40538,1,[N/A],[N/A],[N/A],[N/A],4,4,"%CPU COMMAND;4885 VLLM::Worker_TP;4881 VLLM::Worker_TP;94.7 opencode;89.2 python3;20.9 vllm;"
1788649966,2026-09-05T23:12:46+00:00,10475.99,52500,57000,53250,53000,52000,53750,55750,53750,57000,274.10,1.96,3266238,105.82,69.28,52.89,1003,808,112,52,71.53,41003,1,55,75.32,40538,1,[N/A],[N/A],[N/A],[N/A],4,4,"%CPU COMMAND;4891 VLLM::Worker_TP;4886 VLLM::Worker_TP;94.7 opencode;88.4 python3;20.8 vllm;"
1788649967,2026-09-05T23:12:47+00:00,10477.62,52250,56875,53000,52750,51250,52250,56500,54750,54500,279.04,1.99,3266219,105.82,69.28,52.89,1003,808,112,52,70.83,41003,1,55,75.64,40538,1,[N/A],[N/A],[N/A],[N/A],4,4,"%CPU COMMAND;4897 VLLM::Worker_TP;4891 VLLM::Worker_TP;94.7 opencode;87.5 python3;20.6 vllm;"
1788649969,2026-09-05T23:12:49+00:00,10479.20,54750,56875,55750,52500,52000,53750,53750,52000,52500,269.30,1.90,3256765,105.82,69.28,52.89,1003,808,112,52,68.75,41003,0,55,75.89,40538,1,[N/A],[N/A],[N/A],[N/A],4,4,"%CPU COMMAND;4899 VLLM::Worker_TP;4896 VLLM::Worker_TP;94.7 opencode;86.7 python3;20.5 vllm;"
1788649970,2026-09-05T23:12:50+00:00,10480.79,54750,56875,53250,53000,51750,55000,55750,51750,52750,271.76,1.92,3266174,106.47,70.02,53.22,1003,808,112,52,70.31,41003,1,55,74.06,40538,1,[N/A],[N/A],[N/A],[N/A],4,4,"%CPU COMMAND;4903 VLLM::Worker_TP;4901 VLLM::Worker_TP; 500 ps;94.7 opencode;85.9 python3;"
1788649972,2026-09-05T23:12:52+00:00,10482.42,55000,56750,53750,52750,53500,52500,55000,52500,53000,279.46,1.97,3266168,106.47,70.02,53.22,1003,808,112,52,69.17,41003,1,55,74.42,40538,1,[N/A],[N/A],[N/A],[N/A],4,4,"%CPU COMMAND;4908 VLLM::Worker_TP;4906 VLLM::Worker_TP;94.7 opencode;85.2 python3;20.2 vllm;"
1788649974,2026-09-05T23:12:54+00:00,10484.03,56500,56625,53250,53000,52750,56500,55250,52250,53000,277.32,1.96,3250279,106.47,70.02,53.22,1003,808,112,52,70.28,41003,1,56,73.33,40538,0,[N/A],[N/A],[N/A],[N/A],4,4,"%CPU COMMAND;4912 VLLM::Worker_TP;4910 VLLM::Worker_TP; 600 ps;94.7 opencode;84.4 python3;"
1788649975,2026-09-05T23:12:55+00:00,10485.65,54750,56625,52750,52750,51750,52000,56500,51750,52750,273.09,1.94,3268765,106.99,70.73,53.54,1003,808,112,52,70.56,41003,1,56,77.86,40538,1,[N/A],[N/A],[N/A],[N/A],4,4,"%CPU COMMAND;4916 VLLM::Worker_TP;4915 VLLM::Worker_TP; 600 ps;94.6 opencode;83.6 python3;"
1788649977,2026-09-05T23:12:57+00:00,10487.21,52000,56750,52750,53000,51750,52250,56500,52000,56250,266.52,1.90,3266153,106.99,70.73,53.54,1003,808,112,52,70.56,41003,1,56,76.91,40538,1,[N/A],[N/A],[N/A],[N/A],4,4,"%CPU COMMAND;4921 VLLM::Worker_TP;4921 VLLM::Worker_TP;94.6 opencode;82.9 python3;19.8 vllm;"
1788649978,2026-09-05T23:12:58+00:00,10488.81,52500,56625,53250,53000,52000,52500,56250,52250,53750,270.59,1.92,3268758,106.99,70.73,53.54,1003,808,112,52,71.46,41003,1,56,74.64,40538,1,[N/A],[N/A],[N/A],[N/A],4,4,"%CPU COMMAND;4926 VLLM::Worker_TP;4925 VLLM::Worker_TP;94.6 opencode;82.2 python3;19.7 vllm;"
1788649980,2026-09-05T23:13:00+00:00,10490.40,52250,56500,54000,52750,51750,54500,56250,52250,54500,270.36,1.91,3246222,107.48,71.43,53.86,1003,808,112,52,71.83,41003,1,56,74.51,40538,1,[N/A],[N/A],[N/A],[N/A],4,4,"%CPU COMMAND;4931 VLLM::Worker_TP;4930 VLLM::Worker_TP;94.6 opencode;81.5 python3;19.6 vllm;"
1788649982,2026-09-05T23:13:02+00:00,10492.01,52250,56500,53000,52500,53750,52250,53750,56000,56750,273.06,1.95,3246210,107.48,71.43,53.86,1003,808,112,52,71.78,41003,1,56,74.03,40538,0,[N/A],[N/A],[N/A],[N/A],4,4,"%CPU COMMAND;4936 VLLM::Worker_TP;4933 VLLM::Worker_TP;94.6 opencode;80.7 python3;19.4 vllm;"
1788649983,2026-09-05T23:13:03+00:00,10493.59,52500,56625,53750,52750,52250,53750,56500,52250,54000,268.59,1.92,3261746,107.48,71.43,53.86,1003,808,112,52,70.59,41003,0,56,76.83,40538,1,[N/A],[N/A],[N/A],[N/A],4,4,"%CPU COMMAND;4938 VLLM::Worker_TP;4938 VLLM::Worker_TP;94.6 opencode;80.1 python3;19.3 vllm;"
1788649985,2026-09-05T23:13:05+00:00,10495.16,52250,56750,53500,53000,53500,52750,54000,55250,55750,266.59,1.94,3263565,107.84,72.11,54.17,1003,808,112,52,70.30,41003,1,56,77.23,40538,1,[N/A],[N/A],[N/A],[N/A],4,4,"%CPU COMMAND;4944 VLLM::Worker_TP;4943 VLLM::Worker_TP; 600 ps;94.6 opencode;79.4 python3;"
1788649986,2026-09-05T23:13:06+00:00,10496.83,51000,56625,52250,52000,51000,51750,53000,54000,57250,280.88,2.00,3268769,107.84,72.11,54.17,1003,808,112,52,70.95,41003,1,56,77.34,40538,0,[N/A],[N/A],[N/A],[N/A],4,4,"%CPU COMMAND;4948 VLLM::Worker_TP;4936 VLLM::Worker_TP;94.6 opencode;78.7 python3;19.1 vllm;"
1788649988,2026-09-05T23:13:08+00:00,10498.41,52250,56625,52750,53000,52500,52500,53750,53750,57000,261.99,1.92,3266288,107.84,72.11,54.17,1003,808,112,52,72.48,41003,1,56,77.95,40538,1,[N/A],[N/A],[N/A],[N/A],4,4,"%CPU COMMAND;4947 VLLM::Worker_TP;4941 VLLM::Worker_TP;94.5 opencode;78.1 python3;19.0 vllm;"
1788649990,2026-09-05T23:13:10+00:00,10499.98,52000,56625,53000,53000,52750,52250,54000,56250,53000,265.04,1.82,3241891,108.33,72.80,54.49,1003,808,112,52,68.41,41003,27,56,78.22,40538,1,[N/A],[N/A],[N/A],[N/A],4,4,"%CPU COMMAND;4945 VLLM::Worker_TP;4942 VLLM::Worker_TP;94.5 opencode;77.4 python3;18.9 vllm;"
1788649991,2026-09-05T23:13:11+00:00,10501.55,52250,56375,52500,52500,55750,52750,53750,53750,54000,265.48,1.90,3241567,108.33,72.80,54.49,1003,808,112,52,69.41,41003,0,56,76.61,40538,5,[N/A],[N/A],[N/A],[N/A],4,4,"%CPU COMMAND;4945 VLLM::Worker_TP;4938 VLLM::Worker_TP;94.5 opencode;76.8 python3;18.7 vllm;"
1788649993,2026-09-05T23:13:13+00:00,10503.07,51250,57125,53000,52000,50500,52000,52750,51250,58250,247.67,1.58,3268789,108.33,72.80,54.49,1003,808,112,52,73.98,41003,2,56,78.90,40998,0,[N/A],[N/A],[N/A],[N/A],4,4,"%CPU COMMAND;4951 VLLM::Worker_TP;4903 VLLM::Worker_TP; 116 torch_shm_manag;94.5 opencode;76.3 python3;"
1788649994,2026-09-05T23:13:14+00:00,10504.60,53250,57125,51500,50250,48250,49500,51250,49250,53500,220.87,1.08,2698771,99.82,71.63,54.21,1003,808,112,52,72.15,44683,0,56,72.27,41339,0,[N/A],[N/A],[N/A],[N/A],4,4,"%CPU COMMAND;4923 VLLM::Worker_TP;4867 VLLM::Worker_TP;94.5 opencode;76.5 python3;18.5 vllm;"
1788649996,2026-09-05T23:13:16+00:00,10506.11,49000,56750,50500,50000,48250,48500,55750,48500,50250,173.20,0.78,2757021,99.82,71.63,54.21,1003,817,112,52,67.01,41463,0,56,67.42,41339,0,[N/A],[N/A],[N/A],[N/A],4,4,"%CPU COMMAND;4888 VLLM::Worker_TP;4832 VLLM::Worker_TP;94.5 opencode;76.6 python3;18.4 vllm;"
1788649997,2026-09-05T23:13:17+00:00,10507.62,48500,56625,49250,48500,48500,48750,55500,48250,49750,160.57,0.41,1500000,99.82,71.63,54.21,1003,835,112,52,66.42,41463,0,56,67.09,41339,0,[N/A],[N/A],[N/A],[N/A],4,4,"%CPU COMMAND;4854 VLLM::Worker_TP;4798 VLLM::Worker_TP;94.5 opencode;76.8 python3;18.3 vllm;"
1788649999,2026-09-05T23:13:19+00:00,10509.12,47250,56375,49250,48500,47750,48500,55500,48000,49000,155.86,0.42,1500000,99.82,71.63,54.21,1003,852,112,52,66.26,41463,0,56,66.97,41339,0,[N/A],[N/A],[N/A],[N/A],4,4,"%CPU COMMAND;4817 VLLM::Worker_TP;4762 VLLM::Worker_TP;94.5 opencode;18.2 vllm;10.8 VLLM::EngineCor;"
1788650000,2026-09-05T23:13:20+00:00,10510.72,47750,55875,50500,48500,48000,48500,49500,48000,50000,177.91,2.91,3393556,92.06,70.49,53.93,1003,856,112,52,66.25,40998,0,56,67.53,41000,0,[N/A],[N/A],[N/A],[N/A],4,4,"%CPU COMMAND;4784 VLLM::Worker_TP;4729 VLLM::Worker_TP;94.5 opencode;18.1 vllm;10.7 VLLM::EngineCor;"
1788650002,2026-09-05T23:13:22+00:00,10512.23,47500,55375,48750,48500,47000,47250,48500,47000,49000,162.30,2.50,1500000,92.06,70.49,53.93,1003,858,112,52,69.31,30,8,56,67.11,41000,0,[N/A],[N/A],[N/A],[N/A],4,4,"%CPU COMMAND;4751 VLLM::Worker_TP;4696 VLLM::Worker_TP;94.5 opencode;18.0 vllm;10.6 VLLM::EngineCor;"
1788650003,2026-09-05T23:13:23+00:00,10513.74,47000,54375,49250,47500,46500,47500,50750,46750,48500,144.00,0.55,1496998,92.06,70.49,53.93,1003,858,112,52,70.97,30,0,56,67.91,41000,0,[N/A],[N/A],[N/A],[N/A],4,4,"%CPU COMMAND;4664 VLLM::Worker_TP;94.5 opencode;17.9 vllm;10.6 VLLM::EngineCor; 4.8 containerd;"
1788650005,2026-09-05T23:13:25+00:00,10515.25,46250,53500,48250,47750,46250,47500,48250,48500,47750,140.40,0.71,1496960,84.77,69.34,53.65,1003,858,112,51,39.00,30,0,56,66.03,41000,0,[N/A],[N/A],[N/A],[N/A],4,4,"%CPU COMMAND;4632 VLLM::Worker_TP;94.5 opencode;17.8 vllm;10.5 VLLM::EngineCor; 4.8 containerd;"
1788650006,2026-09-05T23:13:26+00:00,10516.76,46000,52750,49000,46750,47500,46750,48250,46250,46500,137.78,0.29,2752032,84.77,69.34,53.65,1003,858,112,51,26.95,30,0,56,66.39,41000,0,[N/A],[N/A],[N/A],[N/A],2,4,"%CPU COMMAND;4600 VLLM::Worker_TP;94.6 opencode;17.7 vllm;10.4 VLLM::EngineCor; 4.8 containerd;"
1788650008,2026-09-05T23:13:28+00:00,10518.29,46000,52000,47750,46750,47250,46250,47500,45250,47000,135.47,0.34,3443079,84.77,69.34,53.65,1003,858,112,51,16.36,30,0,56,66.56,41000,0,[N/A],[N/A],[N/A],[N/A],1,4,"%CPU COMMAND;4568 VLLM::Worker_TP;94.6 opencode;17.6 vllm;10.3 VLLM::EngineCor; 4.8 containerd;"
1788650009,2026-09-05T23:13:29+00:00,10519.83,46000,51625,47750,46500,45500,46000,48250,45500,47250,144.85,0.29,2047894,77.98,68.18,53.36,1003,858,112,51,14.06,30,0,56,66.90,41000,0,[N/A],[N/A],[N/A],[N/A],1,4,"%CPU COMMAND;4536 VLLM::Worker_TP;94.6 opencode;17.5 vllm;10.3 VLLM::EngineCor; 4.8 containerd;"
1788650011,2026-09-05T23:13:31+00:00,10521.39,45750,51125,47500,46500,45750,46000,48000,45250,49000,146.29,0.37,1406961,77.98,68.18,53.36,1003,858,112,51,13.12,30,0,56,56.31,41000,0,[N/A],[N/A],[N/A],[N/A],1,2,"%CPU COMMAND;4505 VLLM::Worker_TP;94.6 opencode;17.4 vllm;10.2 VLLM::EngineCor; 4.8 containerd;"
1788650013,2026-09-05T23:13:33+00:00,10522.95,47000,51000,48500,47250,47250,46250,47750,45750,48000,151.18,0.43,1500000,77.98,68.18,53.36,1003,860,112,50,15.05,4,0,55,22.46,4,0,[N/A],[N/A],[N/A],[N/A],1,4,"%CPU COMMAND; 400 ps;94.6 opencode;17.3 vllm;10.3 VLLM::EngineCor; 4.8 containerd;"
1788650015,2026-09-05T23:13:35+00:00,10524.93,46250,51375,48250,47500,46750,52750,48750,46000,48000,215.83,0.50,1888359,71.82,67.07,53.08,1003,861,112,50,17.23,4,0,56,81.07,4,0,[N/A],[N/A],[N/A],[N/A],1,4,"%CPU COMMAND;94.6 opencode;17.4 vllm; 4.8 containerd; 2.0 nvtop; 1.7 dcgm-exporter;"
1788650016,2026-09-05T23:13:36+00:00,10526.48,47500,51375,48250,47000,46250,47000,49500,45750,47500,171.41,0.42,1496840,71.82,67.07,53.08,1003,861,112,50,17.55,4,0,55,61.07,4,0,[N/A],[N/A],[N/A],[N/A],1,4,"%CPU COMMAND;94.6 opencode;17.9 vllm; 4.8 containerd; 2.0 nvtop; 1.7 dcgm-exporter;"
1788650018,2026-09-05T23:13:38+00:00,10528.16,46250,51250,47750,47000,47250,47250,48250,48000,47500,176.25,0.45,1493855,71.82,67.07,53.08,1003,863,112,50,17.39,2,0,55,38.35,2,0,[N/A],[N/A],[N/A],[N/A],1,4,"%CPU COMMAND; 400 ps;94.6 opencode; 4.8 containerd; 2.0 nvtop; 1.7 dcgm-exporter;"
1788650019,2026-09-05T23:13:39+00:00,10529.83,45750,50750,47250,47250,46000,46250,47000,44750,46750,158.70,0.35,1675195,66.15,65.97,52.80,1003,862,112,50,15.58,2,0,55,38.02,2,0,[N/A],[N/A],[N/A],[N/A],1,2,"%CPU COMMAND;94.6 opencode; 4.8 containerd; 2.0 nvtop; 1.7 dcgm-exporter; 1.3 atop;"
1788650021,2026-09-05T23:13:41+00:00,10531.57,45750,50500,47500,46500,44750,45500,47000,45250,47000,170.71,0.41,1500000,66.15,65.97,52.80,1003,863,112,50,14.26,2,0,55,17.39,2,0,[N/A],[N/A],[N/A],[N/A],1,1,"%CPU COMMAND;94.6 opencode; 4.8 containerd; 2.0 nvtop; 1.7 dcgm-exporter; 1.3 atop;"
1788650023,2026-09-05T23:13:43+00:00,10533.30,45000,49875,47000,46000,44750,45250,47000,44750,46750,162.20,0.29,1500000,66.15,65.97,52.80,1003,863,112,49,14.27,2,0,55,17.04,2,0,[N/A],[N/A],[N/A],[N/A],1,1,"%CPU COMMAND;94.6 opencode; 4.8 containerd; 2.0 nvtop; 1.7 dcgm-exporter; 1.3 atop;"
1788650025,2026-09-05T23:13:45+00:00,10535.05,45500,49875,47250,47250,45000,47000,47000,45250,47000,170.10,0.41,1500000,61.17,64.94,52.54,1003,862,112,49,15.76,2,0,54,16.64,2,0,[N/A],[N/A],[N/A],[N/A],1,1,"%CPU COMMAND;94.6 opencode; 4.8 containerd; 2.0 nvtop; 1.7 dcgm-exporter; 1.3 atop;"
1788650026,2026-09-05T23:13:46+00:00,10536.77,45250,49625,47500,46000,45250,47000,47500,47000,46500,171.82,0.34,1500000,61.17,64.94,52.54,1003,863,112,49,15.29,2,0,54,16.12,2,0,[N/A],[N/A],[N/A],[N/A],1,1,"%CPU COMMAND;94.7 opencode; 4.8 containerd; 2.0 nvtop; 1.7 dcgm-exporter; 1.3 atop;"
1788650028,2026-09-05T23:13:48+00:00,10538.52,46250,49125,46250,48000,44750,45750,46750,46000,46750,163.20,0.30,2027025,61.17,64.94,52.54,1003,863,112,49,14.10,2,0,54,15.55,2,0,[N/A],[N/A],[N/A],[N/A],1,1,"%CPU COMMAND; 400 ps;94.7 opencode; 4.8 containerd; 2.0 nvtop; 1.7 dcgm-exporter;"
1788650030,2026-09-05T23:13:50+00:00,10540.26,45000,49125,46750,45500,44750,46000,46750,45000,46500,170.76,0.33,1500000,56.27,63.86,52.26,1003,863,112,49,14.35,2,0,54,16.66,2,0,[N/A],[N/A],[N/A],[N/A],1,1,"%CPU COMMAND;94.7 opencode; 4.8 containerd; 2.0 nvtop; 1.7 dcgm-exporter; 1.3 atop;"
1788650032,2026-09-05T23:13:52+00:00,10542.01,44750,48750,47000,45000,44500,45250,46500,46500,45250,156.94,0.30,1500000,56.27,63.86,52.26,1003,863,112,49,15.61,2,0,54,16.41,2,0,[N/A],[N/A],[N/A],[N/A],1,1,"%CPU COMMAND;94.7 opencode; 4.8 containerd; 2.0 nvtop; 1.7 dcgm-exporter; 1.3 atop;"
1788650033,2026-09-05T23:13:53+00:00,10543.76,45000,48375,45750,45000,44500,45500,47750,44500,46000,156.86,0.34,1500000,56.27,63.86,52.26,1003,863,112,49,15.13,2,0,54,15.84,2,0,[N/A],[N/A],[N/A],[N/A],1,1,"%CPU COMMAND;94.7 opencode; 4.8 containerd; 2.0 nvtop; 1.7 dcgm-exporter; 1.3 atop;"
1788650035,2026-09-05T23:13:55+00:00,10545.48,45000,48000,46000,45500,44750,44500,46250,44750,45750,155.64,0.36,1500000,52.08,62.87,52.00,1003,863,112,48,14.23,2,0,53,15.34,2,0,[N/A],[N/A],[N/A],[N/A],1,1,"%CPU COMMAND;94.7 opencode; 4.8 containerd; 2.0 nvtop; 1.7 dcgm-exporter; 1.3 atop;"
1788650037,2026-09-05T23:13:57+00:00,10547.23,44500,48250,46250,45250,44000,45250,46000,44250,46500,165.61,0.31,1500000,52.08,62.87,52.00,1003,863,112,48,12.89,2,0,53,15.87,2,0,[N/A],[N/A],[N/A],[N/A],1,1,"%CPU COMMAND;94.7 opencode; 4.8 containerd; 2.0 nvtop; 1.7 dcgm-exporter; 1.3 atop;"
1788650039,2026-09-05T23:13:59+00:00,10548.96,44000,47875,45750,45750,44250,47250,47000,44250,45500,155.30,0.35,1500000,52.08,62.87,52.00,1003,863,112,48,14.01,2,0,53,16.42,2,0,[N/A],[N/A],[N/A],[N/A],1,1,"%CPU COMMAND;94.7 opencode; 4.8 containerd; 2.0 nvtop; 1.7 dcgm-exporter; 1.3 atop;"
1788650040,2026-09-05T23:14:00+00:00,10550.73,44500,47875,45750,45000,44250,45250,48000,44250,45500,165.67,0.34,1497005,47.91,61.83,51.72,1003,863,112,48,13.55,2,0,53,15.61,2,0,[N/A],[N/A],[N/A],[N/A],1,1,"%CPU COMMAND; 400 ps;94.7 opencode; 4.8 containerd; 2.0 nvtop; 1.7 dcgm-exporter;"
1788650042,2026-09-05T23:14:02+00:00,10552.46,45250,47625,45750,44500,44750,45000,45750,44250,45250,157.39,0.32,1500000,47.91,61.83,51.72,1003,863,112,48,13.78,2,0,53,15.17,2,0,[N/A],[N/A],[N/A],[N/A],1,1,"%CPU COMMAND; 400 ps;94.7 opencode; 4.8 containerd; 2.0 nvtop; 1.7 dcgm-exporter;"
1788650044,2026-09-05T23:14:04+00:00,10554.20,44000,47625,45500,45250,43500,44500,47000,44250,45250,157.12,0.46,1500000,47.91,61.83,51.72,1003,863,112,48,13.59,2,0,53,15.73,2,0,[N/A],[N/A],[N/A],[N/A],1,1,"%CPU COMMAND;94.7 opencode; 4.8 containerd; 2.0 nvtop; 1.7 dcgm-exporter; 1.3 atop;"
1788650046,2026-09-05T23:14:06+00:00,10555.97,44750,47500,45750,44750,44000,44500,46000,43500,45500,156.74,0.33,1496877,44.24,60.83,51.45,1003,863,112,48,13.55,2,0,53,16.32,2,0,[N/A],[N/A],[N/A],[N/A],1,1,"%CPU COMMAND;94.7 opencode; 4.8 containerd; 2.0 nvtop; 1.7 dcgm-exporter; 1.3 atop;"
1788650047,2026-09-05T23:14:07+00:00,10557.70,44500,47250,45500,44500,43750,45750,47750,44000,44750,156.47,0.33,1500000,44.24,60.83,51.45,1003,863,112,48,14.08,2,0,52,15.70,2,0,[N/A],[N/A],[N/A],[N/A],1,1,"%CPU COMMAND;94.7 opencode; 4.8 containerd; 2.0 nvtop; 1.7 dcgm-exporter; 1.3 atop;"
1788650049,2026-09-05T23:14:09+00:00,10559.43,44000,47375,45250,44250,44250,45000,46500,45500,45000,159.54,0.32,1497020,40.69,59.82,51.17,1003,863,112,47,13.61,2,0,52,15.82,2,0,[N/A],[N/A],[N/A],[N/A],1,1,"%CPU COMMAND;94.7 opencode; 4.8 containerd; 2.0 nvtop; 1.7 dcgm-exporter; 1.3 atop;"
1788650051,2026-09-05T23:14:11+00:00,10561.16,43750,47375,45500,43750,44250,47250,46500,45750,44500,157.82,0.33,1500000,40.69,59.82,51.17,1003,863,112,47,15.26,2,0,52,15.69,2,0,[N/A],[N/A],[N/A],[N/A],1,1,"%CPU COMMAND;94.7 opencode; 4.8 containerd; 2.0 nvtop; 1.7 dcgm-exporter; 1.3 atop;"
1788650053,2026-09-05T23:14:13+00:00,10562.92,44750,47625,45750,45000,44500,44500,47500,44750,46250,170.66,0.40,1500000,40.69,59.82,51.17,1003,863,112,47,15.25,2,0,52,15.64,2,0,[N/A],[N/A],[N/A],[N/A],1,1,"%CPU COMMAND; 684 vllm;94.7 opencode; 4.8 containerd; 3.3 docker; 2.0 nvtop;"
1788650054,2026-09-05T23:14:14+00:00,10564.68,45250,51125,45750,45500,44500,45000,46000,44500,52000,203.96,0.89,1497014,37.60,58.86,50.91,1003,862,112,47,13.77,2,0,52,15.57,2,0,[N/A],[N/A],[N/A],[N/A],1,1,"%CPU COMMAND; 500 ps; 431 vllm;94.7 opencode; 4.8 containerd; 2.0 nvtop;"
1788650056,2026-09-05T23:14:16+00:00,10566.43,45250,52000,45500,45250,44500,46000,46250,44250,46000,180.61,0.46,2781091,37.60,58.86,50.91,1003,862,112,47,13.31,2,0,52,16.32,2,0,[N/A],[N/A],[N/A],[N/A],1,1,"%CPU COMMAND; 293 vllm;94.7 opencode; 4.8 containerd; 2.0 nvtop; 1.7 dcgm-exporter;"
1788650058,2026-09-05T23:14:18+00:00,10568.17,54750,53375,45750,45250,44250,44750,46000,44500,45250,177.10,0.49,1454667,37.60,58.86,50.91,1003,862,112,47,13.83,2,0,52,15.94,2,0,[N/A],[N/A],[N/A],[N/A],1,1,"%CPU COMMAND; 237 vllm;94.7 opencode; 4.8 containerd; 2.0 nvtop; 1.7 dcgm-exporter;"
1788650059,2026-09-05T23:14:20+00:00,10569.91,52750,53625,46000,44750,44500,45000,45500,44250,45500,179.51,0.43,1911589,34.67,57.90,50.64,1003,862,112,47,14.61,2,0,52,15.42,2,0,[N/A],[N/A],[N/A],[N/A],1,1,"%CPU COMMAND; 206 vllm;94.7 opencode; 4.8 containerd; 2.0 nvtop; 1.7 dcgm-exporter;"
1788650061,2026-09-05T23:14:21+00:00,10571.66,53250,53750,46000,45250,44500,44500,46500,44500,46000,177.31,0.43,2729650,34.67,57.90,50.64,1003,862,112,47,13.81,2,0,51,15.39,2,0,[N/A],[N/A],[N/A],[N/A],1,1,"%CPU COMMAND; 400 ps; 186 vllm;94.7 opencode; 4.8 containerd; 2.0 nvtop;"
1788650063,2026-09-05T23:14:23+00:00,10573.39,52500,54000,46250,45000,44750,45000,46250,45750,45250,180.64,0.46,1496978,34.67,57.90,50.64,1003,862,112,46,13.76,2,0,51,16.25,2,0,[N/A],[N/A],[N/A],[N/A],1,1,"%CPU COMMAND; 173 vllm;94.7 opencode; 4.8 containerd; 2.0 nvtop; 1.7 dcgm-exporter;"
1788650065,2026-09-05T23:14:25+00:00,10575.14,54000,53750,45750,45000,44750,44250,46000,45500,45250,179.48,0.41,1496985,32.05,56.97,50.38,1003,862,112,46,14.99,2,0,51,15.59,2,0,[N/A],[N/A],[N/A],[N/A],1,1,"%CPU COMMAND; 163 vllm;94.7 opencode; 4.8 containerd; 2.0 nvtop; 1.7 dcgm-exporter;"
1788650066,2026-09-05T23:14:26+00:00,10576.87,53500,53750,46000,44750,44250,45000,48250,44250,46000,178.07,0.37,1688945,32.05,56.97,50.38,1003,862,112,46,13.44,2,0,51,16.25,2,0,[N/A],[N/A],[N/A],[N/A],1,1,"%CPU COMMAND; 155 vllm;94.7 opencode; 4.8 containerd; 2.0 nvtop; 1.7 dcgm-exporter;"
1788650068,2026-09-05T23:14:28+00:00,10578.61,52250,53500,45750,46250,44750,45250,46500,44750,46750,179.72,0.38,2735236,32.05,56.97,50.38,1003,862,112,46,13.01,2,0,51,15.41,2,0,[N/A],[N/A],[N/A],[N/A],1,1,"%CPU COMMAND; 202 vllm;94.7 opencode; 4.8 containerd; 2.0 nvtop; 1.7 dcgm-exporter;"
1788650070,2026-09-05T23:14:30+00:00,10580.35,52750,53625,46000,45000,44250,44750,46250,44250,45500,195.64,0.76,1561570,29.64,56.06,50.12,1003,862,112,46,11.88,2,0,51,16.29,2,0,[N/A],[N/A],[N/A],[N/A],1,1,"%CPU COMMAND; 192 vllm;94.7 opencode; 4.8 containerd; 2.0 nvtop; 1.7 dcgm-exporter;"
1788650072,2026-09-05T23:14:32+00:00,10582.09,45750,53500,46000,45000,44000,46000,47750,44250,52500,196.17,0.87,1500000,29.64,56.06,50.12,1003,862,112,46,14.61,2,0,51,16.16,2,0,[N/A],[N/A],[N/A],[N/A],1,1,"%CPU COMMAND; 553 python3; 400 ps; 177 vllm;94.7 opencode; 4.8 containerd;"
1788650073,2026-09-05T23:14:33+00:00,10583.81,52750,53250,46250,45000,44750,45500,46750,44500,45750,183.03,0.45,3025755,29.64,56.06,50.12,1003,862,112,46,13.56,2,0,51,15.62,2,0,[N/A],[N/A],[N/A],[N/A],1,1,"%CPU COMMAND; 301 python3; 163 vllm;94.8 opencode; 4.8 containerd; 2.0 nvtop;"
1788650075,2026-09-05T23:14:35+00:00,10585.55,53000,53375,46750,44750,44000,46000,45750,44250,45000,177.10,0.45,1494850,27.43,55.16,49.86,1003,862,112,46,13.25,2,0,50,15.34,2,0,[N/A],[N/A],[N/A],[N/A],1,1,"%CPU COMMAND; 228 python3; 151 vllm;94.8 opencode; 4.8 containerd; 2.0 nvtop;"
1788650077,2026-09-05T23:14:37+00:00,10587.30,46250,53250,46000,44500,44000,45500,45750,46000,46000,180.78,0.51,1668018,27.43,55.16,49.86,1003,862,112,46,13.03,2,0,50,16.02,2,0,[N/A],[N/A],[N/A],[N/A],1,1,"%CPU COMMAND; 194 python3; 140 vllm;94.8 opencode; 4.8 containerd; 2.0 nvtop;"
1788650079,2026-09-05T23:14:39+00:00,10589.03,45250,53375,45750,45500,44500,45250,48750,44750,53750,196.26,0.94,1500000,27.43,55.16,49.86,1003,861,112,46,14.23,2,0,50,15.93,2,0,[N/A],[N/A],[N/A],[N/A],1,1,"%CPU COMMAND; 280 python3; 131 vllm;94.8 opencode; 4.8 containerd; 2.0 nvtop;"
1788650080,2026-09-05T23:14:40+00:00,10590.76,52500,52875,45750,45000,45000,45000,46750,45000,45250,185.13,0.45,1500000,25.39,54.28,49.60,1003,861,112,45,15.76,4,0,50,18.70,4,0,[N/A],[N/A],[N/A],[N/A],1,1,"%CPU COMMAND; 251 python3; 124 vllm;94.8 opencode; 4.8 containerd; 2.0 nvtop;"
1788650082,2026-09-05T23:14:42+00:00,10592.39,53500,53500,46000,44750,44000,45000,45250,44000,45500,167.36,0.36,1903814,25.39,54.28,49.60,1003,861,112,45,12.59,4,0,50,16.24,4,0,[N/A],[N/A],[N/A],[N/A],1,1,"%CPU COMMAND; 226 python3; 116 vllm;94.8 opencode; 4.8 containerd; 2.0 nvtop;"
1788650084,2026-09-05T23:14:44+00:00,10594.32,51000,54000,53750,46500,44750,47500,46750,46250,53000,248.12,1.11,2698618,25.39,54.28,49.60,1003,861,112,45,11.86,4,0,50,16.20,4,0,[N/A],[N/A],[N/A],[N/A],1,1,"%CPU COMMAND; 597 python3; 487 python3; 204 python3; 109 vllm;94.8 opencode;"
1788650086,2026-09-05T23:14:46+00:00,10596.29,48750,53375,45750,45000,44750,46000,47000,44500,45750,229.93,1.06,1500000,23.84,53.48,49.37,1003,862,112,45,12.34,2,0,50,15.68,2,0,[N/A],[N/A],[N/A],[N/A],1,1,"%CPU COMMAND; 105 vllm;94.8 opencode; 4.8 containerd; 2.0 nvtop; 1.7 dcgm-exporter;"
1788650088,2026-09-05T23:14:48+00:00,10597.98,44750,52750,46000,44750,44500,46000,46500,44250,51750,170.36,0.43,1500000,23.84,53.48,49.37,1003,862,112,45,16.42,4,0,50,22.25,4,0,[N/A],[N/A],[N/A],[N/A],1,1,"%CPU COMMAND; 104 vllm;94.9 opencode; 4.8 containerd; 2.0 nvtop; 1.7 dcgm-exporter;"
1788650089,2026-09-05T23:14:49+00:00,10599.56,53250,53000,47000,45750,46250,46750,47250,45000,52000,202.62,0.99,1500000,27.22,53.68,49.46,1003,861,112,45,16.67,4,0,50,16.93,4,0,[N/A],[N/A],[N/A],[N/A],1,1,"%CPU COMMAND; 663 python3; 518 python3; 104 vllm;94.8 opencode; 4.8 containerd;"
1788650091,2026-09-05T23:14:51+00:00,10601.44,45500,53625,46750,45000,44000,45750,45750,44500,55250,214.20,1.35,2159817,27.22,53.68,49.46,1003,861,112,45,13.52,4,0,50,17.38,4,0,[N/A],[N/A],[N/A],[N/A],1,1,"%CPU COMMAND; 104 vllm;94.8 opencode; 4.8 containerd; 2.0 nvtop; 1.7 dcgm-exporter;"
1788650093,2026-09-05T23:14:53+00:00,10603.36,44750,54125,46250,45000,43750,44500,46500,44750,54750,198.18,0.47,1500000,27.22,53.68,49.46,1003,861,112,45,13.62,4,0,49,17.71,4,0,[N/A],[N/A],[N/A],[N/A],1,1,"%CPU COMMAND; 400 ps; 104 vllm;94.8 opencode; 4.8 containerd; 2.0 nvtop;"
1788650095,2026-09-05T23:14:55+00:00,10605.26,45000,54000,45250,44250,43750,44500,46000,45750,54500,200.21,0.42,1500000,25.12,52.81,49.20,1003,861,112,45,13.17,4,0,49,17.37,4,0,[N/A],[N/A],[N/A],[N/A],1,1,"%CPU COMMAND; 400 ps; 103 vllm;94.8 opencode; 4.8 containerd; 2.0 nvtop;"
1788650097,2026-09-05T23:14:57+00:00,10607.16,44250,54125,46000,44250,44000,44750,45750,44000,54500,195.14,0.38,1665544,25.12,52.81,49.20,1003,861,112,45,13.22,4,0,49,16.98,4,0,[N/A],[N/A],[N/A],[N/A],1,1,"%CPU COMMAND; 103 vllm;94.8 opencode; 4.8 containerd; 2.0 nvtop; 1.7 dcgm-exporter;"
1788650099,2026-09-05T23:14:59+00:00,10609.08,45000,54000,45250,46250,44250,46250,45750,44250,54250,203.59,0.73,1500000,25.12,52.81,49.20,1003,861,112,45,13.09,4,0,49,17.28,4,0,[N/A],[N/A],[N/A],[N/A],1,1,"%CPU COMMAND; 103 vllm;94.8 opencode; 4.8 containerd; 2.0 nvtop; 1.7 dcgm-exporter;"
1788650101,2026-09-05T23:15:01+00:00,10610.99,45500,53875,51250,45000,45000,47750,47000,45500,46000,217.61,0.57,1500000,23.34,51.98,48.95,1003,861,112,44,12.94,4,0,49,15.71,4,0,[N/A],[N/A],[N/A],[N/A],1,1,"%CPU COMMAND; 572 python3; 100 vllm;94.8 opencode; 4.8 containerd; 2.0 nvtop;"
1788650102,2026-09-05T23:15:02+00:00,10612.87,45500,53375,45750,45500,44000,45250,46000,44250,49250,194.76,0.54,1500000,23.34,51.98,48.95,1003,861,112,44,12.18,4,0,49,15.86,4,0,[N/A],[N/A],[N/A],[N/A],1,1,"%CPU COMMAND; 307 python3;96.5 vllm;94.8 opencode; 4.8 containerd; 2.0 nvtop;"
1788650104,2026-09-05T23:15:04+00:00,10614.77,44500,53125,45500,44750,44000,44750,45500,43750,52500,193.97,0.51,3423687,21.64,51.15,48.70,1003,861,112,44,11.63,4,0,49,15.59,4,0,[N/A],[N/A],[N/A],[N/A],1,1,"%CPU COMMAND; 400 ps; 232 python3;94.8 opencode;93.0 vllm; 4.8 containerd;"
1788650106,2026-09-05T23:15:06+00:00,10616.68,44750,52875,46250,45000,43750,44500,46500,43500,51750,192.85,0.44,1500000,21.64,51.15,48.70,1003,861,112,44,14.37,4,0,49,16.16,4,0,[N/A],[N/A],[N/A],[N/A],1,1,"%CPU COMMAND; 400 ps; 318 python3;94.8 opencode;89.8 vllm; 4.8 containerd;"
1788650108,2026-09-05T23:15:08+00:00,10618.58,47500,52625,46250,45750,44250,47000,45750,47500,45750,212.93,0.84,2734727,21.64,51.15,48.70,1003,860,112,44,12.65,4,0,49,16.24,4,0,[N/A],[N/A],[N/A],[N/A],1,1,"%CPU COMMAND; 400 ps; 270 python3;94.8 opencode;86.6 vllm; 4.8 containerd;"
1788650110,2026-09-05T23:15:10+00:00,10620.57,53250,53250,46750,47000,44750,47500,47500,46250,53500,268.35,1.45,1500000,19.98,50.32,48.44,1003,859,112,44,14.34,4,0,49,17.46,4,0,[N/A],[N/A],[N/A],[N/A],1,1,"%CPU COMMAND; 498 python3; 444 python3; 407 python3; 222 VLLM::EngineCor;94.8 opencode;"
1788650112,2026-09-05T23:15:12+00:00,10622.65,52500,53125,46000,45250,44500,45500,47750,44250,51000,243.31,3.24,1500000,19.98,50.32,48.44,1003,859,112,44,15.54,4,0,48,16.11,4,0,[N/A],[N/A],[N/A],[N/A],1,1,"%CPU COMMAND; 268 python3; 249 python3; 189 VLLM::EngineCor;94.8 opencode;80.9 vllm;"
1788650114,2026-09-05T23:15:14+00:00,10624.59,54250,53250,46500,44500,44750,44750,47500,44250,51500,206.11,0.54,1500000,18.86,49.58,48.21,1003,859,112,44,14.28,4,0,48,15.94,4,0,[N/A],[N/A],[N/A],[N/A],1,1,"%CPU COMMAND; 400 ps; 211 python3; 199 python3; 165 VLLM::EngineCor;94.8 opencode;"
1788650116,2026-09-05T23:15:16+00:00,10626.50,45500,53375,46000,45250,45250,45750,45750,44250,47500,206.47,0.48,1500000,18.86,49.58,48.21,1003,859,112,44,13.74,4,0,48,16.37,4,0,[N/A],[N/A],[N/A],[N/A],1,1,"%CPU COMMAND; 223 python3; 221 python3; 147 VLLM::EngineCor;94.8 opencode;76.0 vllm;"
1788650118,2026-09-05T23:15:18+00:00,10628.45,48250,53875,45750,47000,43750,46500,45500,44000,47500,232.01,0.58,2729346,18.86,49.58,48.21,1003,859,112,44,12.87,4,0,48,17.42,4,0,[N/A],[N/A],[N/A],[N/A],1,1,"%CPU COMMAND; 223 python3; 195 python3; 131 VLLM::EngineCor;94.8 opencode;73.7 vllm;"
1788650120,2026-09-05T23:15:20+00:00,10630.50,57250,54500,55000,53750,50750,52000,55250,53000,51250,283.27,1.29,1500000,17.59,48.81,47.97,1003,858,112,44,14.40,4,0,48,16.49,4,0,[N/A],[N/A],[N/A],[N/A],1,1,"%CPU COMMAND; 605 python3; 538 python3; 530 python3; 445 python3; 203 python3;"
1788650122,2026-09-05T23:15:22+00:00,10632.40,46000,54500,47000,46250,44750,45750,46500,44750,49500,245.48,1.29,2712114,17.59,48.81,47.97,1003,858,112,44,24.63,704,4,49,33.91,704,0,[N/A],[N/A],[N/A],[N/A],4,4,"%CPU COMMAND; 197 VLLM::Worker_TP; 175 VLLM::Worker_TP; 111 VLLM::EngineCor;94.8 opencode;70.1 vllm;"
1788650123,2026-09-05T23:15:23+00:00,10633.90,53500,54500,53000,45500,45250,47000,50750,44500,53750,196.96,0.82,1500000,17.59,48.81,47.97,1003,857,112,45,64.77,40538,0,49,65.28,40538,1,[N/A],[N/A],[N/A],[N/A],4,4,"%CPU COMMAND; 511 python3; 400 ps; 187 VLLM::Worker_TP; 167 VLLM::Worker_TP; 104 VLLM::EngineCor;"
1788650125,2026-09-05T23:15:25+00:00,10635.43,49000,54625,51250,48250,48000,53250,53750,47750,49000,235.26,1.57,3268786,16.50,48.07,47.73,1003,856,112,45,66.29,40538,1,49,67.61,40538,1,[N/A],[N/A],[N/A],[N/A],4,4,"%CPU COMMAND; 679 VLLM::Worker_TP; 667 VLLM::Worker_TP; 600 ps; 292 python3;97.7 VLLM::EngineCor;"
1788650127,2026-09-05T23:15:27+00:00,10637.09,53500,54250,48250,48750,48250,48250,50000,48000,49500,283.93,1.98,3268764,16.50,48.07,47.73,1003,856,112,45,65.70,40538,1,49,73.73,40538,1,[N/A],[N/A],[N/A],[N/A],4,4,"%CPU COMMAND;1096 VLLM::Worker_TP;1082 VLLM::Worker_TP; 227 python3;94.8 opencode;92.0 VLLM::EngineCor;"
1788650128,2026-09-05T23:15:28+00:00,10638.67,52500,54125,52500,49250,48750,48750,50000,52250,49500,272.75,3.80,3258449,16.50,48.07,47.73,1003,856,112,45,67.23,40538,0,50,69.88,40538,3,[N/A],[N/A],[N/A],[N/A],4,4,"%CPU COMMAND;1455 VLLM::Worker_TP;1427 VLLM::Worker_TP; 195 python3;94.8 opencode;86.9 VLLM::EngineCor;"
1788650130,2026-09-05T23:15:30+00:00,10640.27,51500,54125,49750,49750,50250,52250,50250,49000,52250,271.61,4.97,3247831,24.23,49.14,48.08,1003,856,112,45,66.62,40538,1,50,74.64,40538,1,[N/A],[N/A],[N/A],[N/A],4,4,"%CPU COMMAND;1763 VLLM::Worker_TP;1732 VLLM::Worker_TP; 175 python3;94.8 opencode;82.3 VLLM::EngineCor;"
1788650131,2026-09-05T23:15:31+00:00,10641.88,52500,54250,51000,50250,49000,51750,50750,49000,52000,271.33,4.96,3268772,24.23,49.14,48.08,1003,856,112,45,66.29,40538,1,50,73.60,40538,1,[N/A],[N/A],[N/A],[N/A],4,4,"%CPU COMMAND;1992 VLLM::Worker_TP;1990 VLLM::Worker_TP; 600 ps; 162 python3;94.8 opencode;"
1788650133,2026-09-05T23:15:33+00:00,10643.47,49000,54125,54250,56000,48750,49000,49500,47250,53250,271.14,2.11,1500000,24.23,49.14,48.08,1003,856,112,46,66.94,40538,1,50,71.99,40538,1,[N/A],[N/A],[N/A],[N/A],4,4,"%CPU COMMAND;2199 VLLM::Worker_TP;2160 VLLM::Worker_TP; 694 python3; 167 python3;94.8 opencode;"
1788650135,2026-09-05T23:15:35+00:00,10645.08,51250,55625,50750,57500,48750,52500,51000,49000,50250,294.95,2.28,3268803,31.66,50.27,48.45,1003,855,112,46,65.00,40538,0,50,73.63,40538,1,[N/A],[N/A],[N/A],[N/A],4,4,"%CPU COMMAND;2373 VLLM::Worker_TP;2323 VLLM::Worker_TP; 500 ps; 368 python3; 332 python3;"
1788650136,2026-09-05T23:15:36+00:00,10646.69,49250,55875,50500,54500,49000,50250,54250,49750,54000,278.02,1.92,3268755,31.66,50.27,48.45,1003,856,112,46,69.16,41003,3,50,68.10,40538,1,[N/A],[N/A],[N/A],[N/A],4,4,"%CPU COMMAND;2535 VLLM::Worker_TP;2508 VLLM::Worker_TP; 158 python3;94.8 opencode;68.0 VLLM::EngineCor;"
1788650138,2026-09-05T23:15:38+00:00,10648.29,53750,55750,50000,53500,50500,49500,52500,49750,50750,272.36,1.94,3268730,31.66,50.27,48.45,1003,856,112,46,67.96,41003,1,50,68.70,40538,1,[N/A],[N/A],[N/A],[N/A],4,4,"%CPU COMMAND;2684 VLLM::Worker_TP;2668 VLLM::Worker_TP; 152 python3;94.8 opencode;65.2 VLLM::EngineCor;"
1788650139,2026-09-05T23:15:39+00:00,10649.88,49500,55500,50750,53500,49500,49750,52250,49000,53000,273.53,1.91,3268811,39.05,51.50,48.86,1003,856,112,46,67.05,41003,1,50,70.34,40538,1,[N/A],[N/A],[N/A],[N/A],4,4,"%CPU COMMAND;2829 VLLM::Worker_TP;2813 VLLM::Worker_TP; 147 python3;94.7 opencode;62.6 VLLM::EngineCor;"
1788650141,2026-09-05T23:15:41+00:00,10651.49,50250,55500,51250,54000,49250,50250,51000,49750,55500,271.18,1.96,3268804,39.05,51.50,48.86,1003,856,112,46,66.93,41003,0,51,73.00,40538,1,[N/A],[N/A],[N/A],[N/A],4,4,"%CPU COMMAND;2957 VLLM::Worker_TP;2939 VLLM::Worker_TP; 143 python3;94.7 opencode;60.2 VLLM::EngineCor;"
1788650143,2026-09-05T23:15:43+00:00,10653.08,50250,55250,51250,56500,49000,49750,51500,50000,53500,267.52,1.93,3268800,39.05,51.50,48.86,1003,856,112,46,68.28,41003,1,51,69.35,40538,0,[N/A],[N/A],[N/A],[N/A],4,4,"%CPU COMMAND;3074 VLLM::Worker_TP;3062 VLLM::Worker_TP; 600 ps; 140 python3;94.7 opencode;"
1788650144,2026-09-05T23:15:44+00:00,10654.69,50250,55125,51000,54000,49000,49500,51750,50000,54000,274.66,1.94,3243954,45.06,52.53,49.21,1003,856,112,46,67.85,41003,1,51,72.95,40538,1,[N/A],[N/A],[N/A],[N/A],4,4,"%CPU COMMAND;3183 VLLM::Worker_TP;3171 VLLM::Worker_TP; 600 ps; 137 python3;94.7 opencode;"
1788650146,2026-09-05T23:15:46+00:00,10656.29,50500,55000,51750,52750,51500,49500,52750,51000,50750,282.09,2.34,3268737,45.06,52.53,49.21,1003,849,112,46,65.97,41003,0,51,67.85,40538,0,[N/A],[N/A],[N/A],[N/A],4,4,"%CPU COMMAND;3242 VLLM::Worker_TP;3199 VLLM::Worker_TP; 275 python3;94.7 opencode;53.9 VLLM::EngineCor;"
1788650147,2026-09-05T23:15:47+00:00,10657.91,50250,54875,52750,52500,52250,51250,52750,51500,54000,299.45,3.16,3243353,45.06,52.53,49.21,1003,831,112,47,65.36,41003,0,51,64.56,40538,0,[N/A],[N/A],[N/A],[N/A],4,4,"%CPU COMMAND;3263 VLLM::Worker_TP;3201 VLLM::Worker_TP; 600 ps; 458 python3;94.7 opencode;"
1788650149,2026-09-05T23:15:49+00:00,10659.52,50250,54875,53750,53000,50500,51250,54000,52000,50500,306.23,2.93,3243876,53.54,54.17,49.76,1003,810,112,47,65.03,41003,0,51,64.60,40538,0,[N/A],[N/A],[N/A],[N/A],4,4,"%CPU COMMAND;3295 VLLM::Worker_TP;3206 VLLM::Worker_TP; 597 python3;94.7 opencode;50.5 vllm;"
1788650151,2026-09-05T23:15:51+00:00,10661.10,51750,55000,52250,54250,50250,50500,54000,50750,51000,271.65,1.95,3264781,53.54,54.17,49.76,1003,808,112,47,67.75,41003,1,51,72.41,40538,1,[N/A],[N/A],[N/A],[N/A],4,4,"%CPU COMMAND;3377 VLLM::Worker_TP;3294 VLLM::Worker_TP; 570 python3;94.7 opencode;49.7 vllm;"
1788650152,2026-09-05T23:15:52+00:00,10662.70,50750,55000,51250,51500,50000,53500,54000,51250,53000,271.98,1.89,3241272,53.54,54.17,49.76,1003,808,112,47,67.14,41003,0,51,72.79,40538,4,[N/A],[N/A],[N/A],[N/A],4,4,"%CPU COMMAND;3449 VLLM::Worker_TP;3370 VLLM::Worker_TP; 542 python3; 500 ps;94.6 opencode;"
1788650154,2026-09-05T23:15:54+00:00,10664.26,50250,55375,51500,51750,53500,50250,55000,50500,53500,264.71,1.88,3263810,53.54,54.17,49.76,1003,808,112,47,68.12,41003,1,51,72.54,40538,1,[N/A],[N/A],[N/A],[N/A],4,4,"%CPU COMMAND;3524 VLLM::Worker_TP;3447 VLLM::Worker_TP; 515 python3;94.6 opencode;48.1 vllm;"
1788650155,2026-09-05T23:15:55+00:00,10665.87,50750,55500,51750,51500,50750,50250,55250,51000,54250,272.67,1.93,3263400,58.22,55.13,50.09,1003,807,112,47,68.23,41003,1,51,72.57,40538,1,[N/A],[N/A],[N/A],[N/A],4,4,"%CPU COMMAND;3592 VLLM::Worker_TP;3518 VLLM::Worker_TP; 490 python3;94.6 opencode;47.4 vllm;"
1788650157,2026-09-05T23:15:57+00:00,10667.48,50750,56625,51500,51500,50000,50500,58750,50500,54000,272.52,1.96,3266245,58.22,55.13,50.09,1003,807,112,47,66.89,41003,1,52,75.32,40538,1,[N/A],[N/A],[N/A],[N/A],4,4,"%CPU COMMAND;3658 VLLM::Worker_TP;3587 VLLM::Worker_TP; 467 python3;94.6 opencode;46.6 vllm;"
1788650159,2026-09-05T23:15:59+00:00,10669.14,51000,56375,54000,51500,50500,51000,52500,50750,52750,281.72,2.01,3241298,58.22,55.13,50.09,1003,807,112,47,66.94,41003,1,52,74.46,40538,1,[N/A],[N/A],[N/A],[N/A],4,4,"%CPU COMMAND;3715 VLLM::Worker_TP;3647 VLLM::Worker_TP; 447 python3;94.6 opencode;45.9 vllm;"
1788650160,2026-09-05T23:16:00+00:00,10670.73,49000,56250,50750,49500,48250,49000,50500,52500,55750,264.91,1.87,3291188,63.17,56.21,50.47,1003,807,112,47,67.54,41003,1,52,71.79,40538,3,[N/A],[N/A],[N/A],[N/A],4,4,"%CPU COMMAND;3730 VLLM::Worker_TP;3674 VLLM::Worker_TP; 429 python3;94.6 opencode;45.3 vllm;"
1788650162,2026-09-05T23:16:02+00:00,10672.26,50250,55875,51500,51500,50750,51000,52500,50750,53000,258.40,1.77,3268788,63.17,56.21,50.47,1003,807,112,47,68.41,41003,1,52,72.08,40538,1,[N/A],[N/A],[N/A],[N/A],4,4,"%CPU COMMAND;3781 VLLM::Worker_TP;3728 VLLM::Worker_TP; 500 ps; 412 python3;94.6 opencode;"
1788650163,2026-09-05T23:16:03+00:00,10673.83,54750,55750,51750,51750,53250,50750,52750,50750,51750,265.42,1.88,3259229,63.17,56.21,50.47,1003,807,112,48,67.88,41003,1,52,73.81,40538,0,[N/A],[N/A],[N/A],[N/A],4,4,"%CPU COMMAND;3830 VLLM::Worker_TP;3773 VLLM::Worker_TP; 500 ps; 396 python3;94.6 opencode;"
1788650165,2026-09-05T23:16:05+00:00,10675.41,51500,55500,51750,51750,53250,50750,52500,50250,55750,269.82,1.92,3248713,67.48,57.22,50.82,1003,807,112,48,67.43,41003,1,52,76.49,40538,1,[N/A],[N/A],[N/A],[N/A],4,4,"%CPU COMMAND;3874 VLLM::Worker_TP;3822 VLLM::Worker_TP; 600 ps; 382 python3;94.6 opencode;"
1788650167,2026-09-05T23:16:07+00:00,10676.98,50750,55500,52000,51250,50500,52500,52000,50750,55250,267.68,1.90,3268777,67.48,57.22,50.82,1003,807,112,48,67.46,41003,1,52,75.08,40538,1,[N/A],[N/A],[N/A],[N/A],4,4,"%CPU COMMAND;3919 VLLM::Worker_TP;3869 VLLM::Worker_TP; 600 ps; 368 python3;94.6 opencode;"
1788650168,2026-09-05T23:16:08+00:00,10678.58,51250,55500,51750,51500,51000,52000,52000,50750,55500,271.29,1.92,3268777,67.48,57.22,50.82,1003,807,112,48,68.30,41003,1,52,73.15,40538,1,[N/A],[N/A],[N/A],[N/A],4,4,"%CPU COMMAND;3960 VLLM::Worker_TP;3914 VLLM::Worker_TP; 356 python3;94.6 opencode;42.2 vllm;"
1788650170,2026-09-05T23:16:10+00:00,10680.16,54000,55375,51750,52500,50750,51750,52500,50750,55250,265.15,1.88,3268788,71.29,58.17,51.17,1003,807,112,48,67.51,41003,1,52,72.88,40538,1,[N/A],[N/A],[N/A],[N/A],4,4,"%CPU COMMAND;3999 VLLM::Worker_TP;3952 VLLM::Worker_TP; 344 python3;94.5 opencode;41.6 vllm;"
1788650171,2026-09-05T23:16:11+00:00,10681.74,51250,56750,51500,52000,50750,51500,52750,50750,58500,268.99,1.91,3268785,71.29,58.17,51.17,1003,807,112,48,69.25,41003,1,52,74.99,40538,1,[N/A],[N/A],[N/A],[N/A],4,4,"%CPU COMMAND;4036 VLLM::Worker_TP;3991 VLLM::Worker_TP; 333 python3;94.5 opencode;41.1 vllm;"
1788650173,2026-09-05T23:16:13+00:00,10683.31,54250,56500,51750,53250,54750,51500,52500,51000,51500,265.50,1.88,3268795,71.29,58.17,51.17,1003,808,112,48,68.35,41003,0,52,73.75,40538,1,[N/A],[N/A],[N/A],[N/A],4,4,"%CPU COMMAND;4071 VLLM::Worker_TP;4028 VLLM::Worker_TP; 323 python3;94.5 opencode;40.5 vllm;"
1788650174,2026-09-05T23:16:14+00:00,10684.86,56000,56250,52250,52000,50750,51000,52500,51250,57000,265.95,2.02,3268770,75.11,59.18,51.53,1003,807,112,48,69.21,41003,1,53,73.98,40538,1,[N/A],[N/A],[N/A],[N/A],4,4,"%CPU COMMAND;4107 VLLM::Worker_TP;4063 VLLM::Worker_TP; 313 python3;94.5 opencode;40.0 vllm;"
1788650176,2026-09-05T23:16:16+00:00,10686.47,53500,56125,52000,51750,50750,51750,52250,50750,51500,271.45,1.93,3268747,75.11,59.18,51.53,1003,808,112,48,67.19,41003,0,53,76.76,40538,1,[N/A],[N/A],[N/A],[N/A],4,4,"%CPU COMMAND;4133 VLLM::Worker_TP;4096 VLLM::Worker_TP; 400 ps; 304 python3;94.5 opencode;"
1788650178,2026-09-05T23:16:18+00:00,10688.02,52750,56000,52000,53000,53000,52000,52750,51250,51750,260.18,1.85,3262120,75.11,59.18,51.53,1003,808,112,48,67.61,41003,0,53,73.90,40538,0,[N/A],[N/A],[N/A],[N/A],4,4,"%CPU COMMAND;4162 VLLM::Worker_TP;4126 VLLM::Worker_TP; 296 python3;94.5 opencode;39.0 vllm;"
1788650179,2026-09-05T23:16:19+00:00,10689.59,55500,55875,52000,51500,51000,51000,52000,50750,52500,266.90,1.91,3268787,78.70,60.19,51.90,1003,808,112,49,69.49,41003,2,53,73.88,40538,1,[N/A],[N/A],[N/A],[N/A],4,4,"%CPU COMMAND;4191 VLLM::Worker_TP;4157 VLLM::Worker_TP; 287 python3;94.5 opencode;38.5 vllm;"
1788650181,2026-09-05T23:16:21+00:00,10691.18,54750,55750,52000,52250,51250,51500,52250,50750,54500,272.13,1.92,3268731,78.70,60.19,51.90,1003,808,112,49,68.56,41003,1,53,76.60,40538,1,[N/A],[N/A],[N/A],[N/A],4,4,"%CPU COMMAND;4221 VLLM::Worker_TP;4187 VLLM::Worker_TP; 600 ps; 279 python3;94.5 opencode;"
1788650182,2026-09-05T23:16:22+00:00,10692.79,55750,56500,52000,52250,51250,50750,53000,51250,52250,268.94,1.77,3268842,78.70,60.19,51.90,1003,808,112,49,69.17,41003,1,53,71.34,40538,1,[N/A],[N/A],[N/A],[N/A],4,4,"%CPU COMMAND;4248 VLLM::Worker_TP;4192 VLLM::Worker_TP; 272 python3;94.4 opencode;37.6 vllm;"
1788650184,2026-09-05T23:16:24+00:00,10694.37,54750,56250,52250,52000,51250,53500,52750,52000,52250,269.58,1.93,3241345,78.70,60.19,51.90,1003,808,112,49,69.44,41003,1,53,73.40,40538,1,[N/A],[N/A],[N/A],[N/A],4,4,"%CPU COMMAND;4276 VLLM::Worker_TP;4218 VLLM::Worker_TP; 265 python3;94.4 opencode;37.1 vllm;"
1788650186,2026-09-05T23:16:26+00:00,10695.99,55250,56125,52250,52250,53500,52250,52750,51000,54250,273.00,1.89,3268802,82.09,61.20,52.27,1003,808,112,49,67.52,41003,0,53,75.96,40538,1,[N/A],[N/A],[N/A],[N/A],4,4,"%CPU COMMAND;4276 VLLM::Worker_TP;4246 VLLM::Worker_TP; 258 python3;94.4 opencode;36.7 vllm;"
1788650187,2026-09-05T23:16:27+00:00,10697.61,52250,56000,52250,52000,51750,54000,53000,50750,54000,277.17,1.96,3268778,82.09,61.20,52.27,1003,808,112,49,69.14,41003,1,53,74.40,40538,1,[N/A],[N/A],[N/A],[N/A],4,4,"%CPU COMMAND;4298 VLLM::Worker_TP;4270 VLLM::Worker_TP; 500 ps; 252 python3;94.4 opencode;"
1788650189,2026-09-05T23:16:29+00:00,10699.17,55250,56000,55000,53000,51250,51500,52500,51000,53250,262.81,1.88,3268800,82.09,61.20,52.27,1003,808,112,49,67.66,41003,0,53,75.75,40538,1,[N/A],[N/A],[N/A],[N/A],4,4,"%CPU COMMAND;4321 VLLM::Worker_TP;4295 VLLM::Worker_TP; 246 python3;94.4 opencode;35.8 vllm;"
1788650190,2026-09-05T23:16:30+00:00,10700.84,54500,55875,52500,52500,51250,52000,52500,51250,51750,282.89,2.01,3265454,85.37,62.23,52.65,1003,808,112,49,68.99,41003,1,53,72.72,40538,1,[N/A],[N/A],[N/A],[N/A],4,4,"%CPU COMMAND;4340 VLLM::Worker_TP;4315 VLLM::Worker_TP; 240 python3;94.4 opencode;35.4 vllm;"
1788650192,2026-09-05T23:16:32+00:00,10702.41,53000,55750,52250,52250,50750,55250,53500,51000,55750,266.76,1.86,3268822,85.37,62.23,52.65,1003,808,112,49,69.81,41003,1,53,70.32,40538,0,[N/A],[N/A],[N/A],[N/A],4,4,"%CPU COMMAND;4361 VLLM::Worker_TP;4328 VLLM::Worker_TP; 235 python3;94.4 opencode;35.0 vllm;"
1788650194,2026-09-05T23:16:34+00:00,10703.98,53250,55875,55500,53750,51000,52000,53000,51500,55000,266.46,1.89,3262422,85.37,62.23,52.65,1003,808,112,49,70.44,41003,1,53,69.54,40538,0,[N/A],[N/A],[N/A],[N/A],4,4,"%CPU COMMAND;4380 VLLM::Worker_TP;4343 VLLM::Worker_TP; 230 python3;94.4 opencode;34.6 vllm;"
1788650195,2026-09-05T23:16:35+00:00,10705.52,56000,55875,52500,52500,51000,52500,53250,51500,52500,262.11,2.39,3268780,87.66,63.09,52.98,1003,808,112,49,68.10,41003,1,54,76.37,40538,1,[N/A],[N/A],[N/A],[N/A],4,4,"%CPU COMMAND;4398 VLLM::Worker_TP;4363 VLLM::Worker_TP; 600 ps; 225 python3;94.4 opencode;"
1788650197,2026-09-05T23:16:37+00:00,10707.10,55750,56000,52500,52000,51250,52250,53000,51250,53500,269.75,1.90,3268794,87.66,63.09,52.98,1003,808,112,49,68.90,41003,1,54,75.26,40538,1,[N/A],[N/A],[N/A],[N/A],4,4,"%CPU COMMAND;4417 VLLM::Worker_TP;4383 VLLM::Worker_TP; 500 ps; 220 python3;94.4 opencode;"
1788650198,2026-09-05T23:16:38+00:00,10708.65,54750,56125,52750,52500,51000,53750,57000,51500,52250,264.89,1.87,3255248,87.66,63.09,52.98,1003,808,112,49,70.01,41003,1,54,74.69,40538,2,[N/A],[N/A],[N/A],[N/A],4,4,"%CPU COMMAND;4437 VLLM::Worker_TP;4403 VLLM::Worker_TP; 215 python3;94.4 opencode;33.5 vllm;"
1788650200,2026-09-05T23:16:40+00:00,10710.32,54750,56250,53000,52500,51500,51750,53750,51500,56500,282.35,2.01,3268708,89.61,63.90,53.30,1003,808,112,50,70.17,41003,1,54,74.66,40538,1,[N/A],[N/A],[N/A],[N/A],4,4,"%CPU COMMAND;4456 VLLM::Worker_TP;4422 VLLM::Worker_TP; 500 ps; 211 python3;94.4 opencode;"
1788650202,2026-09-05T23:16:42+00:00,10711.92,52500,56250,52500,56250,51250,51750,53000,52000,54500,272.50,1.93,3268743,89.61,63.90,53.30,1003,808,112,50,70.38,41003,1,54,72.64,40538,1,[N/A],[N/A],[N/A],[N/A],4,4,"%CPU COMMAND;4473 VLLM::Worker_TP;4437 VLLM::Worker_TP; 207 python3;94.4 opencode;32.8 vllm;"
1788650203,2026-09-05T23:16:43+00:00,10713.50,51750,56250,52500,52500,53250,54500,53000,55250,56250,268.92,1.93,3266196,89.61,63.90,53.30,1003,808,112,50,68.19,41003,1,54,73.65,40538,1,[N/A],[N/A],[N/A],[N/A],4,4,"%CPU COMMAND;4487 VLLM::Worker_TP;4454 VLLM::Worker_TP; 203 python3;94.4 opencode;32.4 vllm;"
1788650205,2026-09-05T23:16:45+00:00,10715.08,52250,56250,52500,52500,51000,52500,53250,51500,54500,270.01,1.91,3268766,91.48,64.72,53.62,1003,808,112,50,68.03,41003,0,54,74.91,40538,1,[N/A],[N/A],[N/A],[N/A],4,4,"%CPU COMMAND;4500 VLLM::Worker_TP;4471 VLLM::Worker_TP; 199 python3;94.4 opencode;32.1 vllm;"
1788650206,2026-09-05T23:16:46+00:00,10716.68,56500,56375,51750,52000,50250,50250,52500,52500,55250,269.87,1.88,3268753,91.48,64.72,53.62,1003,808,112,50,67.55,41003,1,54,72.13,40538,1,[N/A],[N/A],[N/A],[N/A],4,4,"%CPU COMMAND;4514 VLLM::Worker_TP;4472 VLLM::Worker_TP; 195 python3;94.4 opencode;31.8 vllm;"
1788650208,2026-09-05T23:16:48+00:00,10718.26,56000,56250,52250,54500,50750,55500,53000,51500,52750,270.39,1.96,3266208,91.48,64.72,53.62,1003,808,112,50,70.59,41003,1,54,73.53,40538,1,[N/A],[N/A],[N/A],[N/A],4,4,"%CPU COMMAND;4529 VLLM::Worker_TP;4487 VLLM::Worker_TP; 600 ps; 192 python3;94.4 opencode;"
1788650209,2026-09-05T23:16:49+00:00,10719.83,54500,56250,54250,52250,52250,53000,54750,52000,55500,268.92,1.97,3250328,93.37,65.55,53.95,1003,808,112,50,67.88,41003,1,54,74.34,40538,1,[N/A],[N/A],[N/A],[N/A],4,4,"%CPU COMMAND;4543 VLLM::Worker_TP;4501 VLLM::Worker_TP; 188 python3;94.4 opencode;31.1 vllm;"
1788650211,2026-09-05T23:16:51+00:00,10721.44,55500,56375,52750,52250,54000,54000,53250,51000,52750,272.08,1.92,3266244,93.37,65.55,53.95,1003,808,112,50,67.74,41003,1,54,75.27,40538,2,[N/A],[N/A],[N/A],[N/A],4,4,"%CPU COMMAND;4539 VLLM::Worker_TP;4516 VLLM::Worker_TP; 185 python3;94.4 opencode;30.8 vllm;"
1788650213,2026-09-05T23:16:53+00:00,10723.07,55250,56250,52500,52750,52000,54500,53250,51750,52500,279.53,2.03,3266210,93.37,65.55,53.95,1003,808,112,50,68.90,41003,1,54,73.50,40538,0,[N/A],[N/A],[N/A],[N/A],4,4,"%CPU COMMAND;4554 VLLM::Worker_TP;4530 VLLM::Worker_TP; 181 python3;94.4 opencode;30.5 vllm;"
1788650214,2026-09-05T23:16:54+00:00,10724.67,53750,56250,52750,52250,53750,54500,53750,51500,53250,274.62,1.95,3268775,95.66,66.49,54.32,1003,808,112,50,67.79,41003,0,54,74.35,40538,1,[N/A],[N/A],[N/A],[N/A],4,4,"%CPU COMMAND;4563 VLLM::Worker_TP;4543 VLLM::Worker_TP; 500 ps; 178 python3;94.4 opencode;"
1788650216,2026-09-05T23:16:56+00:00,10726.25,54250,56125,53000,52250,51000,53000,55750,52000,52750,269.62,1.89,3249691,95.66,66.49,54.32,1003,808,112,50,68.42,41003,1,54,73.38,40538,1,[N/A],[N/A],[N/A],[N/A],4,4,"%CPU COMMAND;4578 VLLM::Worker_TP;4557 VLLM::Worker_TP; 175 python3;94.4 opencode;29.9 vllm;"
1788650217,2026-09-05T23:16:57+00:00,10727.86,56000,56125,52500,52250,58250,52250,53750,53250,52750,275.99,1.95,3268777,95.66,66.49,54.32,1003,808,112,50,68.10,41003,0,55,75.49,40538,1,[N/A],[N/A],[N/A],[N/A],4,4,"%CPU COMMAND;4590 VLLM::Worker_TP;4570 VLLM::Worker_TP; 172 python3;94.4 opencode;29.6 vllm;"
1788650219,2026-09-05T23:16:59+00:00,10729.46,56250,56250,53250,52750,51250,54000,53500,51750,52750,273.82,1.93,3268791,97.37,67.33,54.65,1003,808,112,50,70.52,41003,1,54,71.58,40538,0,[N/A],[N/A],[N/A],[N/A],4,4,"%CPU COMMAND;4602 VLLM::Worker_TP;4582 VLLM::Worker_TP; 170 python3;94.4 opencode;29.3 vllm;"
1788650221,2026-09-05T23:17:01+00:00,10731.04,56500,56250,53000,52750,51500,53500,53250,52250,52000,267.81,1.92,3268821,97.37,67.33,54.65,1003,808,112,50,70.50,41003,1,55,73.36,40538,1,[N/A],[N/A],[N/A],[N/A],4,4,"%CPU COMMAND;4616 VLLM::Worker_TP;4596 VLLM::Worker_TP; 167 python3;94.4 opencode;29.0 vllm;"
1788650222,2026-09-05T23:17:02+00:00,10732.68,56500,56375,52500,52000,51750,52250,53500,51750,53000,278.94,1.98,3266210,97.37,67.33,54.65,1003,808,112,50,69.38,41003,1,55,75.96,40538,1,[N/A],[N/A],[N/A],[N/A],4,4,"%CPU COMMAND;4628 VLLM::Worker_TP;4609 VLLM::Worker_TP; 164 python3;94.4 opencode;28.8 vllm;"
1788650224,2026-09-05T23:17:04+00:00,10734.26,57000,56500,52750,53000,52000,52000,53750,51500,53750,268.78,1.89,3259868,97.37,67.33,54.65,1003,808,112,51,71.10,41003,1,55,75.39,40538,1,[N/A],[N/A],[N/A],[N/A],4,4,"%CPU COMMAND;4640 VLLM::Worker_TP;4621 VLLM::Worker_TP; 162 python3;94.3 opencode;28.5 vllm;"
1788650225,2026-09-05T23:17:05+00:00,10735.82,56250,56500,52250,52750,51500,52000,53750,52750,52500,266.90,1.90,3266293,98.70,68.10,54.97,1003,808,112,51,70.14,41003,1,55,73.95,40538,1,[N/A],[N/A],[N/A],[N/A],4,4,"%CPU COMMAND;4650 VLLM::Worker_TP;4631 VLLM::Worker_TP; 159 python3;94.3 opencode;28.3 vllm;"
1788650227,2026-09-05T23:17:07+00:00,10737.35,53250,56375,53250,53000,53000,53500,53500,51500,56500,258.27,1.83,3241332,98.70,68.10,54.97,1003,808,112,51,69.47,41003,1,55,72.88,40538,1,[N/A],[N/A],[N/A],[N/A],4,4,"%CPU COMMAND;4661 VLLM::Worker_TP;4642 VLLM::Worker_TP; 157 python3;94.3 opencode;28.0 vllm;"
1788650229,2026-09-05T23:17:09+00:00,10738.94,55000,56250,52500,52500,52500,52250,53500,51750,52500,268.83,1.90,3268821,98.70,68.10,54.97,1003,808,112,51,70.79,41003,1,55,71.10,40538,1,[N/A],[N/A],[N/A],[N/A],4,4,"%CPU COMMAND;4673 VLLM::Worker_TP;4649 VLLM::Worker_TP; 155 python3;94.3 opencode;27.7 vllm;"
1788650230,2026-09-05T23:17:10+00:00,10740.50,52000,56250,52500,52500,51500,54000,54000,51250,55750,268.00,1.90,3263312,99.85,68.85,55.28,1003,808,112,51,70.69,41003,1,55,74.61,40538,1,[N/A],[N/A],[N/A],[N/A],4,4,"%CPU COMMAND;4684 VLLM::Worker_TP;4661 VLLM::Worker_TP; 152 python3;94.3 opencode;27.5 vllm;"
1788650232,2026-09-05T23:17:12+00:00,10742.14,52000,56125,53000,53000,54500,51500,53000,52000,56500,280.04,1.97,3242141,99.85,68.85,55.28,1003,808,112,51,71.39,41003,1,55,73.92,40538,1,[N/A],[N/A],[N/A],[N/A],4,4,"%CPU COMMAND;4695 VLLM::Worker_TP;4659 VLLM::Worker_TP; 150 python3;94.3 opencode;27.3 vllm;"
1788650233,2026-09-05T23:17:13+00:00,10743.71,52250,56125,52750,52750,54500,51750,53000,54250,57000,263.66,1.78,3266271,99.85,68.85,55.28,1003,808,112,51,71.10,41003,1,55,72.12,40538,1,[N/A],[N/A],[N/A],[N/A],4,4,"%CPU COMMAND;4705 VLLM::Worker_TP;4668 VLLM::Worker_TP; 500 ps; 148 python3;94.3 opencode;"
1788650235,2026-09-05T23:17:15+00:00,10745.30,54000,56375,52500,52750,51750,52500,53500,52250,56000,263.56,1.90,3266238,100.98,69.60,55.60,1003,808,112,51,67.67,41003,1,55,76.36,40538,5,[N/A],[N/A],[N/A],[N/A],4,4,"%CPU COMMAND;4699 VLLM::Worker_TP;4679 VLLM::Worker_TP; 500 ps; 146 python3;94.3 opencode;"
1788650236,2026-09-05T23:17:16+00:00,10746.87,52500,56250,52500,52750,56500,51750,53000,52000,53000,268.47,1.92,3247240,100.98,69.60,55.60,1003,808,112,51,69.13,41003,0,55,76.38,40538,1,[N/A],[N/A],[N/A],[N/A],4,4,"%CPU COMMAND;4707 VLLM::Worker_TP;4689 VLLM::Worker_TP; 500 ps; 144 python3;94.3 opencode;"
1788650238,2026-09-05T23:17:18+00:00,10748.44,52000,56125,53250,53000,53250,51500,54000,51750,54000,268.20,1.91,3266230,100.98,69.60,55.60,1003,808,112,51,70.35,41003,1,55,74.85,40538,3,[N/A],[N/A],[N/A],[N/A],4,4,"%CPU COMMAND;4716 VLLM::Worker_TP;4698 VLLM::Worker_TP; 142 python3;94.2 opencode;26.3 vllm;"
1788650240,2026-09-05T23:17:20+00:00,10750.00,52250,56125,52750,52750,51750,52750,53750,52500,56500,266.57,1.88,3254694,102.10,70.35,55.92,1003,808,112,51,70.35,41003,1,55,74.98,40538,1,[N/A],[N/A],[N/A],[N/A],4,4,"%CPU COMMAND;4726 VLLM::Worker_TP;4708 VLLM::Worker_TP; 500 ps; 140 python3;94.2 opencode;"
1788650241,2026-09-05T23:17:21+00:00,10751.60,51750,56250,52500,54000,52500,52000,53500,54000,56750,273.75,1.96,3255321,102.10,70.35,55.92,1003,808,112,51,70.99,41003,4,55,75.25,40538,0,[N/A],[N/A],[N/A],[N/A],4,4,"%CPU COMMAND;4735 VLLM::Worker_TP;4716 VLLM::Worker_TP; 138 python3;94.2 opencode;25.9 vllm;"
1788650243,2026-09-05T23:17:23+00:00,10753.19,52250,56375,52750,52750,51750,54250,53250,52250,56250,271.54,1.91,3253407,102.10,70.35,55.92,1003,808,112,51,71.13,41003,1,56,75.76,40538,1,[N/A],[N/A],[N/A],[N/A],4,4,"%CPU COMMAND;4745 VLLM::Worker_TP;4726 VLLM::Worker_TP; 136 python3;94.2 opencode;25.7 vllm;"
1788650244,2026-09-05T23:17:24+00:00,10754.77,52500,56375,53250,52750,51500,52000,53750,54000,54250,267.58,1.89,3266251,102.97,71.06,56.23,1003,808,112,51,70.86,41003,1,55,74.01,40538,1,[N/A],[N/A],[N/A],[N/A],4,4,"%CPU COMMAND;4753 VLLM::Worker_TP;4733 VLLM::Worker_TP; 135 python3;94.2 opencode;25.5 vllm;"
1788650246,2026-09-05T23:17:26+00:00,10756.33,52750,56500,53500,53000,56250,56250,53500,51500,56000,269.72,1.88,3266202,102.97,71.06,56.23,1003,808,112,51,71.38,41003,1,56,73.87,40538,1,[N/A],[N/A],[N/A],[N/A],4,4,"%CPU COMMAND;4762 VLLM::Worker_TP;4741 VLLM::Worker_TP; 133 python3;94.2 opencode;25.2 vllm;"
1788650248,2026-09-05T23:17:28+00:00,10757.93,52250,56500,53000,52250,52250,56500,53250,52000,56250,273.81,1.92,3268779,102.97,71.06,56.23,1003,808,112,51,71.44,41003,1,56,73.99,40538,1,[N/A],[N/A],[N/A],[N/A],4,4,"%CPU COMMAND;4771 VLLM::Worker_TP;4748 VLLM::Worker_TP; 600 ps; 131 python3;94.2 opencode;"
1788650249,2026-09-05T23:17:29+00:00,10759.54,53750,56625,53000,52500,52000,52000,53750,52500,56750,272.46,1.92,3266240,103.78,71.76,56.53,1003,808,112,51,70.84,41003,1,56,75.38,40538,1,[N/A],[N/A],[N/A],[N/A],4,4,"%CPU COMMAND;4779 VLLM::Worker_TP;4754 VLLM::Worker_TP; 130 python3;94.2 opencode;24.8 vllm;"
1788650251,2026-09-05T23:17:31+00:00,10761.09,55500,56625,54500,53000,51500,51750,53500,52500,55750,265.58,2.08,3266207,103.78,71.76,56.53,1003,808,112,52,71.46,41003,1,56,74.71,40538,1,[N/A],[N/A],[N/A],[N/A],4,4,"%CPU COMMAND;4787 VLLM::Worker_TP;4762 VLLM::Worker_TP; 128 python3;94.2 opencode;24.6 vllm;"
1788650252,2026-09-05T23:17:32+00:00,10762.68,53000,56625,55250,52500,52000,53000,53750,51750,56500,270.56,2.00,3268835,103.78,71.76,56.53,1003,808,112,52,72.09,41003,1,56,71.51,40538,1,[N/A],[N/A],[N/A],[N/A],4,4,"%CPU COMMAND;4796 VLLM::Worker_TP;4767 VLLM::Worker_TP; 127 python3;94.2 opencode;24.5 vllm;"
1788650254,2026-09-05T23:17:34+00:00,10764.24,51750,56500,53000,52750,51750,52250,54000,54250,56500,265.00,1.87,3268788,103.78,71.76,56.53,1003,808,112,52,70.42,41003,1,56,72.92,40538,1,[N/A],[N/A],[N/A],[N/A],4,4,"%CPU COMMAND;4801 VLLM::Worker_TP;4773 VLLM::Worker_TP; 125 python3;94.2 opencode;24.3 vllm;"
1788650255,2026-09-05T23:17:35+00:00,10765.79,52500,56500,53250,52750,52500,52000,53250,56000,55250,260.95,1.88,3266211,104.52,72.44,56.83,1003,808,112,52,72.39,41003,1,56,76.34,40538,1,[N/A],[N/A],[N/A],[N/A],4,4,"%CPU COMMAND;4808 VLLM::Worker_TP;4781 VLLM::Worker_TP; 124 python3;94.2 opencode;24.1 vllm;"
1788650257,2026-09-05T23:17:37+00:00,10767.38,52500,56500,55500,53000,54500,55500,53750,52250,52750,269.61,1.89,3263759,104.52,72.44,56.83,1003,808,112,52,69.54,41003,1,56,76.63,40538,1,[N/A],[N/A],[N/A],[N/A],4,4,"%CPU COMMAND;4813 VLLM::Worker_TP;4781 VLLM::Worker_TP; 122 python3;94.2 opencode;23.9 vllm;"
1788650259,2026-09-05T23:17:39+00:00,10768.97,52500,56625,53000,52750,55750,51750,53500,55000,56000,262.99,1.79,3266188,104.52,72.44,56.83,1003,808,112,52,69.27,41003,0,56,73.10,40538,1,[N/A],[N/A],[N/A],[N/A],4,4,"%CPU COMMAND;4805 VLLM::Worker_TP;4784 VLLM::Worker_TP; 121 python3;94.2 opencode;23.7 vllm;"
1788650260,2026-09-05T23:17:40+00:00,10770.53,52250,56500,53250,53250,52500,54250,56750,55000,53500,267.81,1.89,3246125,105.20,73.12,57.14,1003,808,112,52,68.85,41003,1,56,77.58,40538,1,[N/A],[N/A],[N/A],[N/A],4,4,"%CPU COMMAND;4810 VLLM::Worker_TP;4791 VLLM::Worker_TP; 119 python3;94.2 opencode;23.5 vllm;"
1788650262,2026-09-05T23:17:42+00:00,10772.10,52250,56625,53750,52750,53750,51750,54000,56500,55500,268.27,1.89,3268804,105.20,73.12,57.14,1003,808,112,52,70.30,41003,1,56,77.73,40538,1,[N/A],[N/A],[N/A],[N/A],4,4,"%CPU COMMAND;4817 VLLM::Worker_TP;4798 VLLM::Worker_TP; 500 ps; 118 python3;94.2 opencode;"
1788650263,2026-09-05T23:17:43+00:00,10773.72,52000,56625,53250,53250,52000,54500,56500,52500,53250,278.24,1.95,3258644,105.20,73.12,57.14,1003,808,112,52,71.54,41003,1,56,76.78,40538,1,[N/A],[N/A],[N/A],[N/A],4,4,"%CPU COMMAND;4824 VLLM::Worker_TP;4805 VLLM::Worker_TP; 117 python3;94.2 opencode;23.2 vllm;"
1788650265,2026-09-05T23:17:45+00:00,10775.32,51750,56875,53000,53000,54500,52250,57250,52750,54750,275.61,1.94,3266012,106.22,73.86,57.46,1003,808,112,52,71.29,41003,1,56,76.17,40538,1,[N/A],[N/A],[N/A],[N/A],4,4,"%CPU COMMAND;4831 VLLM::Worker_TP;4813 VLLM::Worker_TP; 115 python3;94.2 opencode;23.0 vllm;"
1788650267,2026-09-05T23:17:47+00:00,10777.01,51500,57125,55500,52750,52000,51750,57000,52250,55750,289.14,2.04,3268713,106.22,73.86,57.46,1003,808,112,52,69.88,41003,0,56,77.35,40538,1,[N/A],[N/A],[N/A],[N/A],4,4,"%CPU COMMAND;4837 VLLM::Worker_TP;4819 VLLM::Worker_TP; 500 ps; 114 python3;94.2 opencode;"
1788650268,2026-09-05T23:17:48+00:00,10778.65,52250,57250,53500,52750,55000,52250,57250,52750,56750,282.51,1.99,3266220,106.22,73.86,57.46,1003,808,112,52,70.15,41003,1,56,74.78,40538,0,[N/A],[N/A],[N/A],[N/A],4,4,"%CPU COMMAND;4843 VLLM::Worker_TP;4825 VLLM::Worker_TP; 113 python3;94.2 opencode;22.6 vllm;"
1788650270,2026-09-05T23:17:50+00:00,10780.29,52250,57125,53250,52750,51750,54000,56750,52250,54750,277.96,1.96,3242191,106.93,74.55,57.77,1003,808,112,52,69.31,41003,0,56,76.25,40538,1,[N/A],[N/A],[N/A],[N/A],4,4,"%CPU COMMAND;4848 VLLM::Worker_TP;4831 VLLM::Worker_TP; 111 python3;94.2 opencode;22.5 vllm;"
1788650271,2026-09-05T23:17:51+00:00,10781.84,53000,57375,53250,55500,52000,54750,57500,52250,54750,267.30,1.90,3244344,106.93,74.55,57.77,1003,808,112,52,70.51,41003,1,56,76.72,40538,1,[N/A],[N/A],[N/A],[N/A],4,4,"%CPU COMMAND;4854 VLLM::Worker_TP;4838 VLLM::Worker_TP; 110 python3;94.2 opencode;22.3 vllm;"
1788650273,2026-09-05T23:17:53+00:00,10783.47,52000,57375,53250,53000,52250,53500,57500,54250,55000,279.03,2.03,3268810,106.93,74.55,57.77,1003,808,112,52,70.95,41003,1,57,78.02,40538,1,[N/A],[N/A],[N/A],[N/A],4,4,"%CPU COMMAND;4859 VLLM::Worker_TP;4844 VLLM::Worker_TP; 109 python3;94.2 opencode;22.1 vllm;"
1788650275,2026-09-05T23:17:55+00:00,10785.11,51750,57375,53500,53000,52750,51750,56750,52250,56250,280.06,1.98,3264369,107.41,75.18,58.07,1003,808,112,52,69.93,41003,1,57,77.37,40538,1,[N/A],[N/A],[N/A],[N/A],4,4,"%CPU COMMAND;4864 VLLM::Worker_TP;4851 VLLM::Worker_TP; 108 python3;94.2 opencode;22.0 vllm;"
1788650276,2026-09-05T23:17:56+00:00,10786.71,52000,57500,53000,53000,52250,57500,54250,54750,56500,272.71,1.93,3243034,107.41,75.18,58.07,1003,808,112,52,71.31,41003,1,57,78.08,40538,1,[N/A],[N/A],[N/A],[N/A],4,4,"%CPU COMMAND;4868 VLLM::Worker_TP;4857 VLLM::Worker_TP; 107 python3;94.2 opencode;21.8 vllm;"
1788650278,2026-09-05T23:17:58+00:00,10788.29,52500,57250,53250,52750,52000,54000,57500,53250,54750,270.32,1.97,3266260,107.41,75.18,58.07,1003,808,112,52,70.62,41003,1,57,76.39,40538,1,[N/A],[N/A],[N/A],[N/A],4,4,"%CPU COMMAND;4873 VLLM::Worker_TP;4862 VLLM::Worker_TP; 600 ps; 106 python3;94.2 opencode;"
1788650279,2026-09-05T23:17:59+00:00,10789.85,56500,57250,53000,52750,51500,52250,58250,51500,57750,265.82,1.88,3268314,107.86,75.81,58.37,1003,808,112,52,70.68,41003,1,57,76.88,40538,1,[N/A],[N/A],[N/A],[N/A],4,4,"%CPU COMMAND;4879 VLLM::Worker_TP;4858 VLLM::Worker_TP; 105 python3;94.2 opencode;21.5 vllm;"
1788650281,2026-09-05T23:18:01+00:00,10791.38,52500,57625,53250,52750,52000,54500,59250,53000,55250,262.97,1.84,3268813,107.86,75.81,58.37,1003,808,112,52,71.26,41003,1,57,75.48,40538,1,[N/A],[N/A],[N/A],[N/A],4,4,"%CPU COMMAND;4884 VLLM::Worker_TP;4864 VLLM::Worker_TP; 104 python3;94.2 opencode;21.4 vllm;"
1788650283,2026-09-05T23:18:03+00:00,10792.98,52750,57750,54250,53000,52000,52000,57000,52500,55750,274.31,1.93,3268817,107.86,75.81,58.37,1003,808,112,52,70.46,41003,1,57,77.56,40538,1,[N/A],[N/A],[N/A],[N/A],4,4,"%CPU COMMAND;4889 VLLM::Worker_TP;4868 VLLM::Worker_TP; 103 python3;94.2 opencode;21.2 vllm;"
1788650284,2026-09-05T23:18:04+00:00,10794.55,52500,57625,53250,53000,53000,52500,55500,52500,53250,267.99,1.88,3253587,108.27,76.43,58.66,1003,808,112,52,71.35,41003,0,57,75.83,40538,1,[N/A],[N/A],[N/A],[N/A],4,4,"%CPU COMMAND;4895 VLLM::Worker_TP;4874 VLLM::Worker_TP; 102 python3;94.2 opencode;21.1 vllm;"
1788650286,2026-09-05T23:18:06+00:00,10796.20,52000,57500,52750,52250,51250,52000,57750,54500,54750,282.57,1.83,2997787,108.27,76.43,58.66,1003,808,112,52,71.03,41003,0,57,77.67,40538,1,[N/A],[N/A],[N/A],[N/A],4,4,"%CPU COMMAND;4888 VLLM::Worker_TP;4879 VLLM::Worker_TP; 600 ps; 101 python3;94.2 opencode;"
1788650287,2026-09-05T23:18:07+00:00,10797.79,52500,57500,52500,53000,53250,52250,53750,56500,55250,270.89,1.98,3254213,108.27,76.43,58.66,1003,808,112,52,72.26,41003,1,57,75.48,40538,1,[N/A],[N/A],[N/A],[N/A],4,4,"%CPU COMMAND;4891 VLLM::Worker_TP;4884 VLLM::Worker_TP; 100 python3;94.2 opencode;20.8 vllm;"
1788650289,2026-09-05T23:18:09+00:00,10799.36,52250,57375,53500,53000,52250,52500,54250,57000,54750,268.99,1.86,3268797,108.27,76.43,58.66,1003,808,112,52,69.82,41003,0,57,77.10,40538,1,[N/A],[N/A],[N/A],[N/A],4,4,"%CPU COMMAND;4895 VLLM::Worker_TP;4890 VLLM::Worker_TP;99.2 python3;94.2 opencode;20.7 vllm;"
1788650291,2026-09-05T23:18:11+00:00,10800.95,52750,57125,53000,52750,52250,52000,54000,56250,53250,270.51,1.92,3268792,108.65,77.04,58.95,1003,808,112,53,71.02,41003,4,57,75.87,40538,1,[N/A],[N/A],[N/A],[N/A],4,4,"%CPU COMMAND;4899 VLLM::Worker_TP;4895 VLLM::Worker_TP;98.3 python3;94.2 opencode;20.5 vllm;"
1788650292,2026-09-05T23:18:12+00:00,10802.51,57000,57000,56250,53000,52000,52750,54000,56750,53250,266.89,2.02,3266243,108.65,77.04,58.95,1003,808,112,53,71.79,41003,1,57,76.05,40538,1,[N/A],[N/A],[N/A],[N/A],4,4,"%CPU COMMAND;4904 VLLM::Worker_TP;4900 VLLM::Worker_TP;97.4 python3;94.2 opencode;20.4 vllm;"
1788650294,2026-09-05T23:18:14+00:00,10804.16,53000,57000,53000,53000,53500,52500,53750,56250,53250,277.47,2.08,3250151,108.65,77.04,58.95,1003,808,112,53,71.91,41003,0,57,76.78,40538,4,[N/A],[N/A],[N/A],[N/A],4,4,"%CPU COMMAND;4909 VLLM::Worker_TP;4905 VLLM::Worker_TP;96.5 python3;94.2 opencode;20.2 vllm;"
1788650295,2026-09-05T23:18:15+00:00,10805.78,54750,57000,54500,53000,52250,52500,53750,56500,52750,277.18,2.77,3251159,109.00,77.63,59.24,1003,808,112,53,72.77,41003,1,57,78.92,40538,1,[N/A],[N/A],[N/A],[N/A],4,4,"%CPU COMMAND;4914 VLLM::Worker_TP;4911 VLLM::Worker_TP;95.6 python3;94.1 opencode;20.1 vllm;"
1788650297,2026-09-05T23:18:17+00:00,10807.43,57250,57125,53500,53000,52500,54000,54000,57250,53500,280.79,2.04,3253216,109.00,77.63,59.24,1003,808,112,53,74.02,41003,1,57,79.22,40538,1,[N/A],[N/A],[N/A],[N/A],4,4,"%CPU COMMAND;4920 VLLM::Worker_TP;4917 VLLM::Worker_TP;94.7 python3;94.1 opencode;20.0 vllm;"
1788650299,2026-09-05T23:18:19+00:00,10809.08,53000,57125,53500,53250,52750,52250,54000,57500,53250,279.96,1.98,3251869,109.00,77.63,59.24,1003,808,112,53,70.71,41003,0,57,77.86,40538,1,[N/A],[N/A],[N/A],[N/A],4,4,"%CPU COMMAND;4923 VLLM::Worker_TP;4921 VLLM::Worker_TP; 500 ps;94.1 opencode;93.8 python3;"
1788650300,2026-09-05T23:18:20+00:00,10810.72,56000,57125,53750,53250,52500,52500,54000,56250,53250,281.30,1.99,3268752,109.32,78.22,59.53,1003,808,112,53,73.94,41003,1,57,77.01,40538,1,[N/A],[N/A],[N/A],[N/A],4,4,"%CPU COMMAND;4928 VLLM::Worker_TP;4926 VLLM::Worker_TP;94.1 opencode;92.9 python3;19.7 vllm;"
1788650302,2026-09-05T23:18:22+00:00,10812.32,58000,57125,53000,53000,52250,51500,53500,55750,53000,269.52,1.92,3266284,109.32,78.22,59.53,1003,808,112,53,71.57,41003,2,57,77.84,40538,1,[N/A],[N/A],[N/A],[N/A],4,4,"%CPU COMMAND;4933 VLLM::Worker_TP;4918 VLLM::Worker_TP;94.1 opencode;92.2 python3;19.6 vllm;"
1788650303,2026-09-05T23:18:23+00:00,10813.86,55250,57125,53250,53500,51750,52250,55000,56750,53750,263.91,1.80,3268801,109.32,78.22,59.53,1003,808,112,53,73.57,41003,1,58,77.03,40538,1,[N/A],[N/A],[N/A],[N/A],4,4,"%CPU COMMAND;4937 VLLM::Worker_TP;4923 VLLM::Worker_TP;94.1 opencode;91.4 python3;19.5 vllm;"
1788650305,2026-09-05T23:18:25+00:00,10815.47,57000,57125,53250,53000,52500,52750,54000,56000,53250,272.88,1.96,3268780,109.61,78.80,59.82,1003,808,112,53,73.82,41003,1,58,76.78,40538,1,[N/A],[N/A],[N/A],[N/A],4,4,"%CPU COMMAND;4943 VLLM::Worker_TP;4928 VLLM::Worker_TP; 500 ps;94.1 opencode;90.6 python3;"
1788650307,2026-09-05T23:18:27+00:00,10817.10,53500,56875,53250,53000,53500,52750,53750,56250,53250,274.05,1.96,3252635,109.61,78.80,59.82,1003,808,112,53,71.73,41003,1,58,76.60,40538,1,[N/A],[N/A],[N/A],[N/A],4,4,"%CPU COMMAND;4946 VLLM::Worker_TP;4930 VLLM::Worker_TP;94.1 opencode;89.8 python3;19.2 vllm;"
1788650308,2026-09-05T23:18:28+00:00,10818.65,54500,56875,53500,53000,52750,52750,55500,53000,53250,263.50,1.88,3268780,109.61,78.80,59.82,1003,808,112,53,72.22,41003,1,58,75.85,40538,7,[N/A],[N/A],[N/A],[N/A],4,4,"%CPU COMMAND;4950 VLLM::Worker_TP;4924 VLLM::Worker_TP;94.1 opencode;89.1 python3;19.1 vllm;"
1788650310,2026-09-05T23:18:30+00:00,10820.17,55500,57375,50750,52250,50500,50500,51750,50000,51500,237.41,1.42,1500000,105.48,78.45,59.81,1003,808,112,53,75.45,41003,2,58,104.25,40898,0,[N/A],[N/A],[N/A],[N/A],4,4,"%CPU COMMAND;4942 VLLM::Worker_TP;4888 VLLM::Worker_TP;94.1 opencode;88.4 python3;19.0 vllm;"
1788650311,2026-09-05T23:18:31+00:00,10821.70,58250,57500,52000,52000,53500,52000,52500,51500,52000,242.87,1.51,3268784,105.48,78.45,59.81,1003,808,112,53,74.95,41003,2,58,75.06,41339,0,[N/A],[N/A],[N/A],[N/A],4,4,"%CPU COMMAND;4947 VLLM::Worker_TP;4851 VLLM::Worker_TP;94.0 opencode;87.7 python3;18.9 vllm;"
1788650313,2026-09-05T23:18:33+00:00,10823.21,54750,57625,52000,52000,50500,52250,53000,52000,51750,241.53,1.56,3268779,105.48,78.45,59.81,1003,808,112,53,76.44,41003,17,58,69.64,41339,0,[N/A],[N/A],[N/A],[N/A],4,4,"%CPU COMMAND;4941 VLLM::Worker_TP;4815 VLLM::Worker_TP;94.0 opencode;87.0 python3;18.8 vllm;"
1788650314,2026-09-05T23:18:34+00:00,10824.71,49500,57125,50750,49500,49500,49750,56750,49000,50250,178.51,0.63,1500000,97.11,77.17,59.49,1003,808,112,53,96.99,41463,6,58,70.00,41409,0,[N/A],[N/A],[N/A],[N/A],4,4,"%CPU COMMAND;4906 VLLM::Worker_TP;4780 VLLM::Worker_TP;94.0 opencode;86.4 python3;37.7 torch_shm_manag;"
1788650316,2026-09-05T23:18:36+00:00,10826.22,58250,57500,49750,49500,58500,48750,52250,48250,50000,181.14,0.54,1500000,97.11,77.17,59.49,1003,807,112,53,66.74,41463,0,58,70.05,41407,0,[N/A],[N/A],[N/A],[N/A],4,4,"%CPU COMMAND;4871 VLLM::Worker_TP;4746 VLLM::Worker_TP;94.0 opencode;85.7 python3;18.6 vllm;"
1788650317,2026-09-05T23:18:37+00:00,10827.73,58000,57875,49250,49000,48750,58500,49750,48000,50000,181.02,0.59,1500000,97.11,77.17,59.49,1003,807,112,53,66.61,41463,0,58,69.92,41407,0,[N/A],[N/A],[N/A],[N/A],4,4,"%CPU COMMAND;4836 VLLM::Worker_TP;4712 VLLM::Worker_TP; 400 ps;94.0 opencode;85.1 python3;"
1788650319,2026-09-05T23:18:39+00:00,10829.24,55500,58125,55000,49500,48750,56000,49500,48000,49500,181.87,0.47,1500000,97.11,77.17,59.49,1003,806,112,53,66.64,41463,0,58,69.08,41407,0,[N/A],[N/A],[N/A],[N/A],4,4,"%CPU COMMAND;4802 VLLM::Worker_TP;4679 VLLM::Worker_TP;94.0 opencode;84.5 python3;18.3 vllm;"
1788650320,2026-09-05T23:18:40+00:00,10830.74,57250,58375,49000,48500,47750,57500,50250,47500,49750,177.62,0.44,1500000,89.74,75.97,59.20,1003,806,112,53,66.55,41463,0,58,69.15,41407,0,[N/A],[N/A],[N/A],[N/A],4,4,"%CPU COMMAND;4769 VLLM::Worker_TP;4647 VLLM::Worker_TP;94.0 opencode;83.8 python3;18.2 vllm;"
1788650322,2026-09-05T23:18:42+00:00,10832.25,49500,57875,50000,49000,50250,53000,50000,48500,50500,197.09,0.74,3392719,89.74,75.97,59.20,1003,805,112,53,66.57,42615,3,58,69.50,42619,0,[N/A],[N/A],[N/A],[N/A],4,4,"%CPU COMMAND;4738 VLLM::Worker_TP;4617 VLLM::Worker_TP; 400 ps;94.0 opencode;83.2 python3;"
1788650323,2026-09-05T23:18:43+00:00,10833.73,56750,57875,49250,48750,57000,48750,49500,49500,49250,NA,0.53,1500000,89.74,75.97,59.20,1003,805,112,53,67.49,42675,0,58,71.36,42619,0,[N/A],[N/A],[N/A],[N/A],4,4,"%CPU COMMAND;4706 VLLM::Worker_TP;4585 VLLM::Worker_TP;94.0 opencode;82.6 python3;18.0 vllm;"
1788650325,2026-09-05T23:18:45+00:00,10835.24,57250,57875,49000,48500,47750,58250,49250,47000,48500,175.68,0.50,1496019,83.35,74.87,58.93,1003,805,112,53,66.51,42675,0,58,70.14,42619,0,[N/A],[N/A],[N/A],[N/A],4,4,"%CPU COMMAND;4673 VLLM::Worker_TP;4554 VLLM::Worker_TP; 400 ps;94.0 opencode;82.0 python3;"
1788650326,2026-09-05T23:18:46+00:00,10836.74,57250,58000,49250,49000,47750,49250,58250,48000,49250,174.46,0.51,2091777,83.35,74.87,58.93,1003,805,112,53,66.47,42675,0,58,69.18,42619,0,[N/A],[N/A],[N/A],[N/A],4,4,"%CPU COMMAND;4642 VLLM::Worker_TP;4523 VLLM::Worker_TP;94.0 opencode;81.5 python3;17.8 vllm;"
1788650328,2026-09-05T23:18:48+00:00,10838.26,56500,58000,48500,47750,48000,48500,58500,47500,48750,171.02,0.48,2886588,83.35,74.87,58.93,1003,805,112,53,66.52,42675,0,58,69.73,42619,0,[N/A],[N/A],[N/A],[N/A],4,4,"%CPU COMMAND;4610 VLLM::Worker_TP;4492 VLLM::Worker_TP;94.1 opencode;80.9 python3;17.7 vllm;"
1788650329,2026-09-05T23:18:49+00:00,10839.78,55750,58125,49250,47500,48000,49000,57750,47500,48750,174.41,0.50,1496867,76.84,73.66,58.63,1003,805,112,53,66.60,42675,0,58,69.21,42619,0,[N/A],[N/A],[N/A],[N/A],4,4,"%CPU COMMAND;4579 VLLM::Worker_TP;4462 VLLM::Worker_TP; 400 ps;94.1 opencode;80.3 python3;"
1788650331,2026-09-05T23:18:51+00:00,10841.29,56000,58000,48500,47750,46750,49000,57500,47250,47750,170.42,0.73,1500000,76.84,73.66,58.63,1003,805,112,53,66.61,42675,0,58,69.24,42619,0,[N/A],[N/A],[N/A],[N/A],4,4,"%CPU COMMAND;4549 VLLM::Worker_TP;4433 VLLM::Worker_TP;94.1 opencode;79.7 python3;17.5 vllm;"
1788650332,2026-09-05T23:18:52+00:00,10842.80,49500,57750,49000,48750,47250,49000,51500,47750,48250,175.10,0.47,2732105,76.84,73.66,58.63,1003,805,112,63,139.25,42995,100,68,137.13,42939,100,[N/A],[N/A],[N/A],[N/A],4,4,"%CPU COMMAND;4518 VLLM::Worker_TP;4403 VLLM::Worker_TP; 500 ps;94.1 opencode;79.2 python3;"
1788650334,2026-09-05T23:18:54+00:00,10844.35,49250,56875,49500,48500,47500,48250,51500,47250,48750,181.42,0.48,1496739,76.84,73.66,58.63,1003,805,112,60,299.82,42995,100,65,300.56,42939,100,[N/A],[N/A],[N/A],[N/A],4,4,"%CPU COMMAND;4488 VLLM::Worker_TP;4373 VLLM::Worker_TP;94.1 opencode;78.6 python3;17.4 vllm;"
1788650335,2026-09-05T23:18:55+00:00,10845.89,55000,56625,48750,48250,47500,47750,56000,47500,48750,177.65,0.48,2759214,71.00,72.51,58.33,1003,805,112,56,82.28,42995,0,60,88.44,42939,0,[N/A],[N/A],[N/A],[N/A],4,4,"%CPU COMMAND;4458 VLLM::Worker_TP;4345 VLLM::Worker_TP;94.1 opencode;78.1 python3;17.3 vllm;"
1788650337,2026-09-05T23:18:57+00:00,10847.40,53750,56375,48500,47500,46500,47250,48750,53000,48500,177.25,0.69,2730595,71.00,72.51,58.33,1003,805,112,55,73.64,42995,0,60,80.01,42939,0,[N/A],[N/A],[N/A],[N/A],4,4,"%CPU COMMAND;4430 VLLM::Worker_TP;4317 VLLM::Worker_TP; 400 ps;94.1 opencode;77.5 python3;"
1788650338,2026-09-05T23:18:58+00:00,10848.90,48500,56125,49750,48000,47250,47250,49000,50500,48000,185.01,0.69,1641105,71.00,72.51,58.33,1003,805,112,55,66.86,42995,0,60,72.17,42939,0,[N/A],[N/A],[N/A],[N/A],4,4,"%CPU COMMAND;4401 VLLM::Worker_TP;4289 VLLM::Worker_TP;94.1 opencode;77.0 python3;17.1 vllm;"
1788650340,2026-09-05T23:19:00+00:00,10850.42,54750,56000,48500,47750,46500,47750,48250,53250,48250,179.01,0.61,2734782,65.48,71.34,58.03,1003,805,112,55,66.89,42995,0,59,72.07,42939,0,[N/A],[N/A],[N/A],[N/A],4,4,"%CPU COMMAND;4373 VLLM::Worker_TP;4261 VLLM::Worker_TP; 400 ps;94.1 opencode;76.5 python3;"
1788650342,2026-09-05T23:19:02+00:00,10851.93,55750,56125,48750,49000,46750,51750,48750,54000,48500,174.09,0.63,1500000,65.48,71.34,58.03,1003,805,112,55,66.73,42995,0,59,71.93,42939,0,[N/A],[N/A],[N/A],[N/A],4,4,"%CPU COMMAND;4345 VLLM::Worker_TP;4235 VLLM::Worker_TP;94.1 opencode;76.0 python3;16.9 vllm;"
1788650343,2026-09-05T23:19:03+00:00,10853.44,56500,56000,48250,47750,46500,50000,48500,55000,48250,182.94,0.65,1495085,65.48,71.34,58.03,1003,805,112,55,66.77,42995,0,59,72.14,42939,0,[N/A],[N/A],[N/A],[N/A],4,4,"%CPU COMMAND;4318 VLLM::Worker_TP;4208 VLLM::Worker_TP;94.1 opencode;75.5 python3;16.8 vllm;"
1788650345,2026-09-05T23:19:05+00:00,10854.95,56000,56250,48500,48500,46250,47500,48750,55250,48000,180.37,0.84,1500000,60.40,70.18,57.73,1003,805,112,55,66.83,42995,0,59,72.01,42939,0,[N/A],[N/A],[N/A],[N/A],4,4,"%CPU COMMAND;4291 VLLM::Worker_TP;4181 VLLM::Worker_TP;94.1 opencode;75.0 python3;16.7 vllm;"
1788650346,2026-09-05T23:19:06+00:00,10856.47,47250,55875,48750,47250,46250,47750,54500,47000,51500,178.26,0.59,2722826,60.40,70.18,57.73,1003,805,112,57,116.92,42995,90,62,125.05,42939,90,[N/A],[N/A],[N/A],[N/A],4,4,"%CPU COMMAND;4264 VLLM::Worker_TP;4155 VLLM::Worker_TP; 400 ps;94.1 opencode;74.5 python3;"
1788650348,2026-09-05T23:19:08+00:00,10857.97,47250,56125,48750,48250,48000,48000,51000,49250,54500,174.88,0.61,2711782,60.40,70.18,57.73,1003,805,112,55,75.12,42995,0,60,80.94,42939,0,[N/A],[N/A],[N/A],[N/A],4,4,"%CPU COMMAND;4237 VLLM::Worker_TP;4129 VLLM::Worker_TP;94.1 opencode;74.0 python3;16.6 vllm;"
1788650349,2026-09-05T23:19:09+00:00,10859.53,47000,56000,48250,48000,46250,46750,58000,46500,53000,177.17,0.55,3410275,55.80,69.07,57.44,1003,805,112,58,137.49,42995,98,60,142.80,42939,75,[N/A],[N/A],[N/A],[N/A],4,4,"%CPU COMMAND;4211 VLLM::Worker_TP;4104 VLLM::Worker_TP;94.1 opencode;73.5 python3;16.5 vllm;"
1788650351,2026-09-05T23:19:11+00:00,10861.04,47750,56125,48500,49000,46250,54250,55500,47250,54750,185.22,0.67,2732970,55.80,69.07,57.44,1003,805,112,55,76.45,42995,0,60,76.88,42939,2,[N/A],[N/A],[N/A],[N/A],4,4,"%CPU COMMAND;4184 VLLM::Worker_TP;4077 VLLM::Worker_TP; 400 ps;94.1 opencode;73.0 python3;"
1788650352,2026-09-05T23:19:12+00:00,10862.62,47250,56125,48250,49000,46500,54750,55250,46500,54750,203.14,1.01,2714831,55.80,69.07,57.44,1003,805,112,56,123.70,42013,0,60,136.43,41957,0,[N/A],[N/A],[N/A],[N/A],4,4,"%CPU COMMAND;4159 VLLM::Worker_TP;4053 VLLM::Worker_TP;94.2 opencode;72.6 python3;16.3 vllm;"
1788650354,2026-09-05T23:19:14+00:00,10864.13,47250,56250,48000,48500,46250,47500,57750,46000,54250,180.77,0.64,2705088,55.80,69.07,57.44,1003,805,112,56,76.44,42013,0,60,81.87,41957,0,[N/A],[N/A],[N/A],[N/A],4,4,"%CPU COMMAND;4134 VLLM::Worker_TP;4028 VLLM::Worker_TP;94.2 opencode;72.1 python3;16.2 vllm;"
1788650355,2026-09-05T23:19:15+00:00,10865.64,47000,56375,47500,47000,45750,46500,56000,46500,54500,168.89,0.56,2123830,51.57,67.97,57.14,1003,805,112,55,67.57,42013,0,60,73.49,41957,0,[N/A],[N/A],[N/A],[N/A],4,4,"%CPU COMMAND;4109 VLLM::Worker_TP;4004 VLLM::Worker_TP; 400 ps;94.2 opencode;71.7 python3;"
1788650357,2026-09-05T23:19:17+00:00,10867.15,46500,56375,47750,47750,46000,47250,55750,47000,53500,172.03,0.58,2381620,51.57,67.97,57.14,1003,805,112,55,67.56,42013,0,59,72.78,41957,1,[N/A],[N/A],[N/A],[N/A],4,4,"%CPU COMMAND;4084 VLLM::Worker_TP;3980 VLLM::Worker_TP; 500 ps;94.2 opencode;71.2 python3;"
1788650358,2026-09-05T23:19:18+00:00,10868.67,46500,56375,48000,47000,46250,47500,56500,46500,53750,175.64,0.59,2016325,51.57,67.97,57.14,1003,805,112,55,67.51,42013,0,59,72.60,41957,0,[N/A],[N/A],[N/A],[N/A],4,4,"%CPU COMMAND;4060 VLLM::Worker_TP;3957 VLLM::Worker_TP;94.2 opencode;70.8 python3;16.0 vllm;"
1788650360,2026-09-05T23:19:20+00:00,10870.19,46750,56625,47750,47250,46250,46750,57250,46500,54750,176.19,0.47,2750606,47.60,66.88,56.85,1003,805,112,55,67.20,42013,0,59,72.93,41957,0,[N/A],[N/A],[N/A],[N/A],4,4,"%CPU COMMAND;4036 VLLM::Worker_TP;3933 VLLM::Worker_TP; 400 ps;94.2 opencode;70.3 python3;"
1788650361,2026-09-05T23:19:21+00:00,10871.71,47250,56500,47750,48500,46000,46750,54750,46750,54000,183.06,0.62,2716974,47.60,66.88,56.85,1003,805,112,55,66.96,42013,0,59,72.15,41957,0,[N/A],[N/A],[N/A],[N/A],4,4,"%CPU COMMAND;4012 VLLM::Worker_TP;3910 VLLM::Worker_TP;94.1 opencode;69.9 python3;15.8 vllm;"
1788650363,2026-09-05T23:19:23+00:00,10873.23,46500,56250,48250,47000,45500,46750,55250,46500,54000,181.56,0.75,1574301,47.60,66.88,56.85,1003,805,112,55,66.88,42013,0,59,71.83,41957,0,[N/A],[N/A],[N/A],[N/A],4,4,"%CPU COMMAND;3989 VLLM::Worker_TP;3887 VLLM::Worker_TP;94.1 opencode;69.5 python3;15.7 vllm;"
1788650364,2026-09-05T23:19:24+00:00,10874.75,47000,56125,47750,47000,45250,46500,56250,46000,54000,182.20,0.71,2223455,44.11,65.83,56.56,1003,805,112,55,66.86,42013,0,59,71.30,41957,0,[N/A],[N/A],[N/A],[N/A],4,4,"%CPU COMMAND;3966 VLLM::Worker_TP;3865 VLLM::Worker_TP;94.1 opencode;69.1 python3;15.7 vllm;"
1788650366,2026-09-05T23:19:26+00:00,10876.27,46250,56000,47750,47000,46000,48750,53000,46750,53000,182.92,0.61,1500000,44.11,65.83,56.56,1003,805,112,55,96.39,42177,53,60,92.99,42121,0,[N/A],[N/A],[N/A],[N/A],4,4,"%CPU COMMAND;3942 VLLM::Worker_TP;3842 VLLM::Worker_TP;94.1 opencode;68.6 python3;15.6 vllm;"
1788650367,2026-09-05T23:19:27+00:00,10877.83,46500,55750,48000,47750,46000,46500,49500,46250,54250,171.38,0.45,2734569,44.11,65.83,56.56,1003,805,112,56,111.96,42177,80,61,112.84,42121,43,[N/A],[N/A],[N/A],[N/A],4,4,"%CPU COMMAND;3919 VLLM::Worker_TP;3819 VLLM::Worker_TP;94.1 opencode;68.2 python3;15.5 vllm;"
1788650369,2026-09-05T23:19:29+00:00,10879.38,46750,55750,49000,47000,45500,46500,49000,51250,49250,176.68,0.57,3043300,44.11,65.83,56.56,1003,805,112,56,119.93,42177,0,60,122.27,42121,0,[N/A],[N/A],[N/A],[N/A],4,4,"%CPU COMMAND;3896 VLLM::Worker_TP;3797 VLLM::Worker_TP;94.1 opencode;67.8 python3;15.4 vllm;"
1788650371,2026-09-05T23:19:31+00:00,10880.95,46250,55750,47250,47000,45250,46250,56000,46000,55500,177.63,0.49,2724293,40.90,64.81,56.28,1003,805,112,57,108.87,42177,20,60,106.56,42121,0,[N/A],[N/A],[N/A],[N/A],4,4,"%CPU COMMAND;3873 VLLM::Worker_TP;3775 VLLM::Worker_TP;94.1 opencode;67.4 python3;15.4 vllm;"
1788650372,2026-09-05T23:19:32+00:00,10882.50,46750,55875,47750,47000,45750,47250,53750,47000,54000,174.78,0.51,1500000,40.90,64.81,56.28,1003,805,112,57,108.24,42177,0,61,122.54,42123,86,[N/A],[N/A],[N/A],[N/A],4,4,"%CPU COMMAND;3851 VLLM::Worker_TP;3753 VLLM::Worker_TP; 400 ps;94.1 opencode;67.0 python3;"
1788650374,2026-09-05T23:19:34+00:00,10884.06,52750,56125,47750,48250,46250,46500,58250,45750,48000,170.91,0.64,3420084,40.90,64.81,56.28,1003,805,112,57,112.57,42179,0,61,122.82,42123,0,[N/A],[N/A],[N/A],[N/A],4,4,"%CPU COMMAND;3829 VLLM::Worker_TP;3732 VLLM::Worker_TP;94.1 opencode;66.6 python3;15.2 vllm;"
1788650375,2026-09-05T23:19:35+00:00,10885.60,45750,56500,46750,47750,45000,46250,57750,45500,55750,170.71,0.50,2540018,37.86,63.78,55.99,1003,805,112,57,103.80,42179,53,61,95.70,42123,0,[N/A],[N/A],[N/A],[N/A],4,4,"%CPU COMMAND;3808 VLLM::Worker_TP;3711 VLLM::Worker_TP; 400 ps; 300 ptxas;94.1 opencode;"
1788650377,2026-09-05T23:19:37+00:00,10887.11,46750,56625,46750,46000,45000,46000,57500,45750,52500,169.50,0.45,1839802,37.86,63.78,55.99,1003,805,112,57,106.57,42179,0,61,95.85,42123,7,[N/A],[N/A],[N/A],[N/A],4,4,"%CPU COMMAND;3786 VLLM::Worker_TP;3690 VLLM::Worker_TP; 400 ps;94.1 opencode;65.8 python3;"
1788650378,2026-09-05T23:19:38+00:00,10888.67,46750,56375,47750,47250,47250,47250,50500,46000,54500,178.32,0.44,2725193,37.86,63.78,55.99,1003,805,112,57,107.47,42179,0,61,122.49,42123,19,[N/A],[N/A],[N/A],[N/A],4,4,"%CPU COMMAND;3764 VLLM::Worker_TP;3669 VLLM::Worker_TP; 400 ps;94.1 opencode;65.4 python3;"
1788650380,2026-09-05T23:19:40+00:00,10890.24,46250,56375,47750,47250,51250,47250,57000,45750,55500,173.55,0.45,3415192,35.15,62.79,55.71,1003,805,112,57,92.71,42179,0,61,95.55,42123,0,[N/A],[N/A],[N/A],[N/A],4,4,"%CPU COMMAND;3744 VLLM::Worker_TP;3649 VLLM::Worker_TP; 144 ptxas;94.1 opencode;65.1 python3;"
1788650381,2026-09-05T23:19:41+00:00,10891.75,52250,56250,48000,46500,45500,46500,54750,46000,47250,169.37,0.43,2734005,35.15,62.79,55.71,1003,805,112,57,92.48,42179,0,61,95.64,42123,0,[N/A],[N/A],[N/A],[N/A],4,4,"%CPU COMMAND;3723 VLLM::Worker_TP;3628 VLLM::Worker_TP;94.1 opencode;64.7 python3;14.8 vllm;"
1788650383,2026-09-05T23:19:43+00:00,10893.31,45500,56250,47500,47500,45000,46250,57250,46250,54500,172.80,0.56,2454071,35.15,62.79,55.71,1003,805,112,57,88.20,42179,0,61,95.79,42123,0,[N/A],[N/A],[N/A],[N/A],4,4,"%CPU COMMAND;3702 VLLM::Worker_TP;3608 VLLM::Worker_TP; 400 ps;94.1 opencode;64.3 python3;"
1788650384,2026-09-05T23:19:44+00:00,10894.84,46000,56250,47250,46000,45250,46500,56000,45250,53250,172.78,0.45,2092506,32.74,61.83,55.44,1003,805,112,57,93.14,42179,38,61,106.59,42123,0,[N/A],[N/A],[N/A],[N/A],4,4,"%CPU COMMAND;3682 VLLM::Worker_TP;3588 VLLM::Worker_TP; 500 ps;94.1 opencode;64.0 python3;"
1788650386,2026-09-05T23:19:46+00:00,10896.40,46000,56250,47250,47000,45250,46750,50750,45500,53500,177.18,0.60,2726673,32.74,61.83,55.44,1003,805,112,59,96.29,42179,48,61,102.30,42123,0,[N/A],[N/A],[N/A],[N/A],4,4,"%CPU COMMAND;3662 VLLM::Worker_TP;3569 VLLM::Worker_TP;94.1 opencode;63.6 python3;14.6 vllm;"
1788650388,2026-09-05T23:19:48+00:00,10897.93,51500,56125,47250,46500,45500,46750,52000,46000,51750,168.16,0.45,2062170,32.74,61.83,55.44,1003,805,112,57,104.36,42179,0,61,106.96,42123,0,[N/A],[N/A],[N/A],[N/A],4,4,"%CPU COMMAND;3643 VLLM::Worker_TP;3550 VLLM::Worker_TP; 300 ptxas;94.1 opencode;63.2 python3;"
1788650389,2026-09-05T23:19:49+00:00,10899.47,45750,56000,47250,47250,44750,46000,56500,45500,54500,177.99,0.46,2721037,32.74,61.83,55.44,1003,805,112,58,107.35,42179,38,63,106.89,42123,0,[N/A],[N/A],[N/A],[N/A],4,4,"%CPU COMMAND;3623 VLLM::Worker_TP;3531 VLLM::Worker_TP; 400 ps;94.1 opencode;62.9 python3;"
1788650391,2026-09-05T23:19:51+00:00,10901.03,46250,55875,47500,46000,45500,48750,56750,45750,54250,174.49,0.42,1497020,30.43,60.87,55.17,1003,805,112,58,107.57,42179,2,61,106.93,42123,0,[N/A],[N/A],[N/A],[N/A],4,4,"%CPU COMMAND;3603 VLLM::Worker_TP;3512 VLLM::Worker_TP;94.1 opencode;62.5 python3;14.4 vllm;"
1788650392,2026-09-05T23:19:52+00:00,10902.57,46000,55750,47750,47000,45000,45500,52750,46750,48750,170.97,0.51,2723437,30.43,60.87,55.17,1003,805,112,58,122.39,42181,2,62,119.71,42125,37,[N/A],[N/A],[N/A],[N/A],4,4,"%CPU COMMAND;3584 VLLM::Worker_TP;3493 VLLM::Worker_TP;94.1 opencode;62.2 python3;14.4 vllm;"
1788650394,2026-09-05T23:19:54+00:00,10904.09,45500,55875,47750,46250,45000,46000,56250,45500,55250,168.16,0.41,1951972,30.43,60.87,55.17,1003,805,112,58,93.42,42181,0,61,90.72,42125,0,[N/A],[N/A],[N/A],[N/A],4,4,"%CPU COMMAND;3566 VLLM::Worker_TP;3475 VLLM::Worker_TP; 400 ps;94.1 opencode;61.9 python3;"
1788650395,2026-09-05T23:19:55+00:00,10905.60,45500,56250,47000,46250,44750,46250,58000,45500,54250,168.69,0.44,2033069,28.32,59.92,54.89,1003,805,112,60,92.83,42181,97,63,82.98,42125,0,[N/A],[N/A],[N/A],[N/A],4,4,"%CPU COMMAND;3547 VLLM::Worker_TP;3457 VLLM::Worker_TP;94.1 opencode;61.5 python3;14.2 vllm;"
1788650397,2026-09-05T23:19:57+00:00,10907.12,46250,56250,47750,46250,45500,46500,57000,46000,53750,171.20,0.42,2402489,28.32,59.92,54.89,1003,805,112,58,94.95,42181,0,61,95.95,42125,0,[N/A],[N/A],[N/A],[N/A],4,4,"%CPU COMMAND;3529 VLLM::Worker_TP;3440 VLLM::Worker_TP;94.1 opencode;61.2 python3;14.2 vllm;"
1788650398,2026-09-05T23:19:58+00:00,10908.64,46500,56500,47250,46750,44750,46500,57500,45000,56000,173.31,0.40,2688130,28.32,59.92,54.89,1003,805,112,59,94.10,42181,60,63,81.66,42125,0,[N/A],[N/A],[N/A],[N/A],4,4,"%CPU COMMAND;3511 VLLM::Worker_TP;3422 VLLM::Worker_TP;94.1 opencode;60.9 python3;14.1 vllm;"
1788650400,2026-09-05T23:20:00+00:00,10910.15,45750,56500,46500,47250,45250,46000,55750,45250,55000,166.86,0.47,1496943,26.29,58.98,54.61,1003,805,112,58,94.39,42181,0,61,81.64,42125,0,[N/A],[N/A],[N/A],[N/A],4,4,"%CPU COMMAND;3493 VLLM::Worker_TP;3405 VLLM::Worker_TP;94.1 opencode;60.6 python3;14.1 vllm;"
1788650401,2026-09-05T23:20:01+00:00,10911.66,46250,56500,47000,46750,45250,45750,56500,45500,55500,167.71,0.41,2723383,26.29,58.98,54.61,1003,805,112,58,67.34,42181,0,61,77.94,42125,0,[N/A],[N/A],[N/A],[N/A],4,4,"%CPU COMMAND;3476 VLLM::Worker_TP;3387 VLLM::Worker_TP; 400 ps;94.1 opencode;60.3 python3;"
1788650403,2026-09-05T23:20:03+00:00,10913.18,46000,56250,46500,46750,45250,46500,54000,45750,54000,167.26,0.40,1607909,26.29,58.98,54.61,1003,805,112,58,80.92,42181,11,61,92.45,42125,0,[N/A],[N/A],[N/A],[N/A],4,4,"%CPU COMMAND;3458 VLLM::Worker_TP;3370 VLLM::Worker_TP;94.1 opencode;59.9 python3;13.9 vllm;"
1788650404,2026-09-05T23:20:04+00:00,10914.69,45500,56250,46500,46750,45500,45500,55000,45000,54000,166.35,0.46,1500000,24.66,58.10,54.35,1003,805,112,58,94.00,42181,0,61,95.33,42125,0,[N/A],[N/A],[N/A],[N/A],4,4,"%CPU COMMAND;3440 VLLM::Worker_TP;3353 VLLM::Worker_TP; 400 ps;94.1 opencode;59.6 python3;"
1788650406,2026-09-05T23:20:06+00:00,10916.24,46000,56250,47250,46250,44750,45500,57250,45500,55500,169.39,0.38,2726057,24.66,58.10,54.35,1003,805,112,58,95.25,42181,0,61,88.12,42125,0,[N/A],[N/A],[N/A],[N/A],4,4,"%CPU COMMAND;3423 VLLM::Worker_TP;3337 VLLM::Worker_TP;94.1 opencode;59.3 python3;13.8 vllm;"
1788650407,2026-09-05T23:20:07+00:00,10917.76,45000,56000,47000,46250,45750,45500,56000,44750,53500,167.64,0.42,1497902,24.66,58.10,54.35,1003,805,112,58,76.73,42181,0,61,82.81,42125,0,[N/A],[N/A],[N/A],[N/A],4,4,"%CPU COMMAND;3406 VLLM::Worker_TP;3320 VLLM::Worker_TP;94.1 opencode;59.0 python3;13.8 vllm;"
1788650409,2026-09-05T23:20:09+00:00,10919.31,45250,55750,47250,46250,45000,46000,50000,45750,47750,170.90,0.45,1500000,24.66,58.10,54.35,1003,805,112,60,100.12,42181,74,63,100.87,42125,76,[N/A],[N/A],[N/A],[N/A],4,4,"%CPU COMMAND;3389 VLLM::Worker_TP;3303 VLLM::Worker_TP;94.1 opencode;58.7 python3;13.7 vllm;"
1788650410,2026-09-05T23:20:10+00:00,10920.82,45500,55625,46500,47000,44750,46000,53500,45000,53750,167.88,0.37,1500000,23.01,57.20,54.08,1003,805,112,58,107.06,42181,0,62,110.31,42125,0,[N/A],[N/A],[N/A],[N/A],4,4,"%CPU COMMAND;3372 VLLM::Worker_TP;3287 VLLM::Worker_TP; 400 ps;94.0 opencode;58.4 python3;"
1788650412,2026-09-05T23:20:12+00:00,10922.36,46250,55500,46750,46000,45250,47250,53750,44750,53250,176.56,0.77,1500000,23.01,57.20,54.08,1003,805,112,58,93.83,42181,0,62,95.49,42125,0,[N/A],[N/A],[N/A],[N/A],4,4,"%CPU COMMAND;3355 VLLM::Worker_TP;3270 VLLM::Worker_TP;94.0 opencode;58.1 python3;13.6 vllm;"
1788650413,2026-09-05T23:20:13+00:00,10923.91,45500,55375,48000,46000,45250,46000,50500,46000,48000,173.34,1.28,1500000,23.01,57.20,54.08,1003,805,112,58,85.97,42181,79,62,96.59,42125,0,[N/A],[N/A],[N/A],[N/A],4,4,"%CPU COMMAND;3339 VLLM::Worker_TP;3255 VLLM::Worker_TP; 300 ptxas;94.1 opencode;57.8 python3;"
1788650415,2026-09-05T23:20:15+00:00,10925.44,45500,55250,47250,46750,45500,46000,55000,45250,54750,171.05,0.53,1500000,21.57,56.33,53.82,1003,805,112,59,98.61,42181,9,62,110.28,42125,0,[N/A],[N/A],[N/A],[N/A],4,4,"%CPU COMMAND;3322 VLLM::Worker_TP;3238 VLLM::Worker_TP; 400 ps;94.1 opencode;57.5 python3;"
1788650417,2026-09-05T23:20:17+00:00,10926.98,54500,55250,47250,46000,45000,47000,47000,52500,46500,178.03,0.60,1500000,21.57,56.33,53.82,1003,805,112,59,107.44,42181,0,62,110.13,42125,0,[N/A],[N/A],[N/A],[N/A],4,4,"%CPU COMMAND;3306 VLLM::Worker_TP;3223 VLLM::Worker_TP; 400 ps;94.1 opencode;57.2 python3;"
1788650418,2026-09-05T23:20:18+00:00,10928.53,46000,55250,46750,46250,46500,46000,56500,45500,55000,173.08,0.41,3197712,21.57,56.33,53.82,1003,805,112,60,110.71,42181,78,64,102.21,42125,35,[N/A],[N/A],[N/A],[N/A],4,4,"%CPU COMMAND;3290 VLLM::Worker_TP;3207 VLLM::Worker_TP;94.1 opencode;57.0 python3;13.4 vllm;"
1788650420,2026-09-05T23:20:20+00:00,10930.05,45750,55250,47750,46250,45000,45750,54750,44750,54000,174.65,0.46,1500000,20.08,55.45,53.54,1003,805,112,59,94.86,42181,0,62,96.76,42125,0,[N/A],[N/A],[N/A],[N/A],4,4,"%CPU COMMAND;3275 VLLM::Worker_TP;3192 VLLM::Worker_TP; 400 ptxas; 400 ps;94.1 opencode;"
1788650421,2026-09-05T23:20:21+00:00,10931.55,45500,55250,45750,46000,44750,46000,56750,45500,53250,166.17,0.44,1500000,20.08,55.45,53.54,1003,805,112,60,98.57,42181,24,62,95.75,42125,31,[N/A],[N/A],[N/A],[N/A],4,4,"%CPU COMMAND;3259 VLLM::Worker_TP;3177 VLLM::Worker_TP; 400 ps;94.1 opencode;56.4 python3;"
1788650423,2026-09-05T23:20:23+00:00,10933.09,46000,55125,46500,45500,45500,46500,54000,46000,54250,173.06,0.43,1500000,20.08,55.45,53.54,1003,805,112,59,105.06,42359,0,63,110.88,42303,52,[N/A],[N/A],[N/A],[N/A],4,4,"%CPU COMMAND;3244 VLLM::Worker_TP;3162 VLLM::Worker_TP;94.1 opencode;56.1 python3;13.2 vllm;"
1788650424,2026-09-05T23:20:24+00:00,10934.61,45500,54750,47500,46500,45000,45500,50500,45750,49750,178.40,0.64,1500000,18.71,54.58,53.27,1003,805,112,61,108.98,43181,61,64,104.68,41945,50,[N/A],[N/A],[N/A],[N/A],4,4,"%CPU COMMAND;3228 VLLM::Worker_TP;3146 VLLM::Worker_TP;94.1 opencode;55.9 python3;13.1 vllm;"
1788650426,2026-09-05T23:20:26+00:00,10936.18,45250,54250,47750,47250,45000,45250,48750,45750,50250,179.40,0.52,1494840,18.71,54.58,53.27,1003,805,112,59,109.76,43183,0,63,83.67,43127,0,[N/A],[N/A],[N/A],[N/A],4,4,"%CPU COMMAND;3213 VLLM::Worker_TP;3132 VLLM::Worker_TP;94.0 opencode;55.6 python3;13.1 vllm;"
1788650427,2026-09-05T23:20:27+00:00,10937.71,48750,54125,47500,46500,46500,47000,49250,53250,54000,174.37,0.43,2710386,18.71,54.58,53.27,1003,805,112,59,80.84,65163,0,62,81.27,65429,0,[N/A],[N/A],[N/A],[N/A],4,4,"%CPU COMMAND;3198 VLLM::Worker_TP;3117 VLLM::Worker_TP;94.0 opencode;55.3 python3;13.0 vllm;"
1788650429,2026-09-05T23:20:29+00:00,10939.24,45750,53625,52500,45500,46000,45250,46500,48500,48250,165.41,0.51,1500000,18.71,54.58,53.27,1003,805,112,62,130.35,65645,80,67,226.68,65589,81,[N/A],[N/A],[N/A],[N/A],4,4,"%CPU COMMAND;3183 VLLM::Worker_TP;3102 VLLM::Worker_TP; 500 ps;94.0 opencode;55.1 python3;"
1788650430,2026-09-05T23:20:30+00:00,10940.82,48500,53000,47750,45500,45000,46500,48750,45000,46500,166.66,0.50,2736412,17.53,53.74,53.01,1003,805,112,65,281.83,66005,89,69,279.34,66149,85,[N/A],[N/A],[N/A],[N/A],4,4,"%CPU COMMAND;3168 VLLM::Worker_TP;3088 VLLM::Worker_TP;94.0 opencode;54.8 python3;12.9 vllm;"
1788650432,2026-09-05T23:20:32+00:00,10942.39,48750,52500,46500,47250,44750,45500,48750,44750,46250,168.13,0.52,2872692,17.53,53.74,53.01,1003,805,112,63,149.13,66207,83,66,163.16,66151,82,[N/A],[N/A],[N/A],[N/A],4,4,"%CPU COMMAND;3153 VLLM::Worker_TP;3073 VLLM::Worker_TP; 400 ps;94.0 opencode;54.5 python3;"
1788650434,2026-09-05T23:20:34+00:00,10943.93,48250,52125,47250,46250,45000,46250,48750,45000,46500,162.70,0.51,2452441,17.53,53.74,53.01,1003,805,112,66,230.76,66207,80,70,225.82,66151,88,[N/A],[N/A],[N/A],[N/A],4,4,"%CPU COMMAND;3138 VLLM::Worker_TP;3059 VLLM::Worker_TP; 400 ps;94.0 opencode;54.3 python3;"
1788650435,2026-09-05T23:20:35+00:00,10945.48,48250,51750,46750,45500,44500,45500,51250,45000,46250,167.36,0.55,2734863,16.37,52.89,52.74,1003,805,112,66,245.71,66207,88,70,240.94,66151,89,[N/A],[N/A],[N/A],[N/A],4,4,"%CPU COMMAND;3124 VLLM::Worker_TP;3045 VLLM::Worker_TP;94.0 opencode;54.0 python3;12.8 vllm;"
1788650437,2026-09-05T23:20:37+00:00,10947.04,48500,51375,46250,46250,44000,45250,49000,44750,46000,165.60,0.54,1500000,16.37,52.89,52.74,1003,805,112,68,260.17,66487,89,71,256.75,66431,88,[N/A],[N/A],[N/A],[N/A],4,4,"%CPU COMMAND;3109 VLLM::Worker_TP;3031 VLLM::Worker_TP;94.0 opencode;53.8 python3;12.7 vllm;"
1788650438,2026-09-05T23:20:38+00:00,10948.61,53500,52750,46750,45250,46000,45250,54000,45000,46000,168.89,0.50,1500000,16.37,52.89,52.74,1003,805,112,64,198.84,67447,0,67,188.60,67391,0,[N/A],[N/A],[N/A],[N/A],4,4,"%CPU COMMAND;3095 VLLM::Worker_TP;3017 VLLM::Worker_TP;94.0 opencode;53.5 python3;12.7 vllm;"
1788650440,2026-09-05T23:20:40+00:00,10950.13,54000,53875,46750,45500,44750,45750,54500,44750,46250,175.70,0.59,1500000,15.38,52.08,52.48,1003,805,112,63,85.95,67447,0,66,86.43,67391,0,[N/A],[N/A],[N/A],[N/A],4,4,"%CPU COMMAND;3082 VLLM::Worker_TP;3004 VLLM::Worker_TP; 500 ps;94.0 opencode;53.3 python3;"
1788650441,2026-09-05T23:20:41+00:00,10951.66,47250,53750,46500,45500,46000,45500,48500,45250,46500,192.35,0.72,1500000,15.38,52.08,52.48,1003,805,112,65,169.93,65227,62,68,148.61,65171,0,[N/A],[N/A],[N/A],[N/A],4,4,"%CPU COMMAND;3068 VLLM::Worker_TP;2990 VLLM::Worker_TP;94.0 opencode;53.0 python3;12.6 vllm;"
1788650443,2026-09-05T23:20:43+00:00,10953.18,54750,54125,46500,47250,44750,45750,55000,44750,46250,168.83,0.43,1497030,15.38,52.08,52.48,1003,805,112,63,88.05,65473,0,66,84.52,65417,0,[N/A],[N/A],[N/A],[N/A],4,4,"%CPU COMMAND;3054 VLLM::Worker_TP;2977 VLLM::Worker_TP; 233 ptxas;94.0 opencode;52.8 python3;"
1788650444,2026-09-05T23:20:44+00:00,10954.69,53250,54250,47000,46500,44750,45750,54000,45500,46750,172.47,0.51,2729970,14.47,51.28,52.22,1003,805,112,63,78.71,65515,13,66,92.12,65461,0,[N/A],[N/A],[N/A],[N/A],4,4,"%CPU COMMAND;3041 VLLM::Worker_TP;2964 VLLM::Worker_TP;94.0 opencode;52.5 python3;12.5 vllm;"
1788650446,2026-09-05T23:20:46+00:00,10956.23,51000,54375,47250,45250,45250,45750,51250,45250,45750,175.92,0.56,1497002,14.47,51.28,52.22,1003,805,112,62,69.02,65347,10,66,87.04,65457,0,[N/A],[N/A],[N/A],[N/A],4,4,"%CPU COMMAND;3027 VLLM::Worker_TP;2951 VLLM::Worker_TP;94.0 opencode;52.3 python3;12.4 vllm;"
1788650447,2026-09-05T23:20:47+00:00,10957.78,51000,54000,47000,47000,45000,45500,52750,45250,46750,169.87,0.72,2820954,14.47,51.28,52.22,1003,805,112,63,101.61,65449,14,66,103.27,65375,15,[N/A],[N/A],[N/A],[N/A],4,4,"%CPU COMMAND;3014 VLLM::Worker_TP;2938 VLLM::Worker_TP; 400 ps;94.0 opencode;52.1 python3;"
1788650449,2026-09-05T23:20:49+00:00,10959.32,46000,54125,47000,45500,45500,46250,48250,50500,55000,177.07,0.47,1956866,14.47,51.28,52.22,1003,805,112,62,79.31,65511,0,65,85.14,65393,5,[N/A],[N/A],[N/A],[N/A],4,4,"%CPU COMMAND;3001 VLLM::Worker_TP;2925 VLLM::Worker_TP; 400 ps;94.0 opencode;51.8 python3;"
1788650450,2026-09-05T23:20:50+00:00,10960.85,46500,54375,47000,46000,44750,46000,54750,45250,53500,170.28,0.46,2734540,13.79,50.53,51.97,1003,805,112,62,68.01,65525,0,65,76.82,65469,0,[N/A],[N/A],[N/A],[N/A],4,4,"%CPU COMMAND;2988 VLLM::Worker_TP;2912 VLLM::Worker_TP;94.0 opencode;51.6 python3;12.3 vllm;"
1788650452,2026-09-05T23:20:52+00:00,10962.38,53000,54250,47250,46250,45250,46000,51250,45500,46750,174.70,0.54,1856692,13.79,50.53,51.97,1003,805,112,62,82.45,65555,1,65,86.78,65499,3,[N/A],[N/A],[N/A],[N/A],4,4,"%CPU COMMAND;2975 VLLM::Worker_TP;2900 VLLM::Worker_TP;94.0 opencode;51.4 python3;12.2 vllm;"
1788650453,2026-09-05T23:20:53+00:00,10963.91,53250,54375,47250,45750,45000,46750,54000,45250,46750,176.30,0.49,1497362,13.79,50.53,51.97,1003,805,112,62,72.13,65567,0,65,79.32,65511,0,[N/A],[N/A],[N/A],[N/A],4,4,"%CPU COMMAND;2962 VLLM::Worker_TP;2887 VLLM::Worker_TP;94.0 opencode;51.2 python3;12.2 vllm;"
1788650455,2026-09-05T23:20:55+00:00,10965.43,54750,54375,47000,45000,44750,45500,55750,45500,46500,175.57,0.52,2927402,12.92,49.74,51.70,1003,804,112,62,76.23,65603,1,65,82.44,65547,10,[N/A],[N/A],[N/A],[N/A],4,4,"%CPU COMMAND;2949 VLLM::Worker_TP;2875 VLLM::Worker_TP; 400 ps;94.0 opencode;50.9 python3;"
1788650457,2026-09-05T23:20:57+00:00,10966.94,53250,54500,46750,46500,45250,45750,54000,45250,47250,173.53,0.59,2725268,12.92,49.74,51.70,1003,804,112,61,75.66,65607,6,65,81.64,65551,0,[N/A],[N/A],[N/A],[N/A],4,4,"%CPU COMMAND;2937 VLLM::Worker_TP;2863 VLLM::Worker_TP;94.0 opencode;50.7 python3;12.1 vllm;"
1788650458,2026-09-05T23:20:58+00:00,10968.47,55000,54625,46250,47500,45250,45500,55000,44750,46500,175.65,0.57,2731841,12.92,49.74,51.70,1003,804,112,61,72.90,65731,0,64,81.69,65675,0,[N/A],[N/A],[N/A],[N/A],4,4,"%CPU COMMAND;2924 VLLM::Worker_TP;2851 VLLM::Worker_TP; 400 ps;94.0 opencode;50.5 python3;"
1788650460,2026-09-05T23:21:00+00:00,10969.97,51250,54375,47000,46000,45500,45250,52500,45000,46750,172.72,0.52,2721158,12.69,49.08,51.48,1003,804,112,61,80.12,65819,2,64,84.04,65715,0,[N/A],[N/A],[N/A],[N/A],4,4,"%CPU COMMAND;2912 VLLM::Worker_TP;2839 VLLM::Worker_TP;94.0 opencode;50.3 python3;12.0 vllm;"
1788650461,2026-09-05T23:21:01+00:00,10971.50,52000,54125,47500,45750,44750,47000,53250,44750,46000,173.63,0.46,2523949,12.69,49.08,51.48,1003,804,112,61,81.69,65865,4,64,87.26,65785,10,[N/A],[N/A],[N/A],[N/A],4,4,"%CPU COMMAND;2900 VLLM::Worker_TP;2827 VLLM::Worker_TP;94.0 opencode;50.1 python3;11.9 vllm;"
1788650463,2026-09-05T23:21:03+00:00,10973.05,45250,53625,47250,47500,45500,46500,46750,45750,46750,184.23,0.48,1495946,12.69,49.08,51.48,1003,811,112,61,76.98,470,0,64,83.20,414,100,[N/A],[N/A],[N/A],[N/A],4,4,"%CPU COMMAND;2888 VLLM::Worker_TP;2815 VLLM::Worker_TP;94.0 opencode;50.3 python3;11.9 vllm;"
1788650464,2026-09-05T23:21:04+00:00,10974.55,45250,53250,47250,53000,45750,46000,46750,44750,46250,168.61,0.35,1500000,11.83,48.30,51.21,1003,821,112,61,67.91,470,0,64,85.23,414,0,[N/A],[N/A],[N/A],[N/A],4,4,"%CPU COMMAND;2875 VLLM::Worker_TP;2803 VLLM::Worker_TP;94.0 opencode;50.5 python3;11.9 vllm;"
1788650466,2026-09-05T23:21:06+00:00,10976.07,48750,53250,46500,53000,47250,46250,48000,45000,46250,167.75,0.34,1500000,11.83,48.30,51.21,1003,840,112,60,38.60,470,0,63,46.80,414,0,[N/A],[N/A],[N/A],[N/A],4,4,"%CPU COMMAND; 400 ps;94.1 opencode;50.8 python3;11.8 vllm; 7.7 VLLM::EngineCor;"
1788650467,2026-09-05T23:21:07+00:00,10977.60,46000,53125,46750,53000,46000,45750,46750,46000,50750,178.32,0.40,1500000,11.83,48.30,51.21,1003,859,112,59,34.48,470,0,62,40.65,414,0,[N/A],[N/A],[N/A],[N/A],2,2,"%CPU COMMAND; 400 ps;94.1 opencode;50.9 python3;12.1 vllm; 4.6 containerd;"
1788650469,2026-09-05T23:21:09+00:00,10979.32,47250,52625,47250,47750,45250,46000,46250,44750,47250,189.96,0.72,2714755,11.83,48.30,51.21,1003,863,112,59,19.77,2,0,62,25.64,2,0,[N/A],[N/A],[N/A],[N/A],1,1,"%CPU COMMAND; 400 ps;94.1 opencode; 4.6 containerd; 2.0 nvtop; 1.7 dcgm-exporter;"
1788650471,2026-09-05T23:21:11+00:00,10980.94,45000,51750,45750,44750,44750,45250,46250,45000,45750,151.58,0.41,1500000,11.21,47.56,50.96,1003,863,112,58,19.53,2,0,62,25.22,2,0,[N/A],[N/A],[N/A],[N/A],1,1,"%CPU COMMAND;94.1 opencode; 4.6 containerd; 2.0 nvtop; 1.7 dcgm-exporter; 1.4 atop;"
1788650472,2026-09-05T23:21:12+00:00,10982.88,45000,50750,45500,45000,44250,44750,46000,44500,45250,178.65,0.47,1500000,11.21,47.56,50.96,1003,863,112,58,16.42,2,0,61,18.95,2,0,[N/A],[N/A],[N/A],[N/A],1,1,"%CPU COMMAND;94.1 opencode; 4.6 containerd; 2.0 nvtop; 1.7 dcgm-exporter; 1.4 atop;"
1788650474,2026-09-05T23:21:14+00:00,10984.77,44250,50000,46000,44500,44000,44750,46250,44250,45000,173.91,0.33,1500000,10.39,46.79,50.69,1003,863,112,58,16.20,2,0,61,18.57,2,0,[N/A],[N/A],[N/A],[N/A],1,1,"%CPU COMMAND;94.1 opencode; 4.6 containerd; 2.0 nvtop; 1.7 dcgm-exporter; 1.4 atop;"
1788650476,2026-09-05T23:21:16+00:00,10986.72,44250,49375,45750,45000,44250,45000,45750,45250,45500,179.06,0.33,1477786,10.39,46.79,50.69,1003,863,112,57,17.05,2,0,60,17.66,2,0,[N/A],[N/A],[N/A],[N/A],1,1,"%CPU COMMAND; 400 ps;94.1 opencode; 4.6 containerd; 2.0 nvtop; 1.7 dcgm-exporter;"
1788650478,2026-09-05T23:21:18+00:00,10988.64,44000,48750,46500,44750,43750,44250,45750,44000,45500,176.70,0.34,2754810,10.39,46.79,50.69,1003,863,112,57,16.40,2,0,60,17.03,2,0,[N/A],[N/A],[N/A],[N/A],1,1,"%CPU COMMAND; 400 ps;94.0 opencode; 4.6 containerd; 2.0 nvtop; 1.7 dcgm-exporter;"
1788650480,2026-09-05T23:21:20+00:00,10990.54,44000,48500,45750,44500,43750,44750,46250,45000,45500,174.25,0.32,1500000,9.72,46.05,50.43,1003,863,112,57,16.37,2,0,60,18.54,2,0,[N/A],[N/A],[N/A],[N/A],1,1,"%CPU COMMAND;94.0 opencode; 4.6 containerd; 2.0 nvtop; 1.7 dcgm-exporter; 1.4 atop;"
1788650482,2026-09-05T23:21:22+00:00,10992.49,44250,48000,45750,44000,43750,44750,45500,43500,45750,178.41,0.34,1500000,9.72,46.05,50.43,1003,863,112,56,17.09,2,0,60,19.19,2,0,[N/A],[N/A],[N/A],[N/A],1,1,"%CPU COMMAND;94.0 opencode; 4.6 containerd; 2.0 nvtop; 1.7 dcgm-exporter; 1.4 atop;"
1788650484,2026-09-05T23:21:24+00:00,10994.40,44250,47750,45750,45000,44000,44750,46250,44250,45750,176.47,0.40,2754606,9.72,46.05,50.43,1003,863,112,56,15.98,2,0,59,21.34,2,0,[N/A],[N/A],[N/A],[N/A],1,1,"%CPU COMMAND;94.0 opencode; 4.6 containerd; 2.0 nvtop; 1.7 dcgm-exporter; 1.4 atop;"
1788650486,2026-09-05T23:21:26+00:00,10996.26,43750,47500,46000,44250,44000,44250,46250,43500,45250,172.82,0.41,1500000,9.10,45.31,50.17,1003,863,112,56,17.43,2,0,59,18.97,2,0,[N/A],[N/A],[N/A],[N/A],1,1,"%CPU COMMAND;94.0 opencode; 4.6 containerd; 2.0 nvtop; 1.7 dcgm-exporter; 1.4 atop;"
1788650488,2026-09-05T23:21:28+00:00,10998.18,44250,47250,45750,45000,44000,44500,47250,44250,44500,181.16,0.34,1500000,9.10,45.31,50.17,1003,863,112,55,16.83,2,0,59,19.18,2,0,[N/A],[N/A],[N/A],[N/A],1,1,"%CPU COMMAND;94.0 opencode; 4.6 containerd; 2.0 nvtop; 1.7 dcgm-exporter; 1.4 atop;"
1788650490,2026-09-05T23:21:30+00:00,11000.12,44750,47375,45750,45000,44500,44500,45250,43750,46000,184.50,0.37,1500000,8.37,44.56,49.90,1003,863,112,55,16.48,2,0,58,18.86,2,0,[N/A],[N/A],[N/A],[N/A],1,1,"%CPU COMMAND;94.0 opencode; 4.6 containerd; 2.0 nvtop; 1.7 dcgm-exporter; 1.4 atop;"
1788650492,2026-09-05T23:21:32+00:00,11001.99,44500,47250,45750,44500,43500,43750,45500,44750,45250,172.51,0.36,1500000,8.37,44.56,49.90,1003,863,112,55,16.10,2,0,58,20.08,2,0,[N/A],[N/A],[N/A],[N/A],1,1,"%CPU COMMAND; 400 ps;94.0 opencode; 4.6 containerd; 2.0 nvtop; 1.7 dcgm-exporter;"
1788650493,2026-09-05T23:21:33+00:00,11003.88,43750,47000,45500,44000,44750,44500,46750,43500,45000,174.65,0.36,1500000,8.37,44.56,49.90,1003,863,112,55,15.90,2,0,58,19.18,2,0,[N/A],[N/A],[N/A],[N/A],1,1,"%CPU COMMAND;94.0 opencode; 4.6 containerd; 2.0 nvtop; 1.7 dcgm-exporter; 1.4 atop;"
1788650495,2026-09-05T23:21:35+00:00,11005.82,43750,46750,45250,44250,43750,44250,45250,45000,45000,175.54,0.32,1500000,7.86,43.85,49.64,1003,863,112,54,15.76,2,0,57,18.97,2,0,[N/A],[N/A],[N/A],[N/A],1,1,"%CPU COMMAND;94.0 opencode; 4.6 containerd; 2.0 nvtop; 1.7 dcgm-exporter; 1.4 atop;"
1788650497,2026-09-05T23:21:37+00:00,11007.69,44250,46625,45250,44000,43500,44000,45000,43250,44750,167.13,0.27,1500000,7.86,43.85,49.64,1003,863,112,54,16.26,2,0,57,18.85,2,0,[N/A],[N/A],[N/A],[N/A],1,1,"%CPU COMMAND; 400 ps;94.0 opencode; 4.6 containerd; 2.0 nvtop; 1.7 dcgm-exporter;"
1788650499,2026-09-05T23:21:39+00:00,11009.60,43750,46875,45500,44500,43000,44000,45500,44500,44250,174.96,0.32,1500000,7.47,43.18,49.39,1003,863,112,54,15.69,2,0,57,17.92,2,0,[N/A],[N/A],[N/A],[N/A],1,1,"%CPU COMMAND;94.0 opencode; 4.6 containerd; 2.0 nvtop; 1.7 dcgm-exporter; 1.4 atop;"
1788650501,2026-09-05T23:21:41+00:00,11011.51,44000,46750,44750,43750,43500,44000,45000,42750,47250,171.04,0.29,1500000,7.47,43.18,49.39,1003,863,112,54,15.91,2,0,57,19.21,2,0,[N/A],[N/A],[N/A],[N/A],1,1,"%CPU COMMAND;94.0 opencode; 4.6 containerd; 2.0 nvtop; 1.7 dcgm-exporter; 1.4 atop;"
1788650503,2026-09-05T23:21:43+00:00,11013.39,44000,46750,45000,43500,43250,43750,45500,43750,44500,172.18,0.39,1500000,7.47,43.18,49.39,1003,863,112,53,16.48,2,0,56,20.32,2,0,[N/A],[N/A],[N/A],[N/A],1,1,"%CPU COMMAND;94.0 opencode; 4.6 containerd; 2.0 nvtop; 1.7 dcgm-exporter; 1.4 atop;"
1788650505,2026-09-05T23:21:45+00:00,11015.31,43500,46500,45250,44250,42500,43500,44750,42750,44250,173.87,0.35,1500000,6.95,42.48,49.13,1003,863,112,53,16.84,2,0,56,18.76,2,0,[N/A],[N/A],[N/A],[N/A],1,1,"%CPU COMMAND;94.0 opencode; 4.6 containerd; 2.0 nvtop; 1.7 dcgm-exporter; 1.4 atop;"
1788650507,2026-09-05T23:21:47+00:00,11017.23,44500,46875,45250,44500,43250,47250,47000,43250,44500,182.49,0.41,1500000,6.95,42.48,49.13,1003,863,112,53,16.29,2,0,56,17.00,2,0,[N/A],[N/A],[N/A],[N/A],1,1,"%CPU COMMAND;94.0 opencode; 4.6 containerd; 2.0 nvtop; 1.7 dcgm-exporter; 1.4 atop;"
1788650509,2026-09-05T23:21:49+00:00,11019.15,43500,47000,49500,43750,44000,44250,44750,43250,45250,176.37,0.38,1500000,6.95,42.48,49.13,1003,863,112,53,16.05,2,0,56,17.51,2,0,[N/A],[N/A],[N/A],[N/A],1,1,"%CPU COMMAND;94.0 opencode; 4.6 containerd; 2.0 nvtop; 1.7 dcgm-exporter; 1.4 atop;"
1788650511,2026-09-05T23:21:51+00:00,11021.10,43750,47375,45250,43750,43250,44750,45000,43000,45000,184.05,0.40,1500000,6.47,41.79,48.87,1003,863,112,53,15.81,2,0,55,18.27,2,0,[N/A],[N/A],[N/A],[N/A],1,1,"%CPU COMMAND;94.0 opencode; 4.6 containerd; 2.0 nvtop; 1.7 dcgm-exporter; 1.4 atop;"
1788650513,2026-09-05T23:21:53+00:00,11023.08,43750,47250,45250,45000,43500,43750,45000,43500,44250,182.83,0.35,2780016,6.47,41.79,48.87,1003,863,112,52,15.77,2,0,55,18.55,2,0,[N/A],[N/A],[N/A],[N/A],1,1,"%CPU COMMAND; 400 ps;94.0 opencode; 4.6 containerd; 2.0 nvtop; 1.7 dcgm-exporter;"
1788650515,2026-09-05T23:21:55+00:00,11025.00,43250,47375,45250,44250,43750,44500,44500,44000,44500,181.96,0.37,1500000,5.96,41.09,48.61,1003,863,112,52,15.05,2,0,55,19.09,2,0,[N/A],[N/A],[N/A],[N/A],1,1,"%CPU COMMAND;94.0 opencode; 4.6 containerd; 2.0 nvtop; 1.7 dcgm-exporter; 1.4 atop;"
1788650517,2026-09-05T23:21:57+00:00,11026.93,43500,47625,45000,44000,43250,44250,45000,44500,44750,183.47,0.35,1500000,5.96,41.09,48.61,1003,863,112,52,14.99,2,0,55,18.50,2,0,[N/A],[N/A],[N/A],[N/A],1,1,"%CPU COMMAND;94.0 opencode; 4.6 containerd; 2.0 nvtop; 1.7 dcgm-exporter; 1.4 atop;"
1788650518,2026-09-05T23:21:58+00:00,11028.87,44000,47625,45000,43750,43000,44250,46750,43750,44750,182.99,0.40,1500000,5.96,41.09,48.61,1003,863,112,52,14.70,2,0,55,18.20,2,0,[N/A],[N/A],[N/A],[N/A],1,1,"%CPU COMMAND;94.1 opencode; 4.6 containerd; 2.0 nvtop; 1.7 dcgm-exporter; 1.4 atop;"
1788650520,2026-09-05T23:22:00+00:00,11030.81,43500,47750,45500,43750,43000,44500,45250,43500,44500,186.48,0.36,2168709,5.48,40.41,48.35,1003,863,112,52,14.77,2,0,55,17.88,2,0,[N/A],[N/A],[N/A],[N/A],1,1,"%CPU COMMAND;94.1 opencode; 4.6 containerd; 2.0 nvtop; 1.7 dcgm-exporter; 1.4 atop;"
1788650522,2026-09-05T23:22:02+00:00,11032.71,43750,47375,44500,44250,43750,44000,44500,45000,44500,179.59,0.86,1500000,5.48,40.41,48.35,1003,863,112,51,14.29,2,0,54,17.61,2,0,[N/A],[N/A],[N/A],[N/A],1,1,"%CPU COMMAND; 400 ps;94.1 opencode; 4.6 containerd; 2.0 nvtop; 1.7 dcgm-exporter;"
1788650524,2026-09-05T23:22:04+00:00,11034.63,43750,47125,45500,43750,43500,44000,45000,43000,44250,179.86,0.42,3043429,5.12,39.76,48.09,1003,863,112,51,14.24,2,0,54,17.68,2,0,[N/A],[N/A],[N/A],[N/A],1,1,"%CPU COMMAND;94.1 opencode; 4.6 containerd; 2.0 nvtop; 1.7 dcgm-exporter; 1.4 atop;"
1788650526,2026-09-05T23:22:06+00:00,11036.56,43750,46875,44750,44000,43250,43500,45000,43000,44750,176.26,0.41,2752005,5.12,39.76,48.09,1003,863,112,51,13.22,2,0,54,17.98,2,0,[N/A],[N/A],[N/A],[N/A],1,1,"%CPU COMMAND; 400 ps;94.1 opencode; 4.6 containerd; 2.0 nvtop; 1.7 dcgm-exporter;"
1788650528,2026-09-05T23:22:08+00:00,11038.44,43250,47125,44750,43250,43250,44000,46750,43250,44750,177.40,0.41,1496893,5.12,39.76,48.09,1003,863,112,51,13.52,2,0,54,16.54,2,0,[N/A],[N/A],[N/A],[N/A],1,1,"%CPU COMMAND;94.1 opencode; 4.6 containerd; 2.0 nvtop; 1.7 dcgm-exporter; 1.4 atop;"
1788650530,2026-09-05T23:22:10+00:00,11040.37,43500,47125,44750,43750,43000,44250,45000,44500,45000,181.84,0.57,1496712,4.71,39.10,47.84,1003,863,112,51,14.64,2,0,54,16.66,2,0,[N/A],[N/A],[N/A],[N/A],1,1,"%CPU COMMAND; 400 ps;94.2 opencode; 4.6 containerd; 2.0 nvtop; 1.7 dcgm-exporter;"
1788650532,2026-09-05T23:22:12+00:00,11042.28,43500,47000,45250,44250,42500,44000,45000,42750,47000,183.16,0.45,1500000,4.71,39.10,47.84,1003,863,112,51,15.67,2,0,54,16.84,2,0,[N/A],[N/A],[N/A],[N/A],1,1,"%CPU COMMAND;94.2 opencode; 4.6 containerd; 2.0 nvtop; 1.7 dcgm-exporter; 1.4 atop;"
1788650534,2026-09-05T23:22:14+00:00,11044.17,43500,46875,44750,45250,42500,44500,45000,43000,45500,177.54,0.85,1500000,4.71,39.10,47.84,1003,863,112,51,15.37,2,0,53,16.89,2,0,[N/A],[N/A],[N/A],[N/A],1,1,"%CPU COMMAND;94.2 opencode; 4.6 containerd; 2.0 nvtop; 1.7 dcgm-exporter; 1.4 atop;"
1788650536,2026-09-05T23:22:16+00:00,11046.09,44000,47000,45000,44000,43250,44250,46750,43250,44500,187.69,0.41,1500000,4.49,38.48,47.59,1003,863,112,50,14.19,2,0,53,18.26,2,0,[N/A],[N/A],[N/A],[N/A],1,1,"%CPU COMMAND;94.2 opencode; 4.6 containerd; 2.0 nvtop; 1.7 dcgm-exporter; 1.4 atop;"
1788650538,2026-09-05T23:22:18+00:00,11048.02,44000,46750,45250,43750,43250,43750,44750,43500,45500,184.63,0.71,2750516,4.49,38.48,47.59,1003,863,112,50,14.47,2,0,53,18.49,2,0,[N/A],[N/A],[N/A],[N/A],1,1,"%CPU COMMAND; 400 ps;94.2 opencode; 4.6 containerd; 2.0 nvtop; 1.7 dcgm-exporter;"
1788650539,2026-09-05T23:22:19+00:00,11049.91,44250,47125,45250,43500,43500,44500,45000,43250,45250,189.43,0.42,2550988,4.69,37.96,47.37,1003,863,112,50,14.26,2,0,53,17.89,2,0,[N/A],[N/A],[N/A],[N/A],1,1,"%CPU COMMAND;94.3 opencode; 4.6 containerd; 2.0 nvtop; 1.7 dcgm-exporter; 1.4 atop;"
1788650541,2026-09-05T23:22:21+00:00,11051.83,44500,47375,46000,43750,43250,44250,45000,42750,45000,188.95,0.40,1500000,4.69,37.96,47.37,1003,863,112,50,14.09,2,0,53,17.54,2,0,[N/A],[N/A],[N/A],[N/A],1,1,"%CPU COMMAND;94.3 opencode; 4.6 containerd; 2.0 nvtop; 1.7 dcgm-exporter; 1.4 atop;"
1788650543,2026-09-05T23:22:23+00:00,11053.77,44750,47625,46500,44000,43250,44250,45500,44500,47250,188.00,1.11,3439863,4.69,37.96,47.37,1003,863,112,50,13.69,2,0,53,17.20,2,0,[N/A],[N/A],[N/A],[N/A],1,1,"%CPU COMMAND;94.3 opencode; 4.6 containerd; 2.0 nvtop; 1.7 dcgm-exporter; 1.4 atop;"
1788650545,2026-09-05T23:22:25+00:00,11055.66,43500,47500,44500,44000,43500,43750,46000,43000,45000,179.72,0.33,1500000,4.32,37.33,47.12,1003,863,112,50,14.17,2,0,53,17.94,2,0,[N/A],[N/A],[N/A],[N/A],1,1,"%CPU COMMAND;94.3 opencode; 4.6 containerd; 2.0 nvtop; 1.7 dcgm-exporter; 1.4 atop;"
1788650547,2026-09-05T23:22:27+00:00,11057.57,44000,47250,45250,43750,43000,44000,45250,43500,44250,181.10,0.45,3205915,4.32,37.33,47.12,1003,863,112,49,14.02,2,0,52,17.62,2,0,[N/A],[N/A],[N/A],[N/A],1,1,"%CPU COMMAND;94.4 opencode; 4.6 containerd; 2.0 nvtop; 1.7 dcgm-exporter; 1.4 atop;"
1788650549,2026-09-05T23:22:29+00:00,11059.49,43500,47625,45250,44000,42250,43500,44750,42750,44250,185.00,0.73,1500000,4.32,37.33,47.12,1003,863,112,49,14.07,2,0,52,17.39,2,0,[N/A],[N/A],[N/A],[N/A],1,1,"%CPU COMMAND;94.4 opencode; 4.6 containerd; 2.0 nvtop; 1.7 dcgm-exporter; 1.4 atop;"
1788650551,2026-09-05T23:22:31+00:00,11061.38,43250,47125,44500,43500,43000,43500,45250,43000,44250,170.78,0.43,1500000,4.13,36.74,46.87,1003,863,112,49,13.88,2,0,52,17.75,2,0,[N/A],[N/A],[N/A],[N/A],1,1,"%CPU COMMAND;94.4 opencode; 4.6 containerd; 2.0 nvtop; 1.7 dcgm-exporter; 1.4 atop;"
1788650553,2026-09-05T23:22:33+00:00,11063.34,42750,46750,45750,43750,42750,43250,44250,43000,43750,184.63,0.42,1497475,4.13,36.74,46.87,1003,863,112,49,14.23,2,0,52,15.73,2,0,[N/A],[N/A],[N/A],[N/A],1,1,"%CPU COMMAND; 400 ps;94.4 opencode; 4.6 containerd; 2.0 nvtop; 1.7 dcgm-exporter;"
1788650555,2026-09-05T23:22:35+00:00,11065.26,42750,46500,44750,43250,42750,43500,44750,42250,43500,174.17,0.35,1500000,3.88,36.15,46.63,1003,863,112,49,15.28,2,0,52,16.13,2,0,[N/A],[N/A],[N/A],[N/A],1,1,"%CPU COMMAND;94.4 opencode; 4.6 containerd; 2.0 nvtop; 1.7 dcgm-exporter; 1.4 atop;"
1788650557,2026-09-05T23:22:37+00:00,11067.17,43000,46250,44000,43250,43000,43500,45000,44500,44250,175.51,0.42,1496868,3.88,36.15,46.63,1003,863,112,49,15.00,2,0,52,17.81,2,0,[N/A],[N/A],[N/A],[N/A],1,1,"%CPU COMMAND; 400 ps;94.4 opencode; 4.6 containerd; 2.0 nvtop; 1.7 dcgm-exporter;"
1788650559,2026-09-05T23:22:39+00:00,11069.13,43000,46250,44750,47250,42750,43000,44750,42750,46000,178.77,0.41,1500000,3.88,36.15,46.63,1003,863,112,49,13.79,2,0,52,18.03,2,0,[N/A],[N/A],[N/A],[N/A],1,1,"%CPU COMMAND;94.4 opencode; 4.6 containerd; 2.0 nvtop; 1.7 dcgm-exporter; 1.4 atop;"
1788650561,2026-09-05T23:22:41+00:00,11071.07,42750,46250,44000,44500,42750,43250,44250,42500,44000,176.13,0.69,1500000,3.81,35.60,46.39,1003,863,112,49,14.38,2,0,52,18.01,2,0,[N/A],[N/A],[N/A],[N/A],1,1,"%CPU COMMAND;94.4 opencode; 4.6 containerd; 2.0 nvtop; 1.7 dcgm-exporter; 1.4 atop;"
1788650563,2026-09-05T23:22:43+00:00,11073.02,43250,46250,45000,45000,42500,43250,44250,42500,44250,178.25,0.40,1500000,3.81,35.60,46.39,1003,863,112,48,14.76,2,0,52,19.10,2,0,[N/A],[N/A],[N/A],[N/A],1,1,"%CPU COMMAND;94.4 opencode; 4.6 containerd; 2.0 nvtop; 1.7 dcgm-exporter; 1.4 atop;"
1788650565,2026-09-05T23:22:45+00:00,11074.94,42750,46125,44500,43250,42750,43250,44250,42250,44250,172.58,0.35,1500000,3.58,35.02,46.15,1003,863,112,48,14.24,2,0,51,18.43,2,0,[N/A],[N/A],[N/A],[N/A],1,1,"%CPU COMMAND;94.4 opencode; 4.6 containerd; 2.0 nvtop; 1.7 dcgm-exporter; 1.4 atop;"
1788650566,2026-09-05T23:22:46+00:00,11076.88,43250,46000,44000,43500,42250,43750,44250,42750,44250,177.87,0.33,1500000,3.58,35.02,46.15,1003,863,112,48,13.57,2,0,51,17.46,2,0,[N/A],[N/A],[N/A],[N/A],1,1,"%CPU COMMAND;94.4 opencode; 4.6 containerd; 2.0 nvtop; 1.7 dcgm-exporter; 1.4 atop;"
1788650568,2026-09-05T23:22:48+00:00,11078.79,43750,46375,44750,44500,42750,44250,49000,43250,44250,178.61,0.47,3097485,3.58,35.02,46.15,1003,863,112,48,13.33,2,0,51,17.79,2,0,[N/A],[N/A],[N/A],[N/A],1,1,"%CPU COMMAND;94.4 opencode;46.2 vllm; 4.6 containerd; 4.1 docker; 2.0 nvtop;"
1788650570,2026-09-05T23:22:50+00:00,11080.73,44000,50000,45250,43750,43000,44000,47000,43750,51000,224.76,1.07,1493135,3.94,34.57,45.94,1003,862,112,48,13.55,2,0,51,17.15,2,0,[N/A],[N/A],[N/A],[N/A],1,1,"%CPU COMMAND; 430 vllm;94.4 opencode; 4.6 containerd; 2.0 nvtop; 1.7 dcgm-exporter;"
1788650572,2026-09-05T23:22:52+00:00,11082.66,43750,51000,45750,43750,43250,43750,47500,43500,47000,201.69,0.60,1497057,3.94,34.57,45.94,1003,862,112,48,13.53,2,0,51,17.03,2,0,[N/A],[N/A],[N/A],[N/A],1,1,"%CPU COMMAND; 285 vllm;94.4 opencode; 4.6 containerd; 2.0 nvtop; 1.7 dcgm-exporter;"
1788650574,2026-09-05T23:22:54+00:00,11084.57,52000,52125,45000,44250,43000,43750,45000,44500,44500,200.29,0.90,1497132,3.78,34.03,45.71,1003,862,112,48,13.91,2,0,51,16.33,2,0,[N/A],[N/A],[N/A],[N/A],1,1,"%CPU COMMAND; 229 vllm;94.4 opencode; 4.6 containerd; 2.0 nvtop; 1.7 dcgm-exporter;"
1788650576,2026-09-05T23:22:56+00:00,11086.45,53250,52500,45250,44000,42750,43750,45000,42500,44500,197.30,0.44,1500000,3.78,34.03,45.71,1003,862,112,47,13.59,2,0,51,16.18,2,0,[N/A],[N/A],[N/A],[N/A],1,1,"%CPU COMMAND; 198 vllm;94.4 opencode; 4.6 containerd; 2.0 nvtop; 1.7 dcgm-exporter;"
1788650578,2026-09-05T23:22:58+00:00,11088.38,51750,52625,45250,45250,43250,44250,45000,43750,44500,196.39,0.50,1496898,3.78,34.03,45.71,1003,862,112,47,13.72,2,0,51,16.42,2,0,[N/A],[N/A],[N/A],[N/A],1,1,"%CPU COMMAND; 180 vllm;94.4 opencode; 4.6 containerd; 2.0 nvtop; 1.7 dcgm-exporter;"
1788650580,2026-09-05T23:23:00+00:00,11090.31,52500,52875,44750,43500,43500,44000,45250,44000,44750,197.69,0.54,1500000,3.56,33.48,45.47,1003,862,112,47,14.92,2,0,51,17.90,2,0,[N/A],[N/A],[N/A],[N/A],1,1,"%CPU COMMAND; 167 vllm;94.4 opencode; 4.6 containerd; 2.0 nvtop; 1.7 dcgm-exporter;"
1788650582,2026-09-05T23:23:02+00:00,11092.20,52000,52625,45250,44000,43250,44250,46000,43250,45250,200.83,0.47,3415599,3.56,33.48,45.47,1003,862,112,47,14.52,2,0,50,16.48,2,0,[N/A],[N/A],[N/A],[N/A],1,1,"%CPU COMMAND; 158 vllm;94.5 opencode; 4.6 containerd; 2.0 nvtop; 1.7 dcgm-exporter;"
1788650584,2026-09-05T23:23:04+00:00,11094.10,50750,52750,45250,44000,43000,44250,44750,43250,44250,197.91,0.49,1500000,3.56,33.48,45.47,1003,862,112,47,13.78,2,0,50,17.58,2,0,[N/A],[N/A],[N/A],[N/A],1,1,"%CPU COMMAND; 151 vllm;94.5 opencode; 4.6 containerd; 2.0 nvtop; 1.7 dcgm-exporter;"
1788650586,2026-09-05T23:23:06+00:00,11096.02,44750,52625,45000,44250,43750,44250,46250,44000,52000,222.07,0.89,1500000,3.52,32.98,45.24,1003,862,112,47,13.85,2,0,50,18.75,2,0,[N/A],[N/A],[N/A],[N/A],1,1,"%CPU COMMAND; 400 ps; 195 vllm;94.5 opencode; 4.6 containerd; 2.0 nvtop;"
1788650587,2026-09-05T23:23:07+00:00,11097.89,45000,52375,45500,44000,43250,44000,45250,43250,49000,201.28,0.54,2733392,3.52,32.98,45.24,1003,862,112,47,13.45,2,0,50,18.21,2,0,[N/A],[N/A],[N/A],[N/A],1,1,"%CPU COMMAND; 663 python3; 500 ps; 181 vllm;94.5 opencode; 4.6 containerd;"
1788650589,2026-09-05T23:23:09+00:00,11099.79,45000,52250,46250,44750,45000,46250,46500,50250,45000,211.29,0.57,1500000,3.31,32.44,45.00,1003,862,112,47,13.65,2,0,50,18.14,2,0,[N/A],[N/A],[N/A],[N/A],1,1,"%CPU COMMAND; 400 ps; 269 python3; 165 vllm;94.5 opencode; 4.6 containerd;"
1788650591,2026-09-05T23:23:11+00:00,11101.71,50500,52000,45750,44750,43500,44250,45250,43500,45250,197.64,0.56,2076463,3.31,32.44,45.00,1003,862,112,47,13.11,2,0,50,17.62,2,0,[N/A],[N/A],[N/A],[N/A],1,1,"%CPU COMMAND; 200 python3; 151 vllm;94.5 opencode; 4.6 containerd; 2.0 nvtop;"
1788650593,2026-09-05T23:23:13+00:00,11103.61,50750,52000,45250,43750,42750,44250,44750,43000,45250,196.95,0.51,2735095,3.31,32.44,45.00,1003,862,112,46,13.21,2,0,50,16.39,2,0,[N/A],[N/A],[N/A],[N/A],1,1,"%CPU COMMAND; 170 python3; 140 vllm;94.5 opencode; 4.6 containerd; 2.0 nvtop;"
1788650595,2026-09-05T23:23:15+00:00,11105.57,50500,52000,46000,46250,44250,44750,46000,44250,45750,220.85,0.87,1500000,3.45,31.99,44.79,1003,862,112,46,12.19,2,0,50,16.24,2,0,[N/A],[N/A],[N/A],[N/A],1,1,"%CPU COMMAND; 255 python3; 130 vllm;94.5 opencode; 4.6 containerd; 2.0 nvtop;"
1788650597,2026-09-05T23:23:17+00:00,11107.52,45000,51750,45250,45250,44000,44750,45000,43750,53500,208.03,0.71,2728124,3.45,31.99,44.79,1003,861,112,46,16.07,4,0,50,20.28,4,0,[N/A],[N/A],[N/A],[N/A],1,1,"%CPU COMMAND; 229 python3; 122 vllm;94.5 opencode; 4.6 containerd; 2.0 nvtop;"
1788650599,2026-09-05T23:23:19+00:00,11109.23,45000,53125,45500,49750,43250,46000,45750,43750,55000,178.86,0.41,1581640,3.45,31.99,44.79,1003,861,112,46,13.23,4,0,50,17.04,4,0,[N/A],[N/A],[N/A],[N/A],1,1,"%CPU COMMAND; 209 python3; 114 vllm;94.5 opencode; 4.6 containerd; 2.0 nvtop;"
1788650601,2026-09-05T23:23:21+00:00,11111.17,45000,53875,46250,51500,43500,52000,46750,45000,53750,242.26,0.96,1500000,3.25,31.47,44.55,1003,861,112,46,12.94,4,0,50,16.61,4,0,[N/A],[N/A],[N/A],[N/A],1,1,"%CPU COMMAND; 570 python3; 323 python3; 190 python3; 108 vllm;94.5 opencode;"
1788650603,2026-09-05T23:23:23+00:00,11113.10,45000,53125,45750,45000,44250,44500,45000,44250,51000,217.79,0.48,2736637,3.25,31.47,44.55,1003,862,112,46,12.75,2,0,49,16.69,2,0,[N/A],[N/A],[N/A],[N/A],1,1,"%CPU COMMAND; 104 vllm;94.5 opencode; 4.6 containerd; 2.0 nvtop; 1.7 dcgm-exporter;"
1788650604,2026-09-05T23:23:24+00:00,11114.68,44500,52500,45750,43750,44250,44000,45500,43250,50750,163.10,0.47,2732813,3.07,30.97,44.32,1003,862,112,46,16.97,4,0,49,22.38,4,0,[N/A],[N/A],[N/A],[N/A],1,1,"%CPU COMMAND; 104 vllm;94.5 opencode; 4.6 containerd; 2.0 nvtop; 1.7 dcgm-exporter;"
1788650606,2026-09-05T23:23:26+00:00,11116.26,53000,52625,46750,46750,45000,45250,46500,44500,51750,202.60,0.95,1500000,3.07,30.97,44.32,1003,861,112,46,17.10,4,0,49,22.19,4,0,[N/A],[N/A],[N/A],[N/A],1,1,"%CPU COMMAND; 680 python3; 429 python3; 104 vllm;94.5 opencode; 4.6 containerd;"
1788650608,2026-09-05T23:23:28+00:00,11118.14,55250,53500,45250,44750,45500,44500,44750,43500,45750,217.47,0.96,1500000,3.07,30.97,44.32,1003,861,112,46,14.33,4,0,49,18.66,4,0,[N/A],[N/A],[N/A],[N/A],1,1,"%CPU COMMAND; 400 ps; 104 vllm;94.6 opencode; 4.6 containerd; 2.0 nvtop;"
1788650610,2026-09-05T23:23:30+00:00,11120.06,55500,54375,45500,44750,43750,44250,45750,44250,45750,205.25,0.43,1500000,2.91,30.47,44.08,1003,861,112,46,13.40,4,0,49,17.44,4,0,[N/A],[N/A],[N/A],[N/A],1,1,"%CPU COMMAND; 103 vllm;94.6 opencode; 4.6 containerd; 2.0 nvtop; 1.7 dcgm-exporter;"
1788650612,2026-09-05T23:23:32+00:00,11121.97,55000,54250,45750,44500,44750,45000,45500,43750,45250,210.10,0.45,1500000,2.91,30.47,44.08,1003,861,112,46,12.90,4,0,49,17.28,4,0,[N/A],[N/A],[N/A],[N/A],1,1,"%CPU COMMAND; 103 vllm;94.6 opencode; 4.6 containerd; 2.0 nvtop; 1.7 dcgm-exporter;"
1788650613,2026-09-05T23:23:33+00:00,11123.86,55000,54500,45500,44500,44250,44250,45500,44000,45750,204.93,0.41,1500000,2.91,30.47,44.08,1003,861,112,45,13.41,4,0,49,16.91,4,0,[N/A],[N/A],[N/A],[N/A],1,1,"%CPU COMMAND; 103 vllm;94.6 opencode; 4.6 containerd; 2.0 nvtop; 1.7 dcgm-exporter;"
1788650615,2026-09-05T23:23:35+00:00,11125.76,55000,54250,45250,44250,43750,45250,46500,44250,46000,206.54,0.42,1500000,2.83,30.00,43.86,1003,861,112,45,12.68,4,0,49,16.77,4,0,[N/A],[N/A],[N/A],[N/A],1,1,"%CPU COMMAND; 103 vllm;94.6 opencode; 4.6 containerd; 2.0 nvtop; 1.7 dcgm-exporter;"
1788650617,2026-09-05T23:23:37+00:00,11127.68,56000,54125,49750,44500,47750,44250,48500,47250,54500,215.34,0.69,3415790,2.83,30.00,43.86,1003,861,112,45,13.04,4,0,49,16.11,4,0,[N/A],[N/A],[N/A],[N/A],1,1,"%CPU COMMAND; 488 python3; 400 ps; 100 vllm;94.6 opencode; 4.6 containerd;"
1788650619,2026-09-05T23:23:39+00:00,11129.57,45000,53625,45500,45500,44250,44500,46000,44250,52250,215.12,0.79,1500000,2.69,29.52,43.63,1003,860,112,45,13.14,4,0,49,19.07,4,0,[N/A],[N/A],[N/A],[N/A],1,1,"%CPU COMMAND; 249 python3;96.8 vllm;94.6 opencode; 4.6 containerd; 2.0 nvtop;"
1788650621,2026-09-05T23:23:41+00:00,11131.50,53000,53250,45500,44750,44000,44250,45500,43500,46500,209.88,0.73,2329216,2.69,29.52,43.63,1003,860,112,45,12.05,4,0,49,17.89,4,0,[N/A],[N/A],[N/A],[N/A],1,1,"%CPU COMMAND; 400 ps; 192 python3;94.7 opencode;93.2 vllm; 4.6 containerd;"
1788650623,2026-09-05T23:23:43+00:00,11133.46,50750,52875,46000,44250,44000,44500,45500,44000,46250,217.17,0.66,1500000,2.69,29.52,43.63,1003,860,112,45,11.06,4,0,49,17.30,4,0,[N/A],[N/A],[N/A],[N/A],1,1,"%CPU COMMAND; 294 python3;94.7 opencode;90.0 vllm; 4.6 containerd; 2.0 nvtop;"
1788650625,2026-09-05T23:23:45+00:00,11135.36,48250,52625,46000,44750,44250,44750,46000,44250,46000,225.53,1.01,1500000,2.63,29.06,43.40,1003,860,112,45,14.29,4,0,49,17.14,4,0,[N/A],[N/A],[N/A],[N/A],1,1,"%CPU COMMAND; 251 python3;94.7 opencode;86.9 vllm; 4.6 containerd; 2.0 nvtop;"
1788650627,2026-09-05T23:23:47+00:00,11137.33,50250,53125,46500,45750,45000,50750,48750,45500,52000,257.07,1.24,1800000,2.63,29.06,43.40,1003,859,112,45,14.51,4,0,48,17.51,4,0,[N/A],[N/A],[N/A],[N/A],1,1,"%CPU COMMAND; 631 python3; 604 python3; 425 python3; 409 python3; 400 ps;"
1788650629,2026-09-05T23:23:49+00:00,11139.23,51500,52875,45250,50250,44250,45000,46500,44750,52500,229.36,0.68,1500000,2.63,29.06,43.40,1003,859,112,45,12.94,4,0,48,20.26,4,0,[N/A],[N/A],[N/A],[N/A],1,1,"%CPU COMMAND; 316 python3; 231 python3; 180 VLLM::EngineCor;94.7 opencode;81.5 vllm;"
1788650631,2026-09-05T23:23:51+00:00,11141.13,50750,53000,45750,45000,44500,44750,46250,44000,51750,212.84,0.56,1525728,2.66,28.63,43.18,1003,859,112,45,13.85,4,0,48,16.60,4,0,[N/A],[N/A],[N/A],[N/A],1,1,"%CPU COMMAND; 237 python3; 183 python3; 156 VLLM::EngineCor;94.7 opencode;79.0 vllm;"
1788650633,2026-09-05T23:23:53+00:00,11143.06,51750,53125,45000,44250,45000,45000,46250,45000,53000,215.12,0.62,1500000,2.66,28.63,43.18,1003,859,112,44,13.42,4,0,48,17.22,4,0,[N/A],[N/A],[N/A],[N/A],1,1,"%CPU COMMAND; 213 python3; 160 python3; 138 VLLM::EngineCor;94.7 opencode;76.6 vllm;"
1788650635,2026-09-05T23:23:55+00:00,11145.01,48000,53750,45750,44750,47000,44250,45750,44500,50000,247.65,1.18,1500000,2.69,28.20,42.97,1003,859,112,44,13.60,4,0,48,17.68,4,0,[N/A],[N/A],[N/A],[N/A],1,1,"%CPU COMMAND; 226 python3; 215 python3; 123 VLLM::EngineCor;94.7 opencode;74.3 vllm;"
1788650637,2026-09-05T23:23:57+00:00,11147.02,53000,53750,47000,46750,46250,46500,47250,45000,53000,251.80,0.99,3392786,2.69,28.20,42.97,1003,858,112,44,14.10,4,0,48,18.09,4,0,[N/A],[N/A],[N/A],[N/A],1,1,"%CPU COMMAND; 723 python3; 619 python3; 497 python3; 454 python3; 205 python3;"
1788650639,2026-09-05T23:23:59+00:00,11148.92,49000,54000,46000,44500,45000,45500,46250,44250,51500,262.36,1.47,2711561,2.69,28.20,42.97,1003,857,112,44,13.01,484,0,49,33.83,658,2,[N/A],[N/A],[N/A],[N/A],4,4,"%CPU COMMAND; 400 ps; 192 VLLM::Worker; 183 VLLM::Worker; 104 VLLM::EngineCor;94.6 opencode;"
1788650640,2026-09-05T23:24:00+00:00,11150.43,52500,54125,46000,51000,46500,45000,46250,46250,52000,193.55,0.76,1500000,7.36,28.75,43.07,1003,857,112,45,64.11,34410,0,49,65.51,39892,0,[N/A],[N/A],[N/A],[N/A],4,4,"%CPU COMMAND; 471 python3; 187 VLLM::Worker_TP; 180 VLLM::Worker_TP;97.7 VLLM::EngineCor;94.6 opencode;"
1788650642,2026-09-05T23:24:02+00:00,11151.94,49000,54250,51750,47750,48500,48750,48750,46500,50750,216.11,1.18,3284755,7.36,28.75,43.07,1003,856,112,45,63.56,40512,0,49,65.43,40512,1,[N/A],[N/A],[N/A],[N/A],4,4,"%CPU COMMAND; 545 VLLM::Worker_TP; 537 VLLM::Worker_TP; 267 python3;94.6 opencode;91.7 VLLM::EngineCor;"
1788650643,2026-09-05T23:24:03+00:00,11153.51,53250,54000,48750,48500,48000,48000,49500,47750,53250,268.98,2.25,3256559,7.36,28.75,43.07,1003,856,112,46,65.56,40512,0,49,73.57,40512,1,[N/A],[N/A],[N/A],[N/A],4,4,"%CPU COMMAND;1002 VLLM::Worker_TP; 993 VLLM::Worker_TP; 207 python3;94.6 opencode;86.1 VLLM::EngineCor;"
1788650645,2026-09-05T23:24:05+00:00,11155.12,49250,53875,48750,48750,48250,49000,49750,47750,52750,274.77,1.92,3266212,15.82,30.14,43.44,1003,856,112,46,66.70,40512,1,49,71.00,40512,0,[N/A],[N/A],[N/A],[N/A],4,4,"%CPU COMMAND;1379 VLLM::Worker_TP;1376 VLLM::Worker_TP; 500 ps; 177 python3;94.6 opencode;"
1788650646,2026-09-05T23:24:06+00:00,11156.75,52750,53750,50000,49000,48500,52250,50500,48000,53250,278.31,1.93,3256996,15.82,30.14,43.44,1003,856,112,46,66.07,40512,1,50,71.67,40512,0,[N/A],[N/A],[N/A],[N/A],4,4,"%CPU COMMAND;1693 VLLM::Worker_TP;1686 VLLM::Worker_TP; 600 ps; 159 python3;94.6 opencode;"
1788650648,2026-09-05T23:24:08+00:00,11158.35,51750,53750,49750,49250,50500,49000,50500,48750,52750,272.53,1.90,3250336,15.82,30.14,43.44,1003,856,112,46,65.84,40512,1,50,75.47,40512,1,[N/A],[N/A],[N/A],[N/A],4,4,"%CPU COMMAND;1972 VLLM::Worker_TP;1943 VLLM::Worker_TP; 500 ps; 145 python3;94.6 opencode;"
1788650650,2026-09-05T23:24:10+00:00,11159.96,54750,53875,49250,49500,51000,48750,50250,48750,52000,273.17,1.88,3268797,23.60,31.52,43.82,1003,856,112,46,67.00,40512,1,50,71.32,40512,1,[N/A],[N/A],[N/A],[N/A],4,4,"%CPU COMMAND;2172 VLLM::Worker_TP;2170 VLLM::Worker_TP; 500 ps; 165 python3; 114 python3;"
1788650651,2026-09-05T23:24:11+00:00,11161.60,52750,54500,50000,49750,52000,50750,51000,49500,53500,302.72,2.07,3257958,23.60,31.52,43.82,1003,855,112,46,65.44,40512,1,50,69.59,40512,0,[N/A],[N/A],[N/A],[N/A],4,4,"%CPU COMMAND;2347 VLLM::Worker_TP;2321 VLLM::Worker_TP; 394 python3; 317 python3; 186 python3;"
1788650653,2026-09-05T23:24:13+00:00,11163.23,49750,54500,50250,50500,49250,51250,51000,49250,54000,280.97,1.94,3268756,23.60,31.52,43.82,1003,856,112,47,68.38,40977,1,50,68.73,40512,0,[N/A],[N/A],[N/A],[N/A],4,4,"%CPU COMMAND;2518 VLLM::Worker_TP;2491 VLLM::Worker_TP; 179 python3;94.6 opencode;63.2 VLLM::EngineCor;"
1788650654,2026-09-05T23:24:14+00:00,11164.83,52750,54375,50000,50250,49250,52250,51000,49500,54000,272.62,1.92,3248615,31.16,32.96,44.21,1003,855,112,47,67.15,40977,1,50,69.50,40512,1,[N/A],[N/A],[N/A],[N/A],4,4,"%CPU COMMAND;2674 VLLM::Worker_TP;2655 VLLM::Worker_TP; 171 python3;94.6 opencode;60.5 VLLM::EngineCor;"
1788650656,2026-09-05T23:24:16+00:00,11166.43,53750,54250,50250,50500,49250,52000,51000,49000,53000,274.37,1.92,3249355,31.16,32.96,44.21,1003,856,112,47,66.83,40977,1,50,73.78,40512,1,[N/A],[N/A],[N/A],[N/A],4,4,"%CPU COMMAND;2820 VLLM::Worker_TP;2801 VLLM::Worker_TP; 500 ps; 164 python3;94.6 opencode;"
1788650658,2026-09-05T23:24:18+00:00,11168.02,53000,54250,50750,50000,49250,50250,51000,49250,53500,269.32,1.90,3250584,31.16,32.96,44.21,1003,856,112,47,67.65,40977,1,50,69.25,40512,0,[N/A],[N/A],[N/A],[N/A],4,4,"%CPU COMMAND;2949 VLLM::Worker_TP;2937 VLLM::Worker_TP; 500 ps; 158 python3;94.5 opencode;"
1788650659,2026-09-05T23:24:19+00:00,11169.61,52500,54250,50500,50000,49750,50250,50750,49750,53500,275.46,1.92,3268817,37.79,34.30,44.59,1003,856,112,47,68.28,40977,1,51,69.33,40512,1,[N/A],[N/A],[N/A],[N/A],4,4,"%CPU COMMAND;3068 VLLM::Worker_TP;3062 VLLM::Worker_TP; 154 python3;94.5 opencode;54.5 vllm;"
1788650661,2026-09-05T23:24:21+00:00,11171.26,55000,54250,50500,50250,53250,51750,51000,49500,53500,282.45,1.97,3256852,37.79,34.30,44.59,1003,856,112,47,68.34,40977,1,51,71.54,40512,1,[N/A],[N/A],[N/A],[N/A],4,4,"%CPU COMMAND;3177 VLLM::Worker_TP;3174 VLLM::Worker_TP; 600 ps; 150 python3;94.5 opencode;"
1788650662,2026-09-05T23:24:22+00:00,11172.87,50250,54125,50750,50750,50250,52000,52500,50750,52250,279.46,1.95,3268815,37.79,34.30,44.59,1003,854,112,47,67.78,40977,4,51,68.78,40512,0,[N/A],[N/A],[N/A],[N/A],4,4,"%CPU COMMAND;3244 VLLM::Worker_TP;3236 VLLM::Worker_TP; 236 python3;94.5 opencode;52.7 vllm;"
1788650664,2026-09-05T23:24:24+00:00,11174.52,53250,54000,51500,51500,50500,50250,52000,50250,54000,309.83,2.51,3248916,37.79,34.30,44.59,1003,834,112,47,65.28,40977,0,51,64.67,40512,0,[N/A],[N/A],[N/A],[N/A],4,4,"%CPU COMMAND;3294 VLLM::Worker_TP;3227 VLLM::Worker_TP; 600 ps; 395 python3;94.5 opencode;"
1788650666,2026-09-05T23:24:26+00:00,11176.12,54750,54000,51250,51000,49500,51250,51750,49500,52750,296.65,2.10,3268759,47.18,36.31,45.18,1003,817,112,47,64.69,40977,0,51,66.29,40512,0,[N/A],[N/A],[N/A],[N/A],4,4,"%CPU COMMAND;3291 VLLM::Worker_TP;3259 VLLM::Worker_TP; 530 python3;94.5 opencode;50.9 vllm;"
1788650667,2026-09-05T23:24:27+00:00,11177.71,50500,54250,50750,50750,51500,50500,54000,50750,55250,286.49,2.21,3249861,47.18,36.31,45.18,1003,808,112,47,65.51,40977,1,51,68.54,40512,1,[N/A],[N/A],[N/A],[N/A],4,4,"%CPU COMMAND;3351 VLLM::Worker_TP;3335 VLLM::Worker_TP; 540 python3;94.5 opencode;50.1 vllm;"
1788650669,2026-09-05T23:24:29+00:00,11179.39,51500,54750,51250,51000,50500,50000,55250,50250,53500,289.44,2.19,3246786,47.18,36.31,45.18,1003,807,112,48,68.62,40977,1,51,71.76,40512,0,[N/A],[N/A],[N/A],[N/A],4,4,"%CPU COMMAND;3431 VLLM::Worker_TP;3415 VLLM::Worker_TP; 515 python3;94.5 opencode;49.2 vllm;"
1788650671,2026-09-05T23:24:31+00:00,11181.03,50500,54750,51500,51000,50250,50500,53250,50250,55000,280.89,2.12,3260905,52.69,37.63,45.56,1003,807,112,48,67.82,40977,1,51,72.78,40512,0,[N/A],[N/A],[N/A],[N/A],4,4,"%CPU COMMAND;3507 VLLM::Worker_TP;3490 VLLM::Worker_TP; 600 ps; 489 python3;94.5 opencode;"
1788650672,2026-09-05T23:24:32+00:00,11182.68,55250,54750,53000,50750,49750,50750,52500,53000,54000,279.27,2.19,3266222,52.69,37.63,45.56,1003,807,112,48,68.10,40977,1,51,69.26,40512,0,[N/A],[N/A],[N/A],[N/A],4,4,"%CPU COMMAND;3571 VLLM::Worker_TP;3548 VLLM::Worker_TP; 467 python3;94.5 opencode;47.7 vllm;"
1788650674,2026-09-05T23:24:34+00:00,11184.23,53750,54750,51750,51000,51250,50500,54750,50000,52750,266.85,1.89,3268814,52.69,37.63,45.56,1003,807,112,48,67.31,40977,0,52,74.07,40512,1,[N/A],[N/A],[N/A],[N/A],4,4,"%CPU COMMAND;3633 VLLM::Worker_TP;3613 VLLM::Worker_TP; 445 python3;94.5 opencode;47.0 vllm;"
1788650675,2026-09-05T23:24:35+00:00,11185.84,54250,55000,52000,51250,51750,51000,52000,50250,50750,274.81,2.14,3268768,57.60,38.90,45.93,1003,807,112,48,69.16,40977,1,52,72.78,40512,1,[N/A],[N/A],[N/A],[N/A],4,4,"%CPU COMMAND;3692 VLLM::Worker_TP;3672 VLLM::Worker_TP; 500 ps; 426 python3;94.5 opencode;"
1788650677,2026-09-05T23:24:37+00:00,11187.41,54000,55000,50500,51500,49250,50000,51250,49500,54500,263.88,2.04,3255515,57.60,38.90,45.93,1003,807,112,48,68.39,40977,0,52,72.62,40512,1,[N/A],[N/A],[N/A],[N/A],4,4,"%CPU COMMAND;3725 VLLM::Worker_TP;3717 VLLM::Worker_TP; 500 ps; 408 python3;94.5 opencode;"
1788650679,2026-09-05T23:24:39+00:00,11189.00,56000,55000,51500,50750,51000,52500,52750,51250,51250,275.25,1.93,3266172,57.60,38.90,45.93,1003,807,112,48,67.51,40977,1,52,72.78,40512,1,[N/A],[N/A],[N/A],[N/A],4,4,"%CPU COMMAND;3777 VLLM::Worker_TP;3772 VLLM::Worker_TP; 392 python3;94.5 opencode;45.0 vllm;"
1788650680,2026-09-05T23:24:40+00:00,11190.61,54750,55250,51000,51250,52250,52750,52000,50250,51750,270.15,1.86,3266204,62.92,40.31,46.35,1003,807,112,48,68.04,40977,1,52,69.11,40512,0,[N/A],[N/A],[N/A],[N/A],4,4,"%CPU COMMAND;3819 VLLM::Worker_TP;3787 VLLM::Worker_TP; 500 ps; 377 python3;94.5 opencode;"
1788650682,2026-09-05T23:24:42+00:00,11192.20,55250,55250,51250,51750,50250,50750,52500,50250,51750,270.70,2.01,3268799,62.92,40.31,46.35,1003,807,112,48,67.16,40977,1,52,74.56,40512,1,[N/A],[N/A],[N/A],[N/A],4,4,"%CPU COMMAND;3868 VLLM::Worker_TP;3838 VLLM::Worker_TP; 363 python3;94.5 opencode;43.7 vllm;"
1788650683,2026-09-05T23:24:43+00:00,11193.84,55250,55250,51500,51000,51250,50750,52750,50750,52250,279.83,1.98,3266221,62.92,40.31,46.35,1003,807,112,48,67.31,40977,1,52,72.65,40512,1,[N/A],[N/A],[N/A],[N/A],4,4,"%CPU COMMAND;3912 VLLM::Worker_TP;3880 VLLM::Worker_TP; 500 ps; 350 python3;94.5 opencode;"
1788650685,2026-09-05T23:24:45+00:00,11195.46,53750,55250,51500,51250,52500,52000,52000,50750,51500,274.29,1.91,3264138,67.57,41.65,46.75,1003,807,112,49,68.42,40977,1,52,73.80,40512,1,[N/A],[N/A],[N/A],[N/A],4,4,"%CPU COMMAND;3954 VLLM::Worker_TP;3922 VLLM::Worker_TP; 338 python3;94.5 opencode;42.5 vllm;"
1788650687,2026-09-05T23:24:47+00:00,11197.04,55250,55375,51250,51250,50250,52750,52000,50500,51750,274.58,1.96,3250788,67.57,41.65,46.75,1003,807,112,49,67.91,40977,1,52,72.03,40512,1,[N/A],[N/A],[N/A],[N/A],4,4,"%CPU COMMAND;3994 VLLM::Worker_TP;3962 VLLM::Worker_TP; 600 ps; 326 python3;94.5 opencode;"
1788650688,2026-09-05T23:24:48+00:00,11198.68,56500,55875,51250,52000,50500,51750,52500,50500,51750,274.78,1.96,3266233,67.57,41.65,46.75,1003,807,112,49,68.91,40977,1,52,74.86,40512,1,[N/A],[N/A],[N/A],[N/A],4,4,"%CPU COMMAND;4031 VLLM::Worker_TP;4000 VLLM::Worker_TP; 316 python3;94.5 opencode;41.4 vllm;"
1788650690,2026-09-05T23:24:50+00:00,11200.25,56250,55875,51750,51250,51250,50500,52750,50500,51750,264.10,1.87,3253966,71.21,42.83,47.11,1003,807,112,49,68.53,40977,1,52,70.96,40512,0,[N/A],[N/A],[N/A],[N/A],4,4,"%CPU COMMAND;4068 VLLM::Worker_TP;4034 VLLM::Worker_TP; 306 python3;94.5 opencode;40.8 vllm;"
1788650691,2026-09-05T23:24:51+00:00,11201.82,54750,55750,51500,52500,51000,52250,52250,50250,52000,264.74,1.88,3268770,71.21,42.83,47.11,1003,807,112,49,68.88,40977,1,53,70.62,40512,1,[N/A],[N/A],[N/A],[N/A],4,4,"%CPU COMMAND;4098 VLLM::Worker_TP;4066 VLLM::Worker_TP; 297 python3;94.5 opencode;40.3 vllm;"
1788650693,2026-09-05T23:24:53+00:00,11203.37,53750,55500,52000,51750,53500,52750,52500,51000,52000,259.19,1.85,3268818,71.21,42.83,47.11,1003,807,112,49,67.66,40977,1,53,70.67,40512,1,[N/A],[N/A],[N/A],[N/A],4,4,"%CPU COMMAND;4130 VLLM::Worker_TP;4097 VLLM::Worker_TP; 500 ps; 289 python3;94.5 opencode;"
1788650695,2026-09-05T23:24:55+00:00,11204.93,55000,55375,52000,51750,51500,51000,55500,51000,52750,266.70,1.88,3246730,74.55,44.00,47.46,1003,808,112,49,68.44,40977,1,53,74.78,40512,1,[N/A],[N/A],[N/A],[N/A],4,4,"%CPU COMMAND;4158 VLLM::Worker_TP;4130 VLLM::Worker_TP; 281 python3;94.5 opencode;39.3 vllm;"
1788650696,2026-09-05T23:24:56+00:00,11206.52,51500,55250,52000,52000,51000,50750,52250,51000,55500,268.87,1.90,3268767,74.55,44.00,47.46,1003,808,112,49,67.09,40977,1,53,76.25,40512,1,[N/A],[N/A],[N/A],[N/A],4,4,"%CPU COMMAND;4187 VLLM::Worker_TP;4161 VLLM::Worker_TP; 500 ps; 273 python3;94.4 opencode;"
1788650698,2026-09-05T23:24:58+00:00,11208.13,51000,55250,51750,51250,50000,51500,52750,50500,54250,271.09,1.93,3268776,74.55,44.00,47.46,1003,808,112,49,66.88,40977,1,53,76.61,40512,1,[N/A],[N/A],[N/A],[N/A],4,4,"%CPU COMMAND;4215 VLLM::Worker_TP;4191 VLLM::Worker_TP; 266 python3;94.4 opencode;38.3 vllm;"
1788650699,2026-09-05T23:24:59+00:00,11209.69,50750,55125,52000,51500,51500,51500,51750,51000,54000,265.08,1.87,3268790,77.63,45.15,47.81,1003,808,112,49,67.11,40977,1,53,74.69,40512,0,[N/A],[N/A],[N/A],[N/A],4,4,"%CPU COMMAND;4237 VLLM::Worker_TP;4219 VLLM::Worker_TP; 259 python3;94.4 opencode;37.9 vllm;"
1788650701,2026-09-05T23:25:01+00:00,11211.29,54250,55125,52250,51750,50500,51500,52750,51250,54250,272.01,1.91,3268771,77.63,45.15,47.81,1003,808,112,49,68.14,40977,0,53,73.08,40512,1,[N/A],[N/A],[N/A],[N/A],4,4,"%CPU COMMAND;4261 VLLM::Worker_TP;4244 VLLM::Worker_TP; 500 ps; 252 python3;94.4 opencode;"
1788650702,2026-09-05T23:25:02+00:00,11212.83,52750,55125,52000,52000,53250,51000,52750,51250,52500,260.34,1.82,3268780,77.63,45.15,47.81,1003,808,112,49,68.18,40977,1,53,71.75,40512,1,[N/A],[N/A],[N/A],[N/A],4,4,"%CPU COMMAND;4284 VLLM::Worker_TP;4267 VLLM::Worker_TP; 600 ps; 246 python3;94.4 opencode;"
1788650704,2026-09-05T23:25:04+00:00,11214.36,56500,55250,51500,51000,50000,50250,51750,49750,54250,257.59,1.81,3266227,77.63,45.15,47.81,1003,808,112,49,67.21,40977,1,53,73.80,40512,2,[N/A],[N/A],[N/A],[N/A],4,4,"%CPU COMMAND;4288 VLLM::Worker_TP;4265 VLLM::Worker_TP; 240 python3;94.4 opencode;36.6 vllm;"
1788650705,2026-09-05T23:25:05+00:00,11215.89,55000,55375,51750,51250,51750,50750,54000,51500,52250,258.03,1.80,3268799,76.14,45.38,47.87,1003,808,112,49,68.45,40977,1,53,74.16,40512,1,[N/A],[N/A],[N/A],[N/A],4,4,"%CPU COMMAND;4306 VLLM::Worker_TP;4289 VLLM::Worker_TP; 235 python3;94.4 opencode;36.2 vllm;"
1788650707,2026-09-05T23:25:07+00:00,11217.44,53000,55875,52500,51750,50750,52750,52500,50750,56000,261.43,1.84,3268787,76.14,45.38,47.87,1003,808,112,50,66.89,40977,0,53,76.93,40512,1,[N/A],[N/A],[N/A],[N/A],4,4,"%CPU COMMAND;4328 VLLM::Worker_TP;4314 VLLM::Worker_TP; 230 python3;94.4 opencode;35.8 vllm;"
1788650709,2026-09-05T23:25:09+00:00,11219.00,55000,56000,54750,52750,51000,51250,52750,51250,55750,266.96,1.89,3268763,76.14,45.38,47.87,1003,808,112,50,68.10,40977,0,53,75.02,40512,1,[N/A],[N/A],[N/A],[N/A],4,4,"%CPU COMMAND;4348 VLLM::Worker_TP;4335 VLLM::Worker_TP; 224 python3;94.4 opencode;35.4 vllm;"
1788650710,2026-09-05T23:25:10+00:00,11220.56,53500,56000,52000,52250,51250,55500,52750,51000,54500,265.50,1.88,3268791,79.17,46.52,48.23,1003,808,112,50,68.76,40977,1,54,75.31,40512,1,[N/A],[N/A],[N/A],[N/A],4,4,"%CPU COMMAND;4369 VLLM::Worker_TP;4356 VLLM::Worker_TP; 219 python3;94.4 opencode;35.0 vllm;"
1788650712,2026-09-05T23:25:12+00:00,11222.14,55000,56000,52250,52250,51000,52500,52750,51250,52500,269.85,1.90,3246712,79.17,46.52,48.23,1003,808,112,50,68.00,40977,1,54,75.96,40512,1,[N/A],[N/A],[N/A],[N/A],4,4,"%CPU COMMAND;4390 VLLM::Worker_TP;4373 VLLM::Worker_TP; 600 ps; 215 python3;94.4 opencode;"
1788650713,2026-09-05T23:25:13+00:00,11223.72,55750,55875,52750,52000,51500,51500,52500,53500,55500,266.14,1.89,3268804,79.17,46.52,48.23,1003,808,112,50,69.00,40977,1,54,72.00,40512,0,[N/A],[N/A],[N/A],[N/A],4,4,"%CPU COMMAND;4409 VLLM::Worker_TP;4390 VLLM::Worker_TP; 500 ps; 210 python3;94.4 opencode;"
1788650715,2026-09-05T23:25:15+00:00,11225.29,56500,56000,51750,52250,51500,52750,52750,52500,55250,268.29,1.90,3266273,81.88,47.62,48.58,1003,808,112,50,69.34,40977,1,54,74.67,40512,1,[N/A],[N/A],[N/A],[N/A],4,4,"%CPU COMMAND;4427 VLLM::Worker_TP;4409 VLLM::Worker_TP; 206 python3;94.4 opencode;33.8 vllm;"
1788650716,2026-09-05T23:25:16+00:00,11226.84,54750,55875,53000,52250,50750,51500,52500,51250,56500,261.19,1.85,3242003,81.88,47.62,48.58,1003,808,112,50,68.37,40977,1,54,72.73,40512,1,[N/A],[N/A],[N/A],[N/A],4,4,"%CPU COMMAND;4445 VLLM::Worker_TP;4426 VLLM::Worker_TP; 500 ps; 202 python3;94.3 opencode;"
1788650718,2026-09-05T23:25:18+00:00,11228.42,53750,56250,52000,52250,51000,55500,53250,52750,55500,269.73,1.92,3268746,81.88,47.62,48.58,1003,808,112,50,68.57,40977,1,54,76.60,40512,1,[N/A],[N/A],[N/A],[N/A],4,4,"%CPU COMMAND;4462 VLLM::Worker_TP;4445 VLLM::Worker_TP; 198 python3;94.3 opencode;33.1 vllm;"
1788650720,2026-09-05T23:25:20+00:00,11229.98,54750,56125,52750,51500,52000,51750,52750,51750,53250,264.31,1.90,3268812,84.45,48.72,48.93,1003,808,112,50,68.39,40977,0,54,71.05,40512,0,[N/A],[N/A],[N/A],[N/A],4,4,"%CPU COMMAND;4480 VLLM::Worker_TP;4456 VLLM::Worker_TP; 194 python3;94.3 opencode;32.8 vllm;"
1788650721,2026-09-05T23:25:21+00:00,11231.53,55500,56000,52500,52250,51250,51250,52750,51500,52500,263.02,1.86,3268752,84.45,48.72,48.93,1003,808,112,50,68.36,40977,0,54,73.20,40512,2,[N/A],[N/A],[N/A],[N/A],4,4,"%CPU COMMAND;4494 VLLM::Worker_TP;4470 VLLM::Worker_TP; 190 python3;94.3 opencode;32.5 vllm;"
1788650723,2026-09-05T23:25:23+00:00,11233.10,55750,55875,52500,52000,51500,51750,52750,52000,56500,265.23,1.91,3268744,84.45,48.72,48.93,1003,808,112,50,69.51,40977,1,54,74.63,40512,1,[N/A],[N/A],[N/A],[N/A],4,4,"%CPU COMMAND;4511 VLLM::Worker_TP;4487 VLLM::Worker_TP; 187 python3;94.3 opencode;32.1 vllm;"
1788650724,2026-09-05T23:25:24+00:00,11234.71,52250,56000,52500,52250,51000,54000,53250,53000,56750,267.98,1.97,3266210,86.82,49.81,49.28,1003,808,112,50,69.75,40977,1,54,77.23,40512,1,[N/A],[N/A],[N/A],[N/A],4,4,"%CPU COMMAND;4526 VLLM::Worker_TP;4503 VLLM::Worker_TP; 500 ps; 183 python3;94.3 opencode;"
1788650726,2026-09-05T23:25:26+00:00,11236.28,52000,56250,52250,52250,51250,51500,53250,51250,56500,264.93,1.88,3268771,86.82,49.81,49.28,1003,808,112,50,68.65,40977,1,54,77.30,40512,1,[N/A],[N/A],[N/A],[N/A],4,4,"%CPU COMMAND;4541 VLLM::Worker_TP;4518 VLLM::Worker_TP; 180 python3;94.3 opencode;31.5 vllm;"
1788650727,2026-09-05T23:25:27+00:00,11237.84,52500,56250,53500,52500,52500,53250,52750,51750,55500,267.18,1.92,3268795,86.82,49.81,49.28,1003,808,112,51,68.45,40977,1,54,73.99,40512,0,[N/A],[N/A],[N/A],[N/A],4,4,"%CPU COMMAND;4556 VLLM::Worker_TP;4523 VLLM::Worker_TP; 177 python3;94.3 opencode;31.2 vllm;"
1788650729,2026-09-05T23:25:29+00:00,11239.44,55750,56375,52750,52750,51250,51750,53250,50750,55750,264.64,1.85,3268795,86.82,49.81,49.28,1003,808,112,51,67.58,40977,1,54,76.68,40512,1,[N/A],[N/A],[N/A],[N/A],4,4,"%CPU COMMAND;4551 VLLM::Worker_TP;4534 VLLM::Worker_TP; 174 python3;94.3 opencode;30.8 vllm;"
1788650731,2026-09-05T23:25:31+00:00,11241.08,51500,56125,53500,53000,51750,51500,52750,51750,56500,276.47,2.01,3268791,88.92,50.85,49.62,1003,808,112,51,69.70,40977,1,54,72.97,40512,1,[N/A],[N/A],[N/A],[N/A],4,4,"%CPU COMMAND;4566 VLLM::Worker_TP;4548 VLLM::Worker_TP; 171 python3;94.3 opencode;30.5 vllm;"
1788650732,2026-09-05T23:25:32+00:00,11242.68,51750,56125,52000,52500,52500,52000,52750,51250,56500,272.82,1.94,3255334,88.92,50.85,49.62,1003,808,112,51,69.46,40977,4,54,74.23,40512,4,[N/A],[N/A],[N/A],[N/A],4,4,"%CPU COMMAND;4579 VLLM::Worker_TP;4562 VLLM::Worker_TP; 168 python3;94.3 opencode;30.3 vllm;"
1788650734,2026-09-05T23:25:34+00:00,11244.24,52250,56250,52750,52250,51250,51250,52750,51750,56250,266.63,1.91,3249419,88.92,50.85,49.62,1003,808,112,51,68.72,40977,1,55,75.30,40512,1,[N/A],[N/A],[N/A],[N/A],4,4,"%CPU COMMAND;4593 VLLM::Worker_TP;4576 VLLM::Worker_TP; 165 python3;94.2 opencode;30.0 vllm;"
1788650735,2026-09-05T23:25:35+00:00,11245.86,51750,56500,52750,52500,54500,53000,52750,51750,56250,270.83,1.94,3268759,90.93,51.90,49.97,1003,808,112,51,70.62,40977,1,55,73.46,40512,1,[N/A],[N/A],[N/A],[N/A],4,4,"%CPU COMMAND;4605 VLLM::Worker_TP;4588 VLLM::Worker_TP; 162 python3;94.2 opencode;29.7 vllm;"
1788650737,2026-09-05T23:25:37+00:00,11247.45,54250,56375,52250,52500,53000,51750,53250,51250,53250,270.85,1.92,3247920,90.93,51.90,49.97,1003,808,112,51,69.66,40977,1,55,75.95,40512,1,[N/A],[N/A],[N/A],[N/A],4,4,"%CPU COMMAND;4617 VLLM::Worker_TP;4601 VLLM::Worker_TP; 160 python3;94.2 opencode;29.4 vllm;"
1788650739,2026-09-05T23:25:39+00:00,11249.04,53250,56250,52500,52750,51000,52000,53000,51250,55250,269.40,1.92,3268762,90.93,51.90,49.97,1003,808,112,51,67.96,40977,1,55,77.48,40512,1,[N/A],[N/A],[N/A],[N/A],4,4,"%CPU COMMAND;4627 VLLM::Worker_TP;4611 VLLM::Worker_TP; 600 ps; 157 python3;94.2 opencode;"
1788650740,2026-09-05T23:25:40+00:00,11250.60,55500,56250,52750,52500,51000,53000,53250,51500,56000,264.33,1.87,3266255,92.77,52.93,50.31,1003,808,112,51,69.19,40977,1,55,72.72,40512,1,[N/A],[N/A],[N/A],[N/A],4,4,"%CPU COMMAND;4639 VLLM::Worker_TP;4621 VLLM::Worker_TP; 600 ps; 155 python3;94.2 opencode;"
1788650742,2026-09-05T23:25:42+00:00,11252.15,54750,56125,52500,53250,51750,52250,53750,51750,56250,262.72,1.86,3266263,92.77,52.93,50.31,1003,808,112,51,68.99,40977,1,55,75.05,40512,1,[N/A],[N/A],[N/A],[N/A],4,4,"%CPU COMMAND;4650 VLLM::Worker_TP;4633 VLLM::Worker_TP; 152 python3;94.2 opencode;28.6 vllm;"
1788650743,2026-09-05T23:25:43+00:00,11253.73,55500,56125,52500,52250,52250,52250,53750,51250,53250,267.97,1.90,3266171,92.77,52.93,50.31,1003,808,112,51,70.03,40977,1,55,74.27,40512,4,[N/A],[N/A],[N/A],[N/A],4,4,"%CPU COMMAND;4661 VLLM::Worker_TP;4644 VLLM::Worker_TP; 500 ps; 150 python3;94.2 opencode;"
1788650745,2026-09-05T23:25:45+00:00,11255.34,55750,56250,53000,52250,54750,52000,53750,51750,56750,274.81,2.05,3268766,94.31,53.92,50.64,1003,808,112,51,68.40,40977,1,55,77.71,40512,1,[N/A],[N/A],[N/A],[N/A],4,4,"%CPU COMMAND;4672 VLLM::Worker_TP;4656 VLLM::Worker_TP; 148 python3;94.2 opencode;28.1 vllm;"
1788650747,2026-09-05T23:25:47+00:00,11256.96,55500,56375,52250,52500,54750,52250,52750,51750,53500,275.70,1.95,3263714,94.31,53.92,50.64,1003,808,112,51,68.80,40977,0,55,78.52,40512,1,[N/A],[N/A],[N/A],[N/A],4,4,"%CPU COMMAND;4683 VLLM::Worker_TP;4665 VLLM::Worker_TP; 146 python3;94.2 opencode;27.8 vllm;"
1788650748,2026-09-05T23:25:48+00:00,11258.55,56500,56375,52750,52500,52000,52000,54000,51500,54000,272.40,1.91,3242741,94.31,53.92,50.64,1003,808,112,51,70.41,40977,1,55,75.81,40512,1,[N/A],[N/A],[N/A],[N/A],4,4,"%CPU COMMAND;4693 VLLM::Worker_TP;4676 VLLM::Worker_TP; 600 ps; 144 python3;94.2 opencode;"
1788650750,2026-09-05T23:25:50+00:00,11260.13,54000,56375,51750,52250,51250,52500,53500,52000,57250,270.70,1.91,3268788,95.73,54.88,50.97,1003,808,112,51,69.94,40977,1,55,76.60,40512,1,[N/A],[N/A],[N/A],[N/A],4,4,"%CPU COMMAND;4702 VLLM::Worker_TP;4684 VLLM::Worker_TP; 600 ps; 141 python3;94.2 opencode;"
1788650751,2026-09-05T23:25:51+00:00,11261.69,52500,56375,52500,52500,52000,55000,53750,51250,53500,268.26,1.91,3246212,95.73,54.88,50.97,1003,808,112,51,69.82,40977,1,55,75.81,40512,1,[N/A],[N/A],[N/A],[N/A],4,4,"%CPU COMMAND;4712 VLLM::Worker_TP;4694 VLLM::Worker_TP; 600 ps; 139 python3;94.2 opencode;"
1788650753,2026-09-05T23:25:53+00:00,11263.31,55750,56375,52750,52250,52000,52750,53250,51750,54000,274.97,1.95,3246313,95.73,54.88,50.97,1003,808,112,52,69.64,40977,0,55,74.68,40512,1,[N/A],[N/A],[N/A],[N/A],4,4,"%CPU COMMAND;4716 VLLM::Worker_TP;4689 VLLM::Worker_TP; 138 python3;94.2 opencode;26.9 vllm;"
1788650754,2026-09-05T23:25:54+00:00,11264.84,56500,56625,53000,52250,54750,52000,54000,51750,55500,257.97,1.74,3268764,97.03,55.83,51.30,1003,808,112,52,69.15,40977,1,55,76.01,40512,0,[N/A],[N/A],[N/A],[N/A],4,4,"%CPU COMMAND;4717 VLLM::Worker_TP;4698 VLLM::Worker_TP; 500 ps; 136 python3;94.2 opencode;"
1788650756,2026-09-05T23:25:56+00:00,11266.43,52250,56750,54000,52000,52500,53250,53250,52500,56500,272.20,1.90,3251155,97.03,55.83,51.30,1003,808,112,52,70.30,40977,1,55,73.23,40512,0,[N/A],[N/A],[N/A],[N/A],4,4,"%CPU COMMAND;4726 VLLM::Worker_TP;4704 VLLM::Worker_TP; 134 python3;94.2 opencode;26.4 vllm;"
1788650758,2026-09-05T23:25:58+00:00,11268.01,52000,56875,52250,53000,53250,52000,53250,52250,57500,269.61,1.89,3253022,97.03,55.83,51.30,1003,808,112,52,70.15,40977,1,55,75.14,40512,1,[N/A],[N/A],[N/A],[N/A],4,4,"%CPU COMMAND;4735 VLLM::Worker_TP;4713 VLLM::Worker_TP; 132 python3;94.2 opencode;26.2 vllm;"
1788650759,2026-09-05T23:25:59+00:00,11269.56,52500,57375,52750,53000,52500,52000,53500,52000,57000,265.74,1.87,3250913,98.47,56.81,51.64,1003,808,112,52,70.96,40977,0,56,74.85,40512,0,[N/A],[N/A],[N/A],[N/A],4,4,"%CPU COMMAND;4742 VLLM::Worker_TP;4722 VLLM::Worker_TP; 130 python3;94.2 opencode;26.0 vllm;"
1788650761,2026-09-05T23:26:01+00:00,11271.14,55000,57250,53750,52750,54750,52500,53750,51750,57250,270.52,1.90,3257546,98.47,56.81,51.64,1003,808,112,52,69.79,40977,1,56,76.10,40512,1,[N/A],[N/A],[N/A],[N/A],4,4,"%CPU COMMAND;4752 VLLM::Worker_TP;4729 VLLM::Worker_TP; 129 python3;94.2 opencode;25.8 vllm;"
1788650762,2026-09-05T23:26:02+00:00,11272.73,52250,57125,53000,52750,51750,54000,53000,51750,54250,270.84,1.92,3268775,98.47,56.81,51.64,1003,808,112,52,70.96,40977,1,56,74.08,40512,1,[N/A],[N/A],[N/A],[N/A],4,4,"%CPU COMMAND;4759 VLLM::Worker_TP;4737 VLLM::Worker_TP; 127 python3;94.2 opencode;25.6 vllm;"
1788650764,2026-09-05T23:26:04+00:00,11274.37,52750,56875,52750,53000,52000,53250,53250,51750,55000,282.00,1.99,3268800,98.47,56.81,51.64,1003,808,112,52,68.99,40977,1,56,77.47,40512,1,[N/A],[N/A],[N/A],[N/A],4,4,"%CPU COMMAND;4766 VLLM::Worker_TP;4746 VLLM::Worker_TP; 500 ps; 125 python3;94.2 opencode;"
1788650766,2026-09-05T23:26:06+00:00,11275.98,52250,56875,53000,53000,52750,52500,54250,51500,56000,273.18,1.93,3268777,99.80,57.78,51.98,1003,808,112,52,69.73,40977,1,56,76.90,40512,1,[N/A],[N/A],[N/A],[N/A],4,4,"%CPU COMMAND;4774 VLLM::Worker_TP;4753 VLLM::Worker_TP; 124 python3;94.2 opencode;25.1 vllm;"
1788650767,2026-09-05T23:26:07+00:00,11277.54,52500,56875,53500,52750,51750,52750,53000,52250,56750,267.62,1.89,3247251,99.80,57.78,51.98,1003,808,112,52,69.70,40977,1,56,74.65,40512,1,[N/A],[N/A],[N/A],[N/A],4,4,"%CPU COMMAND;4781 VLLM::Worker_TP;4760 VLLM::Worker_TP; 122 python3;94.2 opencode;24.9 vllm;"
1788650769,2026-09-05T23:26:09+00:00,11279.11,54250,56750,53000,52500,52250,52000,53250,52250,56000,265.25,1.89,3244737,99.80,57.78,51.98,1003,808,112,52,71.13,40977,1,56,75.83,40512,1,[N/A],[N/A],[N/A],[N/A],4,4,"%CPU COMMAND;4790 VLLM::Worker_TP;4768 VLLM::Worker_TP; 121 python3;94.2 opencode;24.7 vllm;"
1788650770,2026-09-05T23:26:10+00:00,11280.71,52500,56750,53250,52250,51500,52000,53500,51500,56250,273.71,1.94,3262080,100.85,58.69,52.31,1003,808,112,52,71.25,40977,1,56,76.65,40512,1,[N/A],[N/A],[N/A],[N/A],4,4,"%CPU COMMAND;4797 VLLM::Worker_TP;4776 VLLM::Worker_TP; 119 python3;94.1 opencode;24.6 vllm;"
1788650772,2026-09-05T23:26:12+00:00,11282.26,51750,56875,52500,53000,52000,52000,53500,52250,57750,263.69,1.87,3266202,100.85,58.69,52.31,1003,808,112,52,70.21,40977,1,56,76.80,40512,1,[N/A],[N/A],[N/A],[N/A],4,4,"%CPU COMMAND;4804 VLLM::Worker_TP;4783 VLLM::Worker_TP; 118 python3;94.1 opencode;24.4 vllm;"
1788650773,2026-09-05T23:26:13+00:00,11283.83,52000,57250,53000,52750,52000,54500,53250,51750,57000,266.50,1.90,3241896,100.85,58.69,52.31,1003,808,112,52,70.32,40977,1,56,78.98,40512,1,[N/A],[N/A],[N/A],[N/A],4,4,"%CPU COMMAND;4810 VLLM::Worker_TP;4790 VLLM::Worker_TP; 117 python3;94.1 opencode;24.2 vllm;"
1788650775,2026-09-05T23:26:15+00:00,11285.41,52000,57125,53000,53000,52250,52000,53750,52000,57500,266.51,1.89,3268753,101.75,59.58,52.63,1003,808,112,52,69.31,40977,0,56,76.35,40512,1,[N/A],[N/A],[N/A],[N/A],4,4,"%CPU COMMAND;4816 VLLM::Worker_TP;4798 VLLM::Worker_TP; 115 python3;94.1 opencode;24.0 vllm;"
1788650777,2026-09-05T23:26:17+00:00,11286.95,55750,56875,53000,52500,51500,52000,53500,51750,53500,259.91,1.84,3268778,101.75,59.58,52.63,1003,808,112,52,69.27,40977,0,56,73.94,40512,1,[N/A],[N/A],[N/A],[N/A],4,4,"%CPU COMMAND;4822 VLLM::Worker_TP;4803 VLLM::Worker_TP; 114 python3;94.1 opencode;23.8 vllm;"
1788650778,2026-09-05T23:26:18+00:00,11288.52,56500,56750,53250,53000,51750,51750,53500,52250,56000,270.96,1.92,3247670,101.75,59.58,52.63,1003,808,112,52,71.86,40977,1,56,75.37,40512,1,[N/A],[N/A],[N/A],[N/A],4,4,"%CPU COMMAND;4818 VLLM::Worker_TP;4810 VLLM::Worker_TP; 113 python3;94.1 opencode;23.6 vllm;"
1788650780,2026-09-05T23:26:20+00:00,11290.11,56000,57125,53000,52750,51500,54000,53500,52000,54750,261.78,1.83,3268824,98.32,59.57,52.67,1003,808,112,52,70.81,40977,2,56,73.59,40512,1,[N/A],[N/A],[N/A],[N/A],4,4,"%CPU COMMAND;4826 VLLM::Worker_TP;4805 VLLM::Worker_TP; 111 python3;94.1 opencode;23.5 vllm;"
1788650781,2026-09-05T23:26:21+00:00,11291.70,52000,57000,53500,53000,52750,52000,53000,52000,57500,271.23,1.93,3256272,98.32,59.57,52.67,1003,808,112,52,72.17,40977,1,56,76.73,40512,0,[N/A],[N/A],[N/A],[N/A],4,4,"%CPU COMMAND;4832 VLLM::Worker_TP;4810 VLLM::Worker_TP; 110 python3;94.1 opencode;23.3 vllm;"
1788650783,2026-09-05T23:26:23+00:00,11293.25,56250,56875,53250,52500,52750,52250,53500,51750,52750,261.09,1.83,3266239,98.32,59.57,52.67,1003,808,112,52,69.38,40977,0,56,76.02,40512,1,[N/A],[N/A],[N/A],[N/A],4,4,"%CPU COMMAND;4836 VLLM::Worker_TP;4816 VLLM::Worker_TP; 109 python3;94.1 opencode;23.1 vllm;"
1788650784,2026-09-05T23:26:24+00:00,11294.83,57000,56750,53250,54250,52500,51750,53500,52000,54000,268.59,1.90,3268819,99.90,60.54,53.02,1003,808,112,52,69.59,40977,0,56,77.46,40512,1,[N/A],[N/A],[N/A],[N/A],4,4,"%CPU COMMAND;4842 VLLM::Worker_TP;4823 VLLM::Worker_TP; 108 python3;94.1 opencode;22.9 vllm;"
1788650786,2026-09-05T23:26:26+00:00,11296.44,54750,56625,52500,52500,51500,54750,53500,52000,54000,274.34,1.94,3254871,99.90,60.54,53.02,1003,808,112,52,70.44,40977,1,56,76.70,40512,1,[N/A],[N/A],[N/A],[N/A],4,4,"%CPU COMMAND;4849 VLLM::Worker_TP;4830 VLLM::Worker_TP; 500 ps; 107 python3;94.0 opencode;"
1788650788,2026-09-05T23:26:28+00:00,11298.00,55750,56625,52750,53750,52000,53500,53750,53500,56250,267.08,1.89,3249535,99.90,60.54,53.02,1003,808,112,52,69.37,40977,0,57,77.64,40512,1,[N/A],[N/A],[N/A],[N/A],4,4,"%CPU COMMAND;4854 VLLM::Worker_TP;4836 VLLM::Worker_TP; 106 python3;94.0 opencode;22.6 vllm;"
1788650789,2026-09-05T23:26:29+00:00,11299.56,56250,56500,53250,53000,52000,53250,54000,52250,55500,266.26,1.89,3268798,101.27,61.48,53.36,1003,808,112,53,69.97,40977,1,57,75.93,40512,1,[N/A],[N/A],[N/A],[N/A],4,4,"%CPU COMMAND;4861 VLLM::Worker_TP;4842 VLLM::Worker_TP; 104 python3;94.0 opencode;22.4 vllm;"
1788650791,2026-09-05T23:26:31+00:00,11301.20,56750,56750,53500,53750,51500,52000,54000,52500,55250,278.96,1.97,3258044,101.27,61.48,53.36,1003,808,112,53,69.97,40977,0,57,78.44,40512,1,[N/A],[N/A],[N/A],[N/A],4,4,"%CPU COMMAND;4866 VLLM::Worker_TP;4847 VLLM::Worker_TP; 103 python3;94.0 opencode;22.3 vllm;"
1788650792,2026-09-05T23:26:32+00:00,11302.76,57250,56750,53000,55000,51500,52000,54000,52000,54000,267.24,1.91,3246362,101.27,61.48,53.36,1003,808,112,53,72.06,40977,1,57,75.83,40512,1,[N/A],[N/A],[N/A],[N/A],4,4,"%CPU COMMAND;4872 VLLM::Worker_TP;4852 VLLM::Worker_TP; 102 python3;94.0 opencode;22.1 vllm;"
1788650794,2026-09-05T23:26:34+00:00,11304.38,55250,56750,53000,52500,51500,53500,53250,52250,57000,275.24,1.97,3259681,101.27,61.48,53.36,1003,808,112,53,71.10,40977,0,57,76.29,40512,0,[N/A],[N/A],[N/A],[N/A],4,4,"%CPU COMMAND;4877 VLLM::Worker_TP;4858 VLLM::Worker_TP; 101 python3;94.0 opencode;22.0 vllm;"
1788650796,2026-09-05T23:26:36+00:00,11305.95,54750,56750,55000,52750,55750,52000,53750,52000,56000,269.33,1.88,3261370,102.29,62.35,53.69,1003,808,112,53,69.61,40977,1,57,77.49,40512,1,[N/A],[N/A],[N/A],[N/A],4,4,"%CPU COMMAND;4881 VLLM::Worker_TP;4864 VLLM::Worker_TP; 100 python3;94.0 opencode;21.8 vllm;"
1788650797,2026-09-05T23:26:37+00:00,11307.55,55750,57000,53250,52500,51500,53000,53500,52000,53250,271.57,1.91,3268792,102.29,62.35,53.69,1003,808,112,53,68.53,40977,0,57,79.70,40512,1,[N/A],[N/A],[N/A],[N/A],4,4,"%CPU COMMAND;4886 VLLM::Worker_TP;4870 VLLM::Worker_TP;99.7 python3;94.0 opencode;21.7 vllm;"
1788650799,2026-09-05T23:26:39+00:00,11309.11,56500,56875,53250,52750,51250,53500,53500,52000,55750,267.35,1.89,3268812,102.29,62.35,53.69,1003,808,112,53,72.18,40977,1,57,74.81,40512,1,[N/A],[N/A],[N/A],[N/A],4,4,"%CPU COMMAND;4891 VLLM::Worker_TP;4876 VLLM::Worker_TP;98.8 python3;94.0 opencode;21.5 vllm;"
1788650800,2026-09-05T23:26:40+00:00,11310.68,56750,56875,52750,53000,53000,51750,53250,52000,55500,267.76,1.92,3268856,103.23,63.21,54.01,1003,808,112,53,70.75,40977,1,57,78.03,40512,1,[N/A],[N/A],[N/A],[N/A],4,4,"%CPU COMMAND;4896 VLLM::Worker_TP;4882 VLLM::Worker_TP;97.8 python3;94.0 opencode;21.4 vllm;"
1788650802,2026-09-05T23:26:42+00:00,11312.30,54000,56750,53250,52500,53250,52000,53750,52750,56250,275.26,1.95,3241334,103.23,63.21,54.01,1003,808,112,53,72.01,40977,1,57,76.17,40512,1,[N/A],[N/A],[N/A],[N/A],4,4,"%CPU COMMAND;4902 VLLM::Worker_TP;4887 VLLM::Worker_TP; 500 ps;96.9 python3;94.0 opencode;"
1788650803,2026-09-05T23:26:43+00:00,11313.90,56750,56750,52250,52000,51000,52250,53500,51500,57750,267.04,1.85,1500000,103.23,63.21,54.01,1003,808,112,53,72.15,40977,1,57,74.72,40512,2,[N/A],[N/A],[N/A],[N/A],4,4,"%CPU COMMAND;4895 VLLM::Worker_TP;4883 VLLM::Worker_TP;96.0 python3;94.0 opencode;21.1 vllm;"
1788650805,2026-09-05T23:26:45+00:00,11315.43,56250,56875,53500,52750,52000,52500,53750,52250,53000,260.85,1.66,3266194,103.93,64.02,54.32,1003,808,112,53,69.58,40977,1,57,76.45,40512,1,[N/A],[N/A],[N/A],[N/A],4,4,"%CPU COMMAND;4899 VLLM::Worker_TP;4888 VLLM::Worker_TP; 600 ps;95.1 python3;94.0 opencode;"
1788650807,2026-09-05T23:26:47+00:00,11316.98,56500,56875,52750,52750,53000,56500,53500,52000,53750,265.86,1.89,3268793,103.93,64.02,54.32,1003,808,112,53,72.35,40977,1,57,77.63,40512,1,[N/A],[N/A],[N/A],[N/A],4,4,"%CPU COMMAND;4905 VLLM::Worker_TP;4894 VLLM::Worker_TP;94.2 python3;94.0 opencode;20.8 vllm;"
1788650808,2026-09-05T23:26:48+00:00,11318.63,56750,56875,53250,52500,52250,53500,53500,53500,52750,279.55,1.94,3266248,103.93,64.02,54.32,1003,808,112,53,69.06,40977,0,57,77.73,40512,0,[N/A],[N/A],[N/A],[N/A],4,4,"%CPU COMMAND;4905 VLLM::Worker_TP;4899 VLLM::Worker_TP; 500 ps;94.0 opencode;93.3 python3;"
1788650810,2026-09-05T23:26:50+00:00,11320.20,56500,56750,53750,53000,52000,56500,53750,52000,54000,268.31,2.01,3266230,104.66,64.83,54.64,1003,808,112,53,69.95,40977,1,57,75.95,40512,2,[N/A],[N/A],[N/A],[N/A],4,4,"%CPU COMMAND;4910 VLLM::Worker_TP;4903 VLLM::Worker_TP; 600 ps;94.0 opencode;92.4 python3;"
                                                                                                                                                                                                                                                                                                                                                                                                                                                                                                                                                                                                                                                                                                                                                                                                                                                                                                                                                                                                                                                                                                                                                                                                                                                                                                                                                                                                                                                                                                                                                                                                                                                                                                                                                                                                                                                                                                                                                                                                                                                                                                                                                                                                                                                                                                                                                                                                                               