epoch,iso,uptime_s,tctl,tccd1,tccd2,tccd3,tccd4,tccd5,tccd6,tccd7,tccd8,pkg_w,core_w,cpu_freq,load1,load5,load15,mem_used_gb,mem_avail_gb,nproc,g0_temp,g0_power,g0_mem_gb,g0_util,g1_temp,g1_power,g1_mem_gb,g1_util,g0_ecc_ce,g0_ecc_ue,g1_ecc_ce,g1_ecc_ue,g0_link,g1_link,topcpu
1788645454,2026-09-05T21:57:34+00:00,5964.24,41250,44375,43750,41500,42000,41750,43000,41000,43500,NA,NA,1497025,2.92,1.81,1.22,1003,993,112,35,6.42,2,0,36,13.94,2,0,[N/A],[N/A],[N/A],[N/A],1,1,"%CPU COMMAND;86.3 opencode; 2.7 powertrip-captu; 1.6 dcgm-exporter; 1.5 nvtop; 1.2 alloy;"
1788645455,2026-09-05T21:57:35+00:00,5965.83,41250,44250,42500,42750,41250,41250,42750,40000,41500,140.54,0.26,1500000,2.92,1.81,1.22,1003,993,112,35,7.45,2,0,36,14.24,2,0,[N/A],[N/A],[N/A],[N/A],1,1,"%CPU COMMAND;86.3 opencode; 1.6 dcgm-exporter; 1.5 nvtop; 1.2 powertrip-captu; 1.2 alloy;"
1788645457,2026-09-05T21:57:37+00:00,5967.39,40750,44000,42500,41000,40500,41000,42750,40500,41750,137.99,0.23,1500000,2.92,1.81,1.22,1003,993,112,35,7.38,2,0,36,14.58,2,0,[N/A],[N/A],[N/A],[N/A],1,1,"%CPU COMMAND;86.3 opencode; 1.6 dcgm-exporter; 1.5 nvtop; 1.2 alloy; 1.1 loki;"
1788645459,2026-09-05T21:57:39+00:00,5968.95,41000,43875,42000,41250,40750,41500,42750,41750,42250,140.93,0.25,1500000,2.77,1.79,1.22,1003,993,112,35,7.80,2,0,36,14.84,2,0,[N/A],[N/A],[N/A],[N/A],1,1,"%CPU COMMAND; 400 ps;86.3 opencode; 1.6 dcgm-exporter; 1.5 nvtop; 1.2 alloy;"
1788645460,2026-09-05T21:57:40+00:00,5970.52,41250,44250,43000,43250,41000,42500,42750,40750,41500,147.01,0.73,2754715,2.77,1.79,1.22,1003,993,112,35,7.01,2,0,36,14.93,2,0,[N/A],[N/A],[N/A],[N/A],1,1,"%CPU COMMAND; 400 ps;86.4 opencode; 1.6 dcgm-exporter; 1.5 nvtop; 1.2 alloy;"
1788645462,2026-09-05T21:57:42+00:00,5972.08,40750,44125,42750,41250,40750,41000,42750,41000,41500,140.23,0.28,2374848,2.77,1.79,1.22,1003,993,112,35,6.59,2,0,36,14.48,2,0,[N/A],[N/A],[N/A],[N/A],1,1,"%CPU COMMAND;86.4 opencode; 1.6 dcgm-exporter; 1.5 nvtop; 1.2 alloy; 1.1 loki;"
1788645463,2026-09-05T21:57:43+00:00,5973.66,40500,44000,42750,41250,40500,41000,43000,40250,41500,136.99,0.24,1469139,2.71,1.80,1.22,1003,993,112,35,7.13,2,0,37,14.37,2,0,[N/A],[N/A],[N/A],[N/A],1,1,"%CPU COMMAND; 400 ps;86.4 opencode; 1.6 dcgm-exporter; 1.5 nvtop; 1.2 alloy;"
1788645465,2026-09-05T21:57:45+00:00,5975.22,41250,43875,43000,41250,40500,41000,42750,39750,42500,137.30,0.25,1500000,2.71,1.80,1.22,1003,993,112,35,6.86,2,0,36,15.18,2,0,[N/A],[N/A],[N/A],[N/A],1,1,"%CPU COMMAND;86.5 opencode; 1.6 dcgm-exporter; 1.5 nvtop; 1.2 alloy; 1.1 loki;"
1788645466,2026-09-05T21:57:46+00:00,5976.79,40750,43750,42750,40750,40500,42500,44500,40500,41750,142.02,0.26,1477776,2.71,1.80,1.22,1003,993,112,35,7.07,2,0,37,14.40,2,0,[N/A],[N/A],[N/A],[N/A],1,1,"%CPU COMMAND; 400 ps;86.5 opencode; 1.6 dcgm-exporter; 1.5 nvtop; 1.2 alloy;"
1788645468,2026-09-05T21:57:48+00:00,5978.34,40750,43875,42250,42250,40500,42000,42500,40250,41750,136.43,0.24,1500000,2.71,1.80,1.22,1003,993,112,35,6.64,2,0,37,14.77,2,0,[N/A],[N/A],[N/A],[N/A],1,1,"%CPU COMMAND; 400 ps;86.5 opencode; 1.6 dcgm-exporter; 1.5 nvtop; 1.2 alloy;"
1788645469,2026-09-05T21:57:50+00:00,5979.91,41000,44625,43000,41250,41000,41500,43000,42000,41500,152.38,0.97,1500000,2.73,1.82,1.23,1003,993,112,35,7.26,2,0,36,14.60,2,0,[N/A],[N/A],[N/A],[N/A],1,1,"%CPU COMMAND;86.5 opencode; 1.6 dcgm-exporter; 1.5 nvtop; 1.2 alloy; 1.1 loki;"
1788645471,2026-09-05T21:57:51+00:00,5981.49,41000,44375,42750,42000,40000,42250,42750,40250,41750,138.00,0.23,2362476,2.73,1.82,1.23,1003,993,112,35,7.07,2,0,36,14.93,2,0,[N/A],[N/A],[N/A],[N/A],1,1,"%CPU COMMAND;86.5 opencode; 1.6 dcgm-exporter; 1.5 nvtop; 1.2 alloy; 1.1 loki;"
1788645473,2026-09-05T21:57:53+00:00,5983.05,41000,44375,42250,41750,41250,41500,42500,40500,42250,139.18,0.31,2754781,2.73,1.82,1.23,1003,993,112,35,7.56,2,0,36,14.60,2,0,[N/A],[N/A],[N/A],[N/A],1,1,"%CPU COMMAND;86.6 opencode; 1.6 dcgm-exporter; 1.5 nvtop; 1.2 alloy; 1.1 loki;"
1788645474,2026-09-05T21:57:54+00:00,5984.62,40750,44125,42250,41250,40250,41500,44750,40750,41500,140.51,0.37,2754679,2.75,1.84,1.24,1003,993,112,35,7.56,2,0,37,15.23,2,0,[N/A],[N/A],[N/A],[N/A],1,1,"%CPU COMMAND;86.6 opencode; 1.6 dcgm-exporter; 1.5 nvtop; 1.2 alloy; 1.1 loki;"
1788645476,2026-09-05T21:57:56+00:00,5986.17,40750,44125,42500,42500,40500,42000,42500,40250,42750,137.33,0.71,1500000,2.75,1.84,1.24,1003,993,112,35,6.81,2,0,37,14.45,2,0,[N/A],[N/A],[N/A],[N/A],1,1,"%CPU COMMAND;86.7 opencode; 1.6 dcgm-exporter; 1.5 nvtop; 1.2 alloy; 1.1 loki;"
1788645477,2026-09-05T21:57:57+00:00,5987.73,41250,44375,42750,42250,41000,42250,43750,42750,42250,147.81,0.34,1497004,2.75,1.84,1.24,1003,993,112,35,7.62,2,0,37,14.11,2,0,[N/A],[N/A],[N/A],[N/A],1,1,"%CPU COMMAND;86.7 opencode; 1.6 dcgm-exporter; 1.5 nvtop; 1.2 alloy; 1.1 loki;"
1788645479,2026-09-05T21:57:59+00:00,5989.30,40250,44875,42000,41250,41000,42000,44250,40250,42250,146.09,0.82,3440525,2.69,1.84,1.25,1003,993,112,35,6.70,2,0,37,14.57,2,0,[N/A],[N/A],[N/A],[N/A],1,1,"%CPU COMMAND;86.8 opencode; 1.6 dcgm-exporter; 1.5 nvtop; 1.2 alloy; 1.1 loki;"
1788645480,2026-09-05T21:58:00+00:00,5990.84,40750,44625,42750,41250,40500,43000,43000,41000,41750,142.53,0.62,2754743,2.69,1.84,1.25,1003,993,112,35,7.13,2,0,36,14.34,2,0,[N/A],[N/A],[N/A],[N/A],1,1,"%CPU COMMAND; 400 ps;86.8 opencode; 1.6 dcgm-exporter; 1.5 nvtop; 1.2 alloy;"
1788645482,2026-09-05T21:58:02+00:00,5992.42,41000,44375,43000,41000,40250,41750,42500,40750,42000,137.88,0.22,1500000,2.69,1.84,1.25,1003,993,112,35,6.85,2,0,37,14.60,2,0,[N/A],[N/A],[N/A],[N/A],1,1,"%CPU COMMAND;86.8 opencode; 1.6 dcgm-exporter; 1.5 nvtop; 1.2 alloy; 1.1 loki;"
1788645484,2026-09-05T21:58:04+00:00,5993.98,40250,44375,42750,41500,40500,41500,42000,40500,41750,135.16,0.23,1421348,2.56,1.83,1.25,1003,993,112,35,7.21,2,0,37,14.71,2,0,[N/A],[N/A],[N/A],[N/A],1,1,"%CPU COMMAND; 400 ps;86.9 opencode; 1.6 dcgm-exporter; 1.5 nvtop; 1.2 alloy;"
1788645485,2026-09-05T21:58:05+00:00,5995.55,40750,44125,42750,41500,40250,41500,43000,39500,41750,139.47,0.26,2162554,2.56,1.83,1.25,1003,993,112,35,7.28,2,0,37,14.91,2,0,[N/A],[N/A],[N/A],[N/A],1,1,"%CPU COMMAND;86.9 opencode; 1.6 dcgm-exporter; 1.5 nvtop; 1.2 alloy; 1.1 loki;"
1788645487,2026-09-05T21:58:07+00:00,5997.12,41000,44000,42250,42500,40750,41500,42250,39500,42000,140.33,0.29,1769013,2.56,1.83,1.25,1003,993,112,35,6.92,2,0,37,14.33,2,0,[N/A],[N/A],[N/A],[N/A],1,1,"%CPU COMMAND; 400 ps;86.9 opencode; 1.6 dcgm-exporter; 1.5 nvtop; 1.2 alloy;"
1788645488,2026-09-05T21:58:08+00:00,5998.67,41250,43875,42500,42000,41250,41750,43250,40500,42750,138.92,0.27,1730409,2.51,1.83,1.25,1003,993,112,35,7.16,2,0,36,14.48,2,0,[N/A],[N/A],[N/A],[N/A],1,1,"%CPU COMMAND; 400 ps;87.0 opencode; 1.6 dcgm-exporter; 1.5 nvtop; 1.2 alloy;"
1788645490,2026-09-05T21:58:10+00:00,6000.25,40500,44000,42250,42000,40750,41250,42500,41000,41250,140.72,0.67,1500000,2.51,1.83,1.25,1003,993,112,35,6.90,2,0,37,15.29,2,0,[N/A],[N/A],[N/A],[N/A],1,1,"%CPU COMMAND;87.0 opencode; 1.6 dcgm-exporter; 1.5 nvtop; 1.2 alloy; 1.1 loki;"
1788645491,2026-09-05T21:58:11+00:00,6001.82,40500,43875,42250,41250,40750,41250,42500,40500,41750,138.37,0.23,1496871,2.51,1.83,1.25,1003,993,112,35,7.67,2,0,37,14.60,2,0,[N/A],[N/A],[N/A],[N/A],1,1,"%CPU COMMAND; 400 ps;87.1 opencode; 1.6 dcgm-exporter; 1.5 nvtop; 1.2 alloy;"
1788645493,2026-09-05T21:58:13+00:00,6003.38,41000,43750,42500,41500,41250,41250,42000,39750,41750,140.41,0.41,3444292,2.51,1.83,1.25,1003,993,112,35,6.99,2,0,37,14.98,2,0,[N/A],[N/A],[N/A],[N/A],1,1,"%CPU COMMAND; 400 ps;87.1 opencode; 1.6 dcgm-exporter; 1.5 nvtop; 1.2 alloy;"
1788645495,2026-09-05T21:58:15+00:00,6004.95,41500,43750,43000,42000,42250,42250,42250,40750,41750,139.45,0.31,3443528,2.39,1.82,1.25,1003,993,112,35,7.47,2,0,37,14.56,2,0,[N/A],[N/A],[N/A],[N/A],1,1,"%CPU COMMAND;87.1 opencode; 1.6 dcgm-exporter; 1.5 nvtop; 1.2 alloy; 1.1 loki;"
1788645496,2026-09-05T21:58:16+00:00,6006.51,40750,43750,43250,41750,47250,44250,42500,41000,42750,138.25,0.27,1500000,2.39,1.82,1.25,1003,993,112,35,6.94,2,0,37,15.02,2,0,[N/A],[N/A],[N/A],[N/A],1,1,"%CPU COMMAND;87.2 opencode; 1.6 dcgm-exporter; 1.5 nvtop; 1.2 alloy; 1.1 loki;"
1788645498,2026-09-05T21:58:18+00:00,6008.07,40500,43875,42750,43250,40250,41250,42250,40250,42250,136.93,0.28,1500000,2.39,1.82,1.25,1003,993,112,35,7.29,2,0,37,14.83,2,0,[N/A],[N/A],[N/A],[N/A],1,1,"%CPU COMMAND; 400 ps;87.2 opencode; 1.6 dcgm-exporter; 1.5 nvtop; 1.2 alloy;"
1788645499,2026-09-05T21:58:19+00:00,6009.63,40750,44125,43500,42250,41000,41500,42500,40500,41750,138.16,0.69,2750876,2.28,1.80,1.25,1003,993,112,35,6.90,2,0,37,14.92,2,0,[N/A],[N/A],[N/A],[N/A],1,1,"%CPU COMMAND;87.2 opencode; 1.6 dcgm-exporter; 1.5 nvtop; 1.2 alloy; 1.1 loki;"
1788645501,2026-09-05T21:58:21+00:00,6011.20,40750,44000,42000,41000,40250,41500,42500,41500,42000,137.48,0.31,1500000,2.28,1.80,1.25,1003,993,112,35,6.81,2,0,37,14.57,2,0,[N/A],[N/A],[N/A],[N/A],1,1,"%CPU COMMAND;87.2 opencode; 1.6 dcgm-exporter; 1.5 nvtop; 1.2 alloy; 1.1 loki;"
1788645502,2026-09-05T21:58:22+00:00,6012.76,41000,43875,42250,41750,40000,41750,42750,40250,41000,138.71,0.26,1494634,2.28,1.80,1.25,1003,993,112,35,7.29,2,0,37,14.48,2,0,[N/A],[N/A],[N/A],[N/A],1,1,"%CPU COMMAND; 400 ps;87.1 opencode; 1.6 dcgm-exporter; 1.5 nvtop; 1.2 alloy;"
1788645504,2026-09-05T21:58:24+00:00,6014.33,41750,43750,42500,41000,40750,41000,42750,40500,41250,135.04,0.22,2752354,2.10,1.77,1.24,1003,993,112,35,6.84,2,0,37,15.44,2,0,[N/A],[N/A],[N/A],[N/A],1,1,"%CPU COMMAND; 400 ps;87.1 opencode; 1.6 dcgm-exporter; 1.5 nvtop; 1.2 alloy;"
1788645505,2026-09-05T21:58:25+00:00,6015.90,41000,43750,41500,41250,40000,41500,41500,40000,41500,135.44,0.27,3446878,2.10,1.77,1.24,1003,993,112,35,7.37,2,0,37,14.71,2,0,[N/A],[N/A],[N/A],[N/A],1,1,"%CPU COMMAND; 400 ps;87.1 opencode; 1.6 dcgm-exporter; 1.5 nvtop; 1.2 alloy;"
1788645507,2026-09-05T21:58:27+00:00,6017.48,40000,43500,42750,41000,40500,41750,42250,40500,41500,139.46,0.27,1500000,2.10,1.77,1.24,1003,993,112,35,7.56,2,0,37,14.85,2,0,[N/A],[N/A],[N/A],[N/A],1,1,"%CPU COMMAND;87.1 opencode; 1.6 dcgm-exporter; 1.5 nvtop; 1.2 alloy; 1.1 loki;"
1788645509,2026-09-05T21:58:29+00:00,6019.04,41750,43875,43000,41750,41000,42250,42750,41000,46250,142.95,0.29,1500000,2.09,1.78,1.25,1003,993,112,35,7.06,2,0,37,14.40,2,0,[N/A],[N/A],[N/A],[N/A],1,1,"%CPU COMMAND;87.2 opencode; 1.6 dcgm-exporter; 1.5 nvtop; 1.2 alloy; 1.1 loki;"
1788645510,2026-09-05T21:58:30+00:00,6020.61,40750,45000,43000,41750,40000,41000,44500,40500,42000,142.48,0.82,1497011,2.09,1.78,1.25,1003,993,112,35,7.28,2,0,37,15.11,2,0,[N/A],[N/A],[N/A],[N/A],1,1,"%CPU COMMAND;87.2 opencode; 1.6 dcgm-exporter; 1.5 nvtop; 1.2 alloy; 1.1 loki;"
1788645512,2026-09-05T21:58:32+00:00,6022.18,41250,44625,43250,42250,40750,41500,42750,41000,42000,142.44,0.30,2756662,2.09,1.78,1.25,1003,993,112,35,6.85,2,0,37,15.40,2,0,[N/A],[N/A],[N/A],[N/A],1,1,"%CPU COMMAND;87.2 opencode; 1.6 dcgm-exporter; 1.5 nvtop; 1.2 alloy; 1.1 loki;"
1788645513,2026-09-05T21:58:33+00:00,6023.75,41000,44250,42500,41000,40250,41500,42250,40250,41500,141.37,0.30,1496952,2.00,1.76,1.24,1003,993,112,35,7.48,2,0,37,14.51,2,0,[N/A],[N/A],[N/A],[N/A],1,1,"%CPU COMMAND;87.2 opencode; 1.6 dcgm-exporter; 1.5 nvtop; 1.2 alloy; 1.1 loki;"
1788645515,2026-09-05T21:58:35+00:00,6025.31,41500,44125,42500,41500,40500,41250,42000,40750,41500,137.43,0.24,1585610,2.00,1.76,1.24,1003,993,112,35,7.44,2,0,37,14.96,2,0,[N/A],[N/A],[N/A],[N/A],1,1,"%CPU COMMAND; 400 ps;87.2 opencode; 1.6 dcgm-exporter; 1.5 nvtop; 1.2 alloy;"
1788645516,2026-09-05T21:58:36+00:00,6026.88,40500,44000,42500,41500,39750,43000,42250,40000,41250,138.89,0.26,1345148,2.00,1.76,1.24,1003,993,112,35,7.46,2,0,37,14.62,2,0,[N/A],[N/A],[N/A],[N/A],1,1,"%CPU COMMAND;87.2 opencode; 1.6 dcgm-exporter; 1.5 nvtop; 1.2 alloy; 1.1 loki;"
1788645518,2026-09-05T21:58:38+00:00,6028.45,41500,43750,42500,41000,40250,41500,42000,40500,42250,136.22,0.22,1500000,2.00,1.76,1.24,1003,993,112,35,7.19,2,0,37,14.94,2,0,[N/A],[N/A],[N/A],[N/A],1,1,"%CPU COMMAND;87.2 opencode; 1.6 dcgm-exporter; 1.5 nvtop; 1.2 alloy; 1.1 loki;"
1788645520,2026-09-05T21:58:40+00:00,6030.03,40750,44125,42500,42750,40500,41500,44000,40000,41250,143.79,0.73,1500000,4.48,2.28,1.41,1003,993,112,35,7.81,2,0,37,14.60,2,0,[N/A],[N/A],[N/A],[N/A],1,1,"%CPU COMMAND;87.3 opencode; 1.6 dcgm-exporter; 1.5 nvtop; 1.2 alloy; 1.1 loki;"
1788645521,2026-09-05T21:58:41+00:00,6031.60,40750,43875,43000,41250,40750,41500,42750,40250,41250,135.35,0.26,2580463,4.48,2.28,1.41,1003,993,112,35,8.04,2,0,37,15.32,2,0,[N/A],[N/A],[N/A],[N/A],1,1,"%CPU COMMAND;87.3 opencode; 1.6 dcgm-exporter; 1.5 nvtop; 1.2 alloy; 1.1 loki;"
1788645523,2026-09-05T21:58:43+00:00,6033.17,40750,43875,42750,41250,40500,41500,42500,40500,42250,146.22,0.35,1500000,4.48,2.28,1.41,1003,993,112,35,6.82,2,0,37,14.66,2,0,[N/A],[N/A],[N/A],[N/A],1,1,"%CPU COMMAND;87.3 opencode; 1.6 dcgm-exporter; 1.5 nvtop; 1.2 alloy; 1.1 loki;"
1788645524,2026-09-05T21:58:44+00:00,6034.73,40250,43750,42000,40500,40000,41500,43500,40750,41500,139.61,0.26,1496983,4.20,2.26,1.41,1003,993,112,35,7.07,2,0,37,14.36,2,0,[N/A],[N/A],[N/A],[N/A],1,1,"%CPU COMMAND;87.3 opencode; 1.6 dcgm-exporter; 1.5 nvtop; 1.2 alloy; 1.1 loki;"
1788645526,2026-09-05T21:58:46+00:00,6036.31,41000,43500,42750,42000,39750,41000,43500,40250,41500,135.26,0.26,1643166,4.20,2.26,1.41,1003,993,112,35,7.11,2,0,37,14.85,2,0,[N/A],[N/A],[N/A],[N/A],1,1,"%CPU COMMAND;87.3 opencode; 1.6 dcgm-exporter; 1.5 nvtop; 1.2 alloy; 1.1 loki;"
1788645527,2026-09-05T21:58:47+00:00,6037.88,40500,43875,42500,42000,40750,41500,42500,40250,41750,143.15,0.30,1497085,4.20,2.26,1.41,1003,993,112,35,7.63,2,0,37,14.69,2,0,[N/A],[N/A],[N/A],[N/A],1,1,"%CPU COMMAND;87.4 opencode; 1.6 dcgm-exporter; 1.5 nvtop; 1.2 alloy; 1.1 loki;"
1788645529,2026-09-05T21:58:49+00:00,6039.44,40500,44250,42000,41500,40500,41500,42250,40750,43250,141.48,0.74,1587228,4.35,2.32,1.44,1003,993,112,35,6.93,2,0,37,14.94,2,0,[N/A],[N/A],[N/A],[N/A],1,1,"%CPU COMMAND; 400 ps;87.4 opencode; 1.6 dcgm-exporter; 1.5 nvtop; 1.2 alloy;"
1788645531,2026-09-05T21:58:51+00:00,6041.00,41000,44125,42750,41250,40750,41000,42750,43000,43500,141.35,0.34,1500000,4.35,2.32,1.44,1003,993,112,35,7.27,2,0,37,14.60,2,0,[N/A],[N/A],[N/A],[N/A],1,1,"%CPU COMMAND;87.5 opencode; 1.6 dcgm-exporter; 1.5 nvtop; 1.2 alloy; 1.1 loki;"
1788645532,2026-09-05T21:58:52+00:00,6042.56,41250,44000,43000,42000,41250,41250,43000,40750,42250,139.80,0.30,1500000,4.35,2.32,1.44,1003,993,112,35,7.08,2,0,37,15.44,2,0,[N/A],[N/A],[N/A],[N/A],1,1,"%CPU COMMAND;87.5 opencode; 1.6 dcgm-exporter; 1.5 nvtop; 1.2 alloy; 1.1 loki;"
1788645534,2026-09-05T21:58:54+00:00,6044.13,40500,43875,42000,41250,41000,41500,42500,40000,42000,142.27,0.28,1496460,4.00,2.28,1.43,1003,993,112,35,7.10,2,0,37,14.64,2,0,[N/A],[N/A],[N/A],[N/A],1,1,"%CPU COMMAND; 400 ps;87.6 opencode; 1.6 dcgm-exporter; 1.5 nvtop; 1.2 alloy;"
1788645535,2026-09-05T21:58:55+00:00,6045.70,40750,43875,42500,42750,41500,41000,42500,40250,41500,137.60,0.72,1500000,4.00,2.28,1.43,1003,993,112,35,7.47,2,0,37,14.47,2,0,[N/A],[N/A],[N/A],[N/A],1,1,"%CPU COMMAND; 400 ps;87.7 opencode; 1.6 dcgm-exporter; 1.5 nvtop; 1.2 alloy;"
1788645537,2026-09-05T21:58:57+00:00,6047.26,40750,44000,42250,41250,40750,41500,42750,40500,41750,145.03,0.37,2757227,4.00,2.28,1.43,1003,993,112,35,6.97,2,0,37,15.17,2,0,[N/A],[N/A],[N/A],[N/A],1,1,"%CPU COMMAND; 400 ps;87.7 opencode; 1.6 dcgm-exporter; 1.5 nvtop; 1.2 alloy;"
1788645538,2026-09-05T21:58:58+00:00,6048.82,41250,44000,42750,41750,41250,42000,42750,40750,41750,145.28,0.37,1500000,4.40,2.40,1.47,1003,993,112,35,7.62,2,0,37,14.63,2,0,[N/A],[N/A],[N/A],[N/A],1,1,"%CPU COMMAND;87.8 opencode; 1.6 dcgm-exporter; 1.5 nvtop; 1.2 alloy; 1.1 loki;"
1788645540,2026-09-05T21:59:00+00:00,6050.38,40750,44250,42750,41250,41000,41250,42500,40250,42000,148.49,0.80,1497107,4.40,2.40,1.47,1003,993,112,35,7.22,2,0,37,15.47,2,0,[N/A],[N/A],[N/A],[N/A],1,1,"%CPU COMMAND; 400 ps;87.9 opencode; 1.6 dcgm-exporter; 1.5 nvtop; 1.2 alloy;"
1788645542,2026-09-05T21:59:02+00:00,6051.97,41000,44375,43750,41750,42500,42000,43000,40000,41500,144.29,0.34,1918848,4.40,2.40,1.47,1003,993,112,35,7.83,2,0,37,14.75,2,0,[N/A],[N/A],[N/A],[N/A],1,1,"%CPU COMMAND; 400 ps;88.0 opencode; 1.6 dcgm-exporter; 1.5 nvtop; 1.2 alloy;"
1788645543,2026-09-05T21:59:03+00:00,6053.52,40750,44375,43000,41500,41500,41500,42750,40000,42000,143.31,0.72,1500000,4.21,2.39,1.47,1003,993,112,35,7.27,2,0,37,14.98,2,0,[N/A],[N/A],[N/A],[N/A],1,1,"%CPU COMMAND; 400 ps;88.0 opencode; 1.6 dcgm-exporter; 1.5 nvtop; 1.2 alloy;"
1788645545,2026-09-05T21:59:05+00:00,6055.10,40750,44500,42500,41250,42000,42000,42250,40500,42000,146.29,0.38,1500000,4.21,2.39,1.47,1003,993,112,35,7.16,2,0,37,14.64,2,0,[N/A],[N/A],[N/A],[N/A],1,1,"%CPU COMMAND;88.1 opencode; 1.6 dcgm-exporter; 1.5 nvtop; 1.2 alloy; 1.1 loki;"
1788645546,2026-09-05T21:59:06+00:00,6056.67,41000,44375,43250,41500,40750,41500,43000,41000,42500,139.55,0.32,1784006,4.21,2.39,1.47,1003,993,112,35,7.43,2,0,37,14.72,2,0,[N/A],[N/A],[N/A],[N/A],1,1,"%CPU COMMAND;88.1 opencode; 1.6 dcgm-exporter; 1.5 nvtop; 1.2 alloy; 1.1 loki;"
1788645548,2026-09-05T21:59:08+00:00,6058.25,40750,44125,43000,41750,40500,41500,42500,40750,43250,139.68,0.36,1500000,4.21,2.39,1.47,1003,993,112,35,7.36,2,0,37,15.38,2,0,[N/A],[N/A],[N/A],[N/A],1,1,"%CPU COMMAND;88.1 opencode; 1.6 dcgm-exporter; 1.5 nvtop; 1.2 alloy; 1.1 loki;"
1788645549,2026-09-05T21:59:09+00:00,6059.82,40250,44250,42250,41250,40500,41250,43000,40750,41000,138.19,0.72,2754503,4.03,2.38,1.48,1003,993,112,35,7.60,2,0,37,14.51,2,0,[N/A],[N/A],[N/A],[N/A],1,1,"%CPU COMMAND; 400 ps;88.1 opencode; 1.6 dcgm-exporter; 1.5 nvtop; 1.2 alloy;"
1788645551,2026-09-05T21:59:11+00:00,6061.38,40250,44125,42000,41500,40750,41250,43000,41250,42000,136.68,0.33,1495768,4.03,2.38,1.48,1003,993,112,35,7.93,2,0,37,14.83,2,0,[N/A],[N/A],[N/A],[N/A],1,1,"%CPU COMMAND;88.1 opencode; 1.6 dcgm-exporter; 1.5 nvtop; 1.2 alloy; 1.1 loki;"
1788645553,2026-09-05T21:59:13+00:00,6062.96,41000,44000,42750,41750,40750,41000,42250,40500,41500,137.81,0.38,1962301,4.03,2.38,1.48,1003,993,112,35,7.77,2,0,37,14.56,2,0,[N/A],[N/A],[N/A],[N/A],1,1,"%CPU COMMAND; 400 ps;88.1 opencode; 1.6 dcgm-exporter; 1.5 nvtop; 1.2 alloy;"
1788645554,2026-09-05T21:59:14+00:00,6064.52,40500,43750,42250,41500,40750,41250,44250,42750,41250,133.97,0.26,2756870,3.79,2.36,1.47,1003,993,112,35,7.20,2,0,37,14.98,2,0,[N/A],[N/A],[N/A],[N/A],1,1,"%CPU COMMAND;88.0 opencode; 1.6 dcgm-exporter; 1.5 nvtop; 1.2 alloy; 1.1 loki;"
1788645556,2026-09-05T21:59:16+00:00,6066.10,40500,43750,42250,41500,39750,41250,43250,40250,42000,138.59,0.29,3438990,3.79,2.36,1.47,1003,993,112,35,6.79,2,0,37,15.20,2,0,[N/A],[N/A],[N/A],[N/A],1,1,"%CPU COMMAND;88.0 opencode; 1.6 dcgm-exporter; 1.5 nvtop; 1.2 alloy; 1.1 loki;"
1788645557,2026-09-05T21:59:17+00:00,6067.68,40500,43750,42500,41250,40000,41000,42500,40750,41500,134.87,0.24,3444296,3.79,2.36,1.47,1003,993,112,35,7.89,2,0,37,14.21,2,0,[N/A],[N/A],[N/A],[N/A],1,1,"%CPU COMMAND; 400 ps;88.0 opencode; 1.6 dcgm-exporter; 1.5 nvtop; 1.2 alloy;"
1788645559,2026-09-05T21:59:19+00:00,6069.25,41000,44000,42000,41000,40500,41750,43500,40250,41750,142.95,0.70,2751767,3.72,2.37,1.48,1003,993,112,35,7.02,2,0,37,15.24,2,0,[N/A],[N/A],[N/A],[N/A],1,1,"%CPU COMMAND;88.0 opencode; 1.6 dcgm-exporter; 1.5 nvtop; 1.2 alloy; 1.1 loki;"
1788645560,2026-09-05T21:59:20+00:00,6070.82,41000,43875,43250,41500,40250,41250,42750,41750,41500,137.10,0.26,1496924,3.72,2.37,1.48,1003,993,112,35,7.43,2,0,37,14.41,2,0,[N/A],[N/A],[N/A],[N/A],1,1,"%CPU COMMAND; 400 ps;88.0 opencode; 1.6 dcgm-exporter; 1.5 nvtop; 1.2 alloy;"
1788645562,2026-09-05T21:59:22+00:00,6072.38,40750,43625,42250,40750,40250,41250,44250,40750,41750,135.38,0.21,1497000,3.72,2.37,1.48,1003,993,112,35,7.04,2,0,37,14.89,2,0,[N/A],[N/A],[N/A],[N/A],1,1,"%CPU COMMAND;88.0 opencode; 1.6 dcgm-exporter; 1.5 nvtop; 1.2 alloy; 1.1 loki;"
1788645564,2026-09-05T21:59:24+00:00,6073.96,40500,43500,42000,41750,40000,40750,44000,41250,41000,134.62,0.21,1663425,3.59,2.36,1.48,1003,993,112,35,7.73,2,0,37,14.45,2,0,[N/A],[N/A],[N/A],[N/A],1,1,"%CPU COMMAND; 400 ps;87.9 opencode; 1.6 dcgm-exporter; 1.5 nvtop; 1.2 alloy;"
1788645565,2026-09-05T21:59:25+00:00,6075.52,40000,43500,42500,41250,40250,41250,42250,40000,42000,134.86,0.24,1500000,3.59,2.36,1.48,1003,993,112,35,7.79,2,0,37,15.02,2,0,[N/A],[N/A],[N/A],[N/A],1,1,"%CPU COMMAND; 400 ps;87.9 opencode; 1.6 dcgm-exporter; 1.5 nvtop; 1.2 alloy;"
1788645567,2026-09-05T21:59:27+00:00,6077.09,40750,43500,42500,41000,40750,41000,42750,40250,41750,137.48,0.23,1500000,3.59,2.36,1.48,1003,993,112,35,7.53,2,0,37,15.01,2,0,[N/A],[N/A],[N/A],[N/A],1,1,"%CPU COMMAND;87.9 opencode; 1.6 dcgm-exporter; 1.5 nvtop; 1.2 alloy; 1.1 loki;"
1788645568,2026-09-05T21:59:28+00:00,6078.66,40250,43500,42000,41500,40750,41000,44000,40250,41750,136.49,0.22,1497002,3.46,2.36,1.49,1003,993,112,35,7.39,2,0,37,15.06,2,0,[N/A],[N/A],[N/A],[N/A],1,1,"%CPU COMMAND; 400 ps;87.9 opencode; 1.6 dcgm-exporter; 1.5 nvtop; 1.2 alloy;"
1788645570,2026-09-05T21:59:30+00:00,6080.22,40750,43625,42000,40750,40750,41250,43000,40500,41750,134.46,0.59,1500000,3.46,2.36,1.49,1003,993,112,35,7.42,2,0,37,15.43,2,0,[N/A],[N/A],[N/A],[N/A],1,1,"%CPU COMMAND; 400 ps;87.9 opencode; 1.6 dcgm-exporter; 1.5 nvtop; 1.2 alloy;"
1788645571,2026-09-05T21:59:31+00:00,6081.78,40500,43625,42000,41000,40000,41250,42500,42750,41500,136.30,0.23,1500000,3.46,2.36,1.49,1003,993,112,35,7.90,2,0,37,14.40,2,0,[N/A],[N/A],[N/A],[N/A],1,1,"%CPU COMMAND;87.8 opencode; 1.6 dcgm-exporter; 1.5 nvtop; 1.2 alloy; 1.1 loki;"
1788645573,2026-09-05T21:59:33+00:00,6083.34,40000,43625,42750,41250,40500,41000,43000,40750,41750,136.19,0.25,1500000,3.46,2.36,1.49,1003,993,112,35,7.08,2,0,37,14.84,2,0,[N/A],[N/A],[N/A],[N/A],1,1,"%CPU COMMAND; 400 ps;87.8 opencode; 1.6 dcgm-exporter; 1.5 nvtop; 1.2 alloy;"
1788645574,2026-09-05T21:59:34+00:00,6084.90,40750,43750,42000,41250,40500,40750,42500,42000,41500,135.79,0.21,1500000,3.26,2.33,1.48,1003,993,112,35,7.75,2,0,37,14.53,2,0,[N/A],[N/A],[N/A],[N/A],1,1,"%CPU COMMAND;87.8 opencode; 1.6 dcgm-exporter; 1.5 nvtop; 1.2 alloy; 1.1 loki;"
1788645576,2026-09-05T21:59:36+00:00,6086.47,40000,43750,43000,41500,40250,40750,42500,40250,41500,135.43,0.27,1536632,3.26,2.33,1.48,1003,993,112,35,6.99,2,0,37,15.28,2,0,[N/A],[N/A],[N/A],[N/A],1,1,"%CPU COMMAND; 400 ps;87.8 opencode; 1.6 dcgm-exporter; 1.5 nvtop; 1.2 alloy;"
1788645578,2026-09-05T21:59:38+00:00,6088.04,40500,43625,42250,42250,40250,41000,42500,40000,41500,136.02,0.32,2750954,3.26,2.33,1.48,1003,993,112,35,7.03,2,0,37,14.53,2,0,[N/A],[N/A],[N/A],[N/A],1,1,"%CPU COMMAND;87.8 opencode; 1.6 dcgm-exporter; 1.5 nvtop; 1.2 alloy; 1.1 loki;"
1788645579,2026-09-05T21:59:39+00:00,6089.61,40750,44000,42000,41500,39750,41250,44500,40250,41500,143.69,0.67,1497215,3.00,2.30,1.48,1003,993,112,35,7.09,2,0,37,15.16,2,0,[N/A],[N/A],[N/A],[N/A],1,1,"%CPU COMMAND;87.8 opencode; 1.6 dcgm-exporter; 1.5 nvtop; 1.2 alloy; 1.1 loki;"
1788645581,2026-09-05T21:59:41+00:00,6091.18,41000,44125,42500,42250,40750,40000,42500,40000,41750,144.37,0.37,1500000,3.00,2.30,1.48,1003,993,112,35,7.53,2,0,37,14.61,2,0,[N/A],[N/A],[N/A],[N/A],1,1,"%CPU COMMAND;87.9 opencode; 1.6 dcgm-exporter; 1.5 nvtop; 1.2 alloy; 1.1 loki;"
1788645582,2026-09-05T21:59:42+00:00,6092.75,41250,44000,42750,40750,40500,41000,42250,40500,41250,139.94,0.33,1496886,3.00,2.30,1.48,1003,993,112,35,7.70,2,0,37,14.66,2,0,[N/A],[N/A],[N/A],[N/A],1,1,"%CPU COMMAND; 400 ps;87.9 opencode; 1.6 dcgm-exporter; 1.5 nvtop; 1.2 alloy;"
1788645584,2026-09-05T21:59:44+00:00,6094.31,40250,43750,43250,41000,40250,41500,42250,40000,41500,133.96,0.24,1494549,2.84,2.27,1.47,1003,993,112,35,7.25,2,0,37,14.85,2,0,[N/A],[N/A],[N/A],[N/A],1,1,"%CPU COMMAND;87.9 opencode; 1.6 dcgm-exporter; 1.5 nvtop; 1.2 alloy; 1.1 loki;"
1788645585,2026-09-05T21:59:45+00:00,6095.88,40750,43625,42250,41000,40250,40750,42500,40000,41250,134.57,0.22,1496993,2.84,2.27,1.47,1003,993,112,35,7.55,2,0,37,14.39,2,0,[N/A],[N/A],[N/A],[N/A],1,1,"%CPU COMMAND;87.9 opencode; 1.6 dcgm-exporter; 1.5 nvtop; 1.2 alloy; 1.1 loki;"
1788645587,2026-09-05T21:59:47+00:00,6097.43,40750,43625,43000,41250,40250,41250,42500,40000,41750,135.91,0.25,2755808,2.84,2.27,1.47,1003,993,112,35,7.51,2,0,37,14.69,2,0,[N/A],[N/A],[N/A],[N/A],1,1,"%CPU COMMAND;87.9 opencode; 1.6 dcgm-exporter; 1.5 nvtop; 1.2 alloy; 1.1 loki;"
1788645589,2026-09-05T21:59:49+00:00,6099.00,41000,43625,42500,41250,41000,41500,42250,40500,44750,140.25,0.28,1744683,2.69,2.25,1.47,1003,993,112,35,7.52,2,0,37,14.47,2,0,[N/A],[N/A],[N/A],[N/A],1,1,"%CPU COMMAND; 400 ps;87.9 opencode;11.1 docker; 1.6 dcgm-exporter; 1.5 nvtop;"
1788645590,2026-09-05T21:59:50+00:00,6100.55,42250,43875,43500,42000,42500,42250,44500,42250,43500,142.88,0.72,2754721,2.69,2.25,1.47,1003,993,112,35,7.16,2,0,37,15.14,2,0,[N/A],[N/A],[N/A],[N/A],1,1,"%CPU COMMAND; 600 ps;87.9 opencode;30.5 vllm; 1.6 dcgm-exporter; 1.5 nvtop;"
1788645592,2026-09-05T21:59:52+00:00,6102.13,51000,45375,50750,49750,50750,49500,49750,49500,50250,181.41,1.18,3412254,2.69,2.25,1.47,1003,992,112,35,7.19,2,0,37,15.06,2,0,[N/A],[N/A],[N/A],[N/A],1,1,"%CPU COMMAND; 600 ps; 447 vllm;87.9 opencode; 1.6 dcgm-exporter; 1.5 nvtop;"
1788645593,2026-09-05T21:59:53+00:00,6103.70,41750,48625,44000,50750,41500,41750,45500,41000,43000,159.51,0.42,1500000,2.64,2.25,1.47,1003,992,112,35,7.41,2,0,37,13.87,2,0,[N/A],[N/A],[N/A],[N/A],1,1,"%CPU COMMAND; 300 vllm;87.9 opencode; 1.6 dcgm-exporter; 1.5 nvtop; 1.2 alloy;"
1788645595,2026-09-05T21:59:55+00:00,6105.26,41500,49625,50250,42750,43750,42750,43500,41500,42500,161.91,0.35,1500000,2.64,2.25,1.47,1003,992,112,35,7.22,2,0,37,15.04,2,0,[N/A],[N/A],[N/A],[N/A],1,1,"%CPU COMMAND; 238 vllm;87.9 opencode; 1.6 dcgm-exporter; 1.5 nvtop; 1.2 alloy;"
1788645596,2026-09-05T21:59:56+00:00,6106.82,41500,50500,51250,42750,44500,42500,42750,40000,41750,159.96,0.50,1500000,2.64,2.25,1.47,1003,992,112,35,8.18,2,0,37,14.64,2,0,[N/A],[N/A],[N/A],[N/A],1,1,"%CPU COMMAND; 205 vllm;87.9 opencode; 1.6 dcgm-exporter; 1.5 nvtop; 1.2 alloy;"
1788645598,2026-09-05T21:59:58+00:00,6108.39,41750,50625,51250,43000,41250,42750,43000,43500,43000,161.39,0.48,1500000,2.64,2.25,1.47,1003,992,112,35,7.16,2,0,37,15.27,2,0,[N/A],[N/A],[N/A],[N/A],1,1,"%CPU COMMAND; 400 ps; 185 vllm;87.9 opencode; 1.6 dcgm-exporter; 1.5 nvtop;"
1788645600,2026-09-05T22:00:00+00:00,6109.95,41500,50875,51250,42500,41500,42250,44000,41250,42500,164.38,0.92,1500000,2.59,2.24,1.48,1003,992,112,35,7.58,2,0,37,14.78,2,0,[N/A],[N/A],[N/A],[N/A],1,1,"%CPU COMMAND; 400 ps; 171 vllm;87.9 opencode; 1.6 dcgm-exporter; 1.5 nvtop;"
1788645601,2026-09-05T22:00:01+00:00,6111.53,41500,50875,50500,42750,41000,43000,42750,40500,42250,160.43,0.48,1500000,2.59,2.24,1.48,1003,992,112,35,7.52,2,0,37,15.04,2,0,[N/A],[N/A],[N/A],[N/A],1,1,"%CPU COMMAND; 400 ps; 161 vllm;87.9 opencode; 1.6 dcgm-exporter; 1.5 nvtop;"
1788645603,2026-09-05T22:00:03+00:00,6113.09,41500,50875,46250,42250,41750,41750,43250,42000,42500,153.09,0.48,1500000,2.59,2.24,1.48,1003,992,112,35,7.41,2,0,37,14.46,2,0,[N/A],[N/A],[N/A],[N/A],1,1,"%CPU COMMAND; 152 vllm;87.9 opencode; 1.6 dcgm-exporter; 1.5 nvtop; 1.2 alloy;"
1788645604,2026-09-05T22:00:04+00:00,6114.67,41250,50500,47250,42000,41000,42000,44500,41250,41750,155.43,0.52,1500000,2.54,2.24,1.48,1003,992,112,35,7.52,2,0,37,15.08,2,0,[N/A],[N/A],[N/A],[N/A],1,1,"%CPU COMMAND; 145 vllm;87.9 opencode; 1.6 dcgm-exporter; 1.5 nvtop; 1.2 alloy;"
1788645606,2026-09-05T22:00:06+00:00,6116.22,41250,50375,50500,42000,41000,42750,43250,41250,44250,150.16,0.47,1500000,2.54,2.24,1.48,1003,992,112,35,7.38,2,0,37,15.16,2,0,[N/A],[N/A],[N/A],[N/A],1,1,"%CPU COMMAND; 140 vllm;88.0 opencode; 1.6 dcgm-exporter; 1.5 nvtop; 1.2 alloy;"
1788645607,2026-09-05T22:00:07+00:00,6117.78,41750,50750,48750,42750,41500,42750,45000,41750,42250,152.51,0.48,2735197,2.54,2.24,1.48,1003,992,112,35,7.76,2,0,37,14.49,2,0,[N/A],[N/A],[N/A],[N/A],1,1,"%CPU COMMAND; 136 vllm;88.0 opencode; 1.6 dcgm-exporter; 1.5 nvtop; 1.2 alloy;"
1788645609,2026-09-05T22:00:09+00:00,6119.33,41750,50625,44250,45000,42750,43500,49750,41750,42750,174.58,0.95,3407007,2.49,2.23,1.48,1003,992,112,35,7.41,2,0,37,14.60,2,0,[N/A],[N/A],[N/A],[N/A],1,1,"%CPU COMMAND; 179 vllm;88.0 opencode; 1.6 dcgm-exporter; 1.5 nvtop; 1.2 alloy;"
1788645610,2026-09-05T22:00:10+00:00,6120.88,42500,50875,50750,42000,41250,43500,43500,41250,42750,161.77,6.66,1500000,2.49,2.23,1.48,1003,992,112,35,7.39,2,0,37,14.47,2,0,[N/A],[N/A],[N/A],[N/A],1,1,"%CPU COMMAND; 173 vllm;88.0 opencode; 1.6 dcgm-exporter; 1.5 nvtop; 1.2 alloy;"
1788645612,2026-09-05T22:00:12+00:00,6122.44,50250,50625,49250,49500,47000,48500,50000,48000,48750,158.12,3.68,3415836,2.49,2.23,1.48,1003,992,112,35,7.31,2,0,37,15.03,2,0,[N/A],[N/A],[N/A],[N/A],1,1,"%CPU COMMAND;1077 python3; 163 vllm;88.0 opencode; 1.6 dcgm-exporter; 1.5 nvtop;"
1788645614,2026-09-05T22:00:14+00:00,6124.01,42000,50500,47250,43250,42000,42500,45000,42000,42750,179.54,0.86,1500000,2.45,2.23,1.49,1003,991,112,35,7.38,2,0,37,14.52,2,0,[N/A],[N/A],[N/A],[N/A],1,1,"%CPU COMMAND; 444 python3; 400 ps; 152 vllm;88.0 opencode; 2.8 docker;"
1788645615,2026-09-05T22:00:15+00:00,6125.58,42000,50625,53000,42250,41250,41750,43750,41250,44250,162.69,0.53,1500000,2.45,2.23,1.49,1003,991,112,35,7.23,2,0,37,15.03,2,0,[N/A],[N/A],[N/A],[N/A],1,1,"%CPU COMMAND; 311 python3; 143 vllm;88.0 opencode; 1.6 dcgm-exporter; 1.5 nvtop;"
1788645617,2026-09-05T22:00:17+00:00,6127.14,41500,50750,49750,43000,42250,41750,43250,41000,42500,155.60,0.47,2734708,2.45,2.23,1.49,1003,991,112,35,7.29,2,0,37,14.30,2,0,[N/A],[N/A],[N/A],[N/A],1,1,"%CPU COMMAND; 251 python3; 134 vllm;88.0 opencode; 1.6 dcgm-exporter; 1.5 nvtop;"
1788645618,2026-09-05T22:00:18+00:00,6128.71,42000,50625,51000,43250,41750,42000,43000,43500,43000,156.57,0.50,1500000,2.50,2.24,1.49,1003,991,112,35,7.96,2,0,37,13.76,2,0,[N/A],[N/A],[N/A],[N/A],1,1,"%CPU COMMAND; 218 python3; 127 vllm;88.0 opencode; 1.6 dcgm-exporter; 1.5 nvtop;"
1788645620,2026-09-05T22:00:20+00:00,6130.27,41750,51125,47250,42750,41500,42750,43750,41250,44000,176.54,1.00,1500000,2.50,2.24,1.49,1003,991,112,35,7.42,2,0,37,14.41,2,0,[N/A],[N/A],[N/A],[N/A],1,1,"%CPU COMMAND; 400 ps; 295 python3; 120 vllm;88.0 opencode; 1.6 dcgm-exporter;"
1788645621,2026-09-05T22:00:21+00:00,6131.84,42750,50500,44000,48750,42250,42750,43500,41500,43750,167.78,0.39,1500000,2.50,2.24,1.49,1003,989,112,35,9.13,4,0,37,16.30,4,0,[N/A],[N/A],[N/A],[N/A],1,1,"%CPU COMMAND; 264 python3; 115 vllm;88.0 opencode; 1.6 dcgm-exporter; 1.5 nvtop;"
1788645623,2026-09-05T22:00:23+00:00,6133.41,42500,50875,43750,50750,42000,42250,44000,41250,43250,161.94,0.34,1500000,2.50,2.24,1.49,1003,989,112,35,11.41,4,0,37,20.85,4,0,[N/A],[N/A],[N/A],[N/A],1,1,"%CPU COMMAND; 238 python3; 108 vllm;87.9 opencode; 1.6 dcgm-exporter; 1.6 nvtop;"
1788645625,2026-09-05T22:00:25+00:00,6135.29,42500,51000,51500,47500,42750,42250,43500,40750,42000,189.22,0.41,1500000,2.46,2.24,1.50,1003,989,112,35,9.24,4,0,37,16.45,4,0,[N/A],[N/A],[N/A],[N/A],1,1,"%CPU COMMAND;1151 python3;1122 python3; 215 python3; 102 vllm;95.3 cc1;"
1788645627,2026-09-05T22:00:27+00:00,6137.18,42750,51500,45250,51250,42500,43000,44500,42750,46250,248.22,1.18,1500000,2.46,2.24,1.50,1003,988,112,35,8.70,4,0,37,16.49,4,0,[N/A],[N/A],[N/A],[N/A],1,1,"%CPU COMMAND; 200 python3;97.6 vllm;87.9 opencode; 1.6 dcgm-exporter; 1.6 nvtop;"
1788645629,2026-09-05T22:00:29+00:00,6139.09,42000,50875,45750,46500,42500,42750,43750,41500,43250,198.81,0.98,1500000,2.42,2.23,1.50,1003,989,112,35,11.04,2,0,37,19.77,2,0,[N/A],[N/A],[N/A],[N/A],1,1,"%CPU COMMAND;96.9 vllm;87.9 opencode; 1.6 dcgm-exporter; 1.6 nvtop; 1.2 alloy;"
1788645631,2026-09-05T22:00:31+00:00,6141.02,42500,50250,48750,50250,42250,43750,43750,42250,43250,202.62,0.71,1500000,2.42,2.23,1.50,1003,989,112,35,12.41,4,0,37,20.30,4,0,[N/A],[N/A],[N/A],[N/A],1,1,"%CPU COMMAND;1050 python3;1004 python3;96.8 vllm;87.9 opencode; 1.6 dcgm-exporter;"
1788645632,2026-09-05T22:00:32+00:00,6142.91,43000,51500,52000,44000,42750,51000,44750,45000,43750,248.52,1.22,1500000,2.42,2.23,1.50,1003,989,112,35,8.07,4,0,37,15.10,4,0,[N/A],[N/A],[N/A],[N/A],1,1,"%CPU COMMAND; 400 ps;96.9 vllm;87.9 opencode; 1.6 dcgm-exporter; 1.6 nvtop;"
1788645634,2026-09-05T22:00:34+00:00,6144.82,42500,53000,49000,44000,42250,43250,44500,42250,44250,209.66,0.65,1500000,2.47,2.25,1.51,1003,989,112,35,7.85,4,0,37,14.71,4,0,[N/A],[N/A],[N/A],[N/A],1,1,"%CPU COMMAND; 400 ps;97.0 vllm;87.9 opencode; 1.6 dcgm-exporter; 1.6 nvtop;"
1788645636,2026-09-05T22:00:36+00:00,6146.74,43250,53375,53000,44250,42000,43000,44750,42250,44000,210.44,0.61,1500000,2.47,2.25,1.51,1003,988,112,35,8.95,4,0,37,16.33,4,0,[N/A],[N/A],[N/A],[N/A],1,1,"%CPU COMMAND;97.1 vllm;88.0 opencode; 1.6 dcgm-exporter; 1.6 nvtop; 1.2 alloy;"
1788645638,2026-09-05T22:00:38+00:00,6148.62,42750,53500,49750,43000,42000,44000,44250,41750,44250,201.82,0.59,1500000,2.43,2.24,1.51,1003,988,112,35,9.15,4,0,37,15.07,4,0,[N/A],[N/A],[N/A],[N/A],1,1,"%CPU COMMAND;97.2 vllm;88.0 opencode; 1.6 dcgm-exporter; 1.6 nvtop; 1.2 alloy;"
1788645640,2026-09-05T22:00:40+00:00,6150.56,42500,53500,51250,43000,43000,43000,44750,44000,43750,207.13,0.56,1500000,2.43,2.24,1.51,1003,988,112,35,10.40,4,0,37,16.20,4,0,[N/A],[N/A],[N/A],[N/A],1,1,"%CPU COMMAND;97.3 vllm;88.0 opencode; 1.6 dcgm-exporter; 1.6 nvtop; 1.2 alloy;"
1788645642,2026-09-05T22:00:42+00:00,6152.46,42750,53750,49500,43750,42500,43000,44500,42000,44000,202.66,0.57,1500000,2.43,2.24,1.51,1003,988,112,35,10.67,4,0,37,16.33,4,0,[N/A],[N/A],[N/A],[N/A],1,1,"%CPU COMMAND;1449 python3;96.1 vllm;88.0 opencode; 3.0 python3; 1.6 dcgm-exporter;"
1788645644,2026-09-05T22:00:44+00:00,6154.34,45500,52875,44250,43250,42250,43500,44250,42500,44000,215.13,0.95,1500000,2.40,2.24,1.51,1003,988,112,35,10.07,4,0,37,17.12,4,0,[N/A],[N/A],[N/A],[N/A],1,1,"%CPU COMMAND; 433 python3;92.8 vllm;88.0 opencode; 1.6 dcgm-exporter; 1.6 nvtop;"
1788645646,2026-09-05T22:00:46+00:00,6156.26,42750,52375,53250,43000,42000,43250,44000,43750,43750,195.26,6.31,3415850,2.40,2.24,1.51,1003,988,112,35,9.38,4,0,37,16.61,4,0,[N/A],[N/A],[N/A],[N/A],1,1,"%CPU COMMAND; 400 ps; 289 python3;89.6 vllm;88.1 opencode; 1.6 dcgm-exporter;"
1788645648,2026-09-05T22:00:48+00:00,6158.17,42500,52250,49250,43000,43500,42750,44250,42000,43750,196.51,8.34,3415804,2.40,2.24,1.51,1003,988,112,35,9.23,4,0,37,16.23,4,0,[N/A],[N/A],[N/A],[N/A],1,1,"%CPU COMMAND; 232 python3;88.1 opencode;86.7 vllm; 1.6 dcgm-exporter; 1.6 nvtop;"
1788645650,2026-09-05T22:00:50+00:00,6160.08,43750,52125,50750,44250,42750,43750,44250,42250,44750,218.71,7.84,3394186,2.68,2.30,1.54,1003,988,112,35,9.17,4,0,37,16.28,4,0,[N/A],[N/A],[N/A],[N/A],1,1,"%CPU COMMAND; 400 ps; 307 python3;88.1 opencode;84.0 vllm; 1.6 dcgm-exporter;"
1788645652,2026-09-05T22:00:52+00:00,6161.98,42000,51500,44250,50750,44250,44500,44750,42250,43250,199.89,2.81,1500000,2.68,2.30,1.54,1003,988,112,35,9.34,4,0,37,16.05,4,0,[N/A],[N/A],[N/A],[N/A],1,1,"%CPU COMMAND;1306 python3;1230 python3;1147 python3;1097 python3; 261 VLLM::EngineCor;"
1788645654,2026-09-05T22:00:54+00:00,6163.92,43000,51875,46500,46250,44000,44000,45000,43000,44250,277.52,1.66,3393579,2.79,2.33,1.55,1003,986,112,35,8.97,4,0,37,15.25,4,0,[N/A],[N/A],[N/A],[N/A],1,1,"%CPU COMMAND; 387 python3; 369 python3; 220 VLLM::EngineCor;88.2 opencode;79.0 vllm;"
1788645655,2026-09-05T22:00:55+00:00,6165.80,42750,51625,50000,49250,42750,46000,45750,43250,44000,216.49,1.67,2734319,2.79,2.33,1.55,1003,987,112,35,8.47,4,0,37,16.57,4,0,[N/A],[N/A],[N/A],[N/A],1,1,"%CPU COMMAND; 263 python3; 252 python3; 190 VLLM::EngineCor;88.2 opencode;76.7 vllm;"
1788645657,2026-09-05T22:00:57+00:00,6167.71,43250,51750,47750,47750,43000,45000,44500,43000,44250,224.20,1.38,1500000,2.79,2.33,1.55,1003,987,112,35,8.04,4,0,37,14.97,4,0,[N/A],[N/A],[N/A],[N/A],1,1,"%CPU COMMAND; 213 python3; 205 python3; 167 VLLM::EngineCor;88.2 opencode;74.5 vllm;"
1788645659,2026-09-05T22:00:59+00:00,6169.63,42500,51875,51750,51250,43500,45500,44250,42750,43500,215.08,0.86,2727450,2.73,2.32,1.55,1003,987,112,35,9.02,4,0,37,16.36,4,0,[N/A],[N/A],[N/A],[N/A],1,1,"%CPU COMMAND; 266 python3; 225 python3; 150 VLLM::EngineCor;88.3 opencode;72.5 vllm;"
1788645661,2026-09-05T22:01:01+00:00,6171.49,43000,51750,45750,44500,43250,48250,45000,43250,44500,228.47,1.69,1500000,2.73,2.32,1.55,1003,986,112,35,10.48,4,0,37,17.62,4,0,[N/A],[N/A],[N/A],[N/A],1,1,"%CPU COMMAND; 234 python3; 201 python3; 135 VLLM::EngineCor;88.3 opencode;70.6 vllm;"
1788645663,2026-09-05T22:01:03+00:00,6173.41,49000,52375,53500,52750,43750,50250,45750,44250,50500,269.65,6.28,3365927,2.73,2.32,1.55,1003,985,112,35,10.25,4,0,37,16.66,4,0,[N/A],[N/A],[N/A],[N/A],1,1,"%CPU COMMAND; 529 python3; 502 python3; 480 python3; 344 python3; 213 python3;"
1788645665,2026-09-05T22:01:05+00:00,6175.30,43750,52250,47750,48500,44250,45250,45250,44750,44000,241.84,4.61,1500000,3.07,2.40,1.58,1003,985,112,36,28.03,704,0,38,41.83,704,0,[N/A],[N/A],[N/A],[N/A],4,4,"%CPU COMMAND; 206 VLLM::Worker_TP; 182 VLLM::Worker_TP; 175 python3; 115 VLLM::EngineCor; 100 python3;"
1788645666,2026-09-05T22:01:06+00:00,6176.80,43750,52375,52500,51250,43250,44000,46750,44000,49000,203.58,1.05,1500000,3.07,2.40,1.58,1003,983,112,36,59.42,40538,0,38,61.55,40538,2,[N/A],[N/A],[N/A],[N/A],4,4,"%CPU COMMAND; 576 python3; 195 VLLM::Worker_TP; 174 VLLM::Worker_TP; 108 VLLM::EngineCor;88.4 opencode;"
1788645668,2026-09-05T22:01:08+00:00,6178.31,44750,52625,51250,45750,44500,47500,45000,43250,45000,183.39,4.35,3390885,3.07,2.40,1.58,1003,983,112,36,56.09,40538,0,38,57.39,40538,0,[N/A],[N/A],[N/A],[N/A],4,4,"%CPU COMMAND; 400 ps; 342 python3; 298 VLLM::Worker_TP; 277 VLLM::Worker_TP; 102 VLLM::EngineCor;"
1788645669,2026-09-05T22:01:09+00:00,6179.80,45750,52500,51750,47250,46000,47000,50500,46000,47250,254.32,3.29,3268761,7.87,3.41,1.91,1003,982,112,36,61.02,40538,0,38,63.20,40538,0,[N/A],[N/A],[N/A],[N/A],4,4,"%CPU COMMAND; 690 VLLM::Worker_TP; 678 VLLM::Worker_TP; 261 python3;96.5 VLLM::EngineCor;88.4 opencode;"
1788645671,2026-09-05T22:01:11+00:00,6181.36,47000,52625,48000,51500,46500,47000,48500,46000,50000,261.60,1.79,3266221,7.87,3.41,1.91,1003,982,112,37,61.37,40538,0,39,63.21,40538,1,[N/A],[N/A],[N/A],[N/A],4,4,"%CPU COMMAND; 997 VLLM::Worker_TP; 983 VLLM::Worker_TP; 500 ps; 219 python3;91.3 VLLM::EngineCor;"
1788645673,2026-09-05T22:01:13+00:00,6182.92,48000,52500,48250,52000,48000,51000,50250,46250,47750,258.09,1.75,3268808,7.87,3.41,1.91,1003,981,112,37,61.05,40538,1,39,62.66,40538,0,[N/A],[N/A],[N/A],[N/A],4,4,"%CPU COMMAND;1239 VLLM::Worker_TP;1219 VLLM::Worker_TP; 195 python3;88.4 opencode;86.7 VLLM::EngineCor;"
1788645674,2026-09-05T22:01:14+00:00,6184.46,47250,52500,49250,47750,47000,47500,50250,47250,49000,253.95,1.70,3286263,16.45,5.26,2.52,1003,981,112,37,60.79,40538,0,39,62.52,40538,0,[N/A],[N/A],[N/A],[N/A],4,4,"%CPU COMMAND;1456 VLLM::Worker_TP;1441 VLLM::Worker_TP; 179 python3;88.4 opencode;82.5 VLLM::EngineCor;"
1788645676,2026-09-05T22:01:16+00:00,6186.05,49750,52875,56500,55750,44750,49750,50250,48750,46250,255.89,4.75,3343685,16.45,5.26,2.52,1003,980,112,37,61.32,40538,0,39,62.46,40538,1,[N/A],[N/A],[N/A],[N/A],4,4,"%CPU COMMAND;1498 VLLM::Worker_TP;1488 VLLM::Worker_TP;1152 python3;1142 python3; 202 python3;"
1788645677,2026-09-05T22:01:17+00:00,6187.57,48250,53375,49250,52750,47250,47250,53000,48500,50000,266.52,2.86,3265744,16.45,5.26,2.52,1003,980,112,37,59.03,40538,1,39,61.10,40538,1,[N/A],[N/A],[N/A],[N/A],4,4,"%CPU COMMAND;1672 VLLM::Worker_TP;1654 VLLM::Worker_TP; 195 python3;88.4 opencode;75.2 VLLM::EngineCor;"
1788645679,2026-09-05T22:01:19+00:00,6189.19,47500,53375,51750,52000,47500,48000,50750,47250,47750,273.14,1.89,3268767,24.18,7.05,3.11,1003,980,112,38,61.81,41003,0,39,63.59,40538,1,[N/A],[N/A],[N/A],[N/A],4,4,"%CPU COMMAND;1879 VLLM::Worker_TP;1863 VLLM::Worker_TP; 180 python3;88.3 opencode;71.9 VLLM::EngineCor;"
1788645680,2026-09-05T22:01:20+00:00,6190.82,47250,53000,49000,50750,47500,48750,51250,47750,50500,271.88,2.35,3257176,24.18,7.05,3.11,1003,979,112,38,61.80,41003,0,40,63.83,40538,1,[N/A],[N/A],[N/A],[N/A],4,4,"%CPU COMMAND;2015 VLLM::Worker_TP;2003 VLLM::Worker_TP; 163 python3;88.3 opencode;68.9 VLLM::EngineCor;"
1788645682,2026-09-05T22:01:22+00:00,6192.41,47250,52625,52000,48250,47750,48000,51250,47500,49750,263.65,2.27,3265425,24.18,7.05,3.11,1003,979,112,38,61.73,41003,1,40,64.35,40538,1,[N/A],[N/A],[N/A],[N/A],4,4,"%CPU COMMAND;2184 VLLM::Worker_TP;2171 VLLM::Worker_TP; 148 python3;88.3 opencode;66.2 VLLM::EngineCor;"
1788645684,2026-09-05T22:01:24+00:00,6194.02,45250,52375,46250,47750,44750,45500,47750,44250,46250,221.57,1.74,2714451,22.48,6.98,3.11,1003,979,112,38,59.19,41003,0,40,60.20,40538,1,[N/A],[N/A],[N/A],[N/A],4,4,"%CPU COMMAND;2108 VLLM::Worker_TP;2084 VLLM::Worker_TP; 137 python3;88.3 opencode;63.8 VLLM::EngineCor;"
1788645685,2026-09-05T22:01:25+00:00,6195.51,46500,51875,52500,48250,50250,49000,48750,47000,48250,211.56,1.53,3268734,22.48,6.98,3.11,1003,978,112,38,58.72,41003,0,40,61.41,40538,0,[N/A],[N/A],[N/A],[N/A],4,4,"%CPU COMMAND;2212 VLLM::Worker_TP;2178 VLLM::Worker_TP; 127 python3;88.3 opencode;61.5 VLLM::EngineCor;"
1788645687,2026-09-05T22:01:27+00:00,6197.11,47750,51750,48750,48750,51500,47750,49500,47750,48000,272.84,2.64,3268814,22.48,6.98,3.11,1003,978,112,38,62.65,41003,0,40,65.20,40538,1,[N/A],[N/A],[N/A],[N/A],4,4,"%CPU COMMAND;2296 VLLM::Worker_TP;2266 VLLM::Worker_TP; 118 python3;88.3 opencode;59.3 VLLM::EngineCor;"
1788645688,2026-09-05T22:01:28+00:00,6198.66,47500,51625,49000,48500,49000,51500,49250,48250,51000,247.77,1.66,3282344,29.73,8.74,3.70,1003,977,112,39,62.12,41003,0,40,63.97,40538,0,[N/A],[N/A],[N/A],[N/A],4,4,"%CPU COMMAND;2422 VLLM::Worker_TP;2389 VLLM::Worker_TP; 111 python3;88.2 opencode;57.3 VLLM::EngineCor;"
1788645690,2026-09-05T22:01:30+00:00,6200.26,49250,51625,49000,50500,50000,48000,49750,48000,50500,270.05,1.96,3254599,29.73,8.74,3.70,1003,977,112,39,62.30,41003,1,41,64.69,40538,1,[N/A],[N/A],[N/A],[N/A],4,4,"%CPU COMMAND;2532 VLLM::Worker_TP;2500 VLLM::Worker_TP; 104 python3;88.2 opencode;55.4 VLLM::EngineCor;"
1788645691,2026-09-05T22:01:31+00:00,6201.86,45750,51375,47250,46750,44750,46000,46750,45250,46500,223.74,1.32,1497172,29.73,8.74,3.70,1003,977,112,39,59.68,41003,1,41,59.35,40538,0,[N/A],[N/A],[N/A],[N/A],4,4,"%CPU COMMAND;2461 VLLM::Worker_TP;2437 VLLM::Worker_TP; 400 ps;99.2 python3;88.2 opencode;"
1788645693,2026-09-05T22:01:33+00:00,6203.35,49000,51250,49000,49000,47250,48250,49000,47250,48250,208.67,1.16,3293650,29.73,8.74,3.70,1003,976,112,39,59.98,41003,0,41,62.20,40538,0,[N/A],[N/A],[N/A],[N/A],4,4,"%CPU COMMAND;2522 VLLM::Worker_TP;2500 VLLM::Worker_TP;94.1 python3;88.2 opencode;52.0 VLLM::EngineCor;"
1788645695,2026-09-05T22:01:35+00:00,6204.95,49250,51500,49750,48750,48000,50500,49750,48500,48250,270.00,1.98,3266222,36.40,10.47,4.29,1003,976,112,39,62.61,41003,1,41,64.20,40538,1,[N/A],[N/A],[N/A],[N/A],4,4,"%CPU COMMAND;2616 VLLM::Worker_TP;2597 VLLM::Worker_TP;89.6 python3;88.2 opencode;50.5 VLLM::EngineCor;"
1788645696,2026-09-05T22:01:36+00:00,6206.53,48500,51750,52250,49250,49250,49500,50250,48250,49000,268.92,2.06,3245365,36.40,10.47,4.29,1003,976,112,39,62.41,41003,1,41,65.36,40538,0,[N/A],[N/A],[N/A],[N/A],4,4,"%CPU COMMAND;2706 VLLM::Worker_TP;2687 VLLM::Worker_TP;88.2 opencode;85.4 python3;49.0 VLLM::EngineCor;"
1788645698,2026-09-05T22:01:38+00:00,6208.13,48250,51875,50000,51000,48750,49750,50000,48750,49500,272.11,2.11,3268786,36.40,10.47,4.29,1003,975,112,39,62.88,41003,0,41,64.97,40538,0,[N/A],[N/A],[N/A],[N/A],4,4,"%CPU COMMAND;2791 VLLM::Worker_TP;2769 VLLM::Worker_TP;88.2 opencode;81.7 python3;47.6 VLLM::EngineCor;"
1788645699,2026-09-05T22:01:39+00:00,6209.70,46250,51625,47250,47000,45750,46500,48000,47500,46750,214.57,1.19,1500000,42.61,12.19,4.88,1003,975,112,39,58.30,41003,0,41,61.16,40538,0,[N/A],[N/A],[N/A],[N/A],4,4,"%CPU COMMAND;2710 VLLM::Worker_TP;2692 VLLM::Worker_TP;88.2 opencode;78.4 python3;46.4 VLLM::EngineCor;"
1788645701,2026-09-05T22:01:41+00:00,6211.20,45000,50875,46250,45500,44750,45250,47000,44500,46250,155.32,0.33,1500000,42.61,12.19,4.88,1003,975,112,40,57.95,41003,0,42,57.96,40538,0,[N/A],[N/A],[N/A],[N/A],4,4,"%CPU COMMAND;2628 VLLM::Worker_TP;2610 VLLM::Worker_TP;88.2 opencode;75.5 python3;45.6 vllm;"
1788645702,2026-09-05T22:01:42+00:00,6212.69,46750,50375,48500,47750,50000,46500,47500,45000,47750,177.15,0.66,1500000,42.61,12.19,4.88,1003,974,112,40,60.45,41003,0,42,57.80,40538,0,[N/A],[N/A],[N/A],[N/A],4,4,"%CPU COMMAND;2625 VLLM::Worker_TP;2552 VLLM::Worker_TP;88.2 opencode;72.9 python3;45.0 vllm;"
1788645704,2026-09-05T22:01:44+00:00,6214.17,47250,51000,50250,51500,48250,48000,50000,47250,50500,248.97,1.97,3268792,48.57,13.93,5.48,1003,974,112,40,62.64,41003,0,42,61.65,40538,0,[N/A],[N/A],[N/A],[N/A],4,4,"%CPU COMMAND;2702 VLLM::Worker_TP;2622 VLLM::Worker_TP; 600 ps;88.2 opencode;70.1 python3;"
1788645705,2026-09-05T22:01:45+00:00,6215.81,51000,51625,51250,48750,48500,47750,49750,48250,49000,276.87,2.83,3254600,48.57,13.93,5.48,1003,974,112,40,62.31,41003,0,42,65.19,40538,0,[N/A],[N/A],[N/A],[N/A],4,4,"%CPU COMMAND;2772 VLLM::Worker_TP;2697 VLLM::Worker_TP;88.2 opencode;67.6 python3;43.8 vllm;"
1788645707,2026-09-05T22:01:47+00:00,6217.39,48500,51875,51750,49000,48250,51000,50250,48250,49750,267.50,2.31,3268751,48.57,13.93,5.48,1003,974,112,40,63.06,41003,1,42,65.25,40538,0,[N/A],[N/A],[N/A],[N/A],4,4,"%CPU COMMAND;2840 VLLM::Worker_TP;2766 VLLM::Worker_TP;88.2 opencode;65.3 python3;43.2 vllm;"
1788645709,2026-09-05T22:01:49+00:00,6218.95,45750,51875,47500,47500,46000,46750,48750,47500,47250,237.09,1.90,1500000,49.41,14.68,5.77,1003,973,112,40,59.16,41003,0,42,67.55,40538,1,[N/A],[N/A],[N/A],[N/A],4,4,"%CPU COMMAND;2766 VLLM::Worker_TP;2764 VLLM::Worker_TP;88.2 opencode;63.4 python3;42.7 vllm;"
1788645710,2026-09-05T22:01:50+00:00,6220.43,45500,51125,46250,45750,44500,45500,46500,45750,46250,154.67,0.41,1497140,49.41,14.68,5.77,1003,973,112,40,58.47,41003,0,42,57.81,40538,0,[N/A],[N/A],[N/A],[N/A],4,4,"%CPU COMMAND;2710 VLLM::Worker_TP;2709 VLLM::Worker_TP;88.2 opencode;61.5 python3;42.1 vllm;"
1788645712,2026-09-05T22:01:52+00:00,6221.92,48000,51375,49500,48750,48000,49000,50000,48000,48250,240.50,1.84,3268792,49.41,14.68,5.77,1003,973,112,41,62.42,41003,0,43,64.93,40538,1,[N/A],[N/A],[N/A],[N/A],4,4,"%CPU COMMAND;2776 VLLM::Worker_TP;2773 VLLM::Worker_TP;88.1 opencode;59.7 python3;41.6 vllm;"
1788645713,2026-09-05T22:01:53+00:00,6223.51,48500,51625,49000,50000,50500,48750,50000,48750,48750,270.10,2.07,3268800,49.41,14.68,5.77,1003,973,112,41,63.40,41003,0,43,65.37,40538,1,[N/A],[N/A],[N/A],[N/A],4,4,"%CPU COMMAND;2838 VLLM::Worker_TP;2835 VLLM::Worker_TP;88.1 opencode;57.9 python3;41.1 vllm;"
1788645715,2026-09-05T22:01:55+00:00,6225.11,49000,51875,50000,51250,50250,48750,49500,48250,49000,269.67,1.95,3268803,54.74,16.36,6.36,1003,972,112,41,63.31,41003,0,43,65.23,40538,1,[N/A],[N/A],[N/A],[N/A],4,4,"%CPU COMMAND;2898 VLLM::Worker_TP;2895 VLLM::Worker_TP;88.1 opencode;56.3 python3;40.5 vllm;"
1788645716,2026-09-05T22:01:56+00:00,6226.71,48000,52125,48750,48250,51000,47750,48500,47250,48000,266.70,1.89,1500000,54.74,16.36,6.36,1003,972,112,41,63.11,41003,0,43,66.46,40538,1,[N/A],[N/A],[N/A],[N/A],4,4,"%CPU COMMAND;2908 VLLM::Worker_TP;2904 VLLM::Worker_TP;88.1 opencode;54.8 python3;40.0 vllm;"
1788645718,2026-09-05T22:01:58+00:00,6228.19,46500,51500,47500,47250,50250,46500,48500,46500,49000,162.40,0.41,2724909,54.74,16.36,6.36,1003,972,112,41,58.72,41003,1,43,58.43,40538,0,[N/A],[N/A],[N/A],[N/A],4,4,"%CPU COMMAND;2878 VLLM::Worker_TP;2844 VLLM::Worker_TP; 400 ps;88.1 opencode;53.4 python3;"
1788645719,2026-09-05T22:01:59+00:00,6229.67,48500,52000,49500,52250,51500,48250,50000,48000,52000,249.04,1.87,3268801,55.00,17.06,6.64,1003,972,112,41,63.27,41003,0,43,63.56,40538,1,[N/A],[N/A],[N/A],[N/A],4,4,"%CPU COMMAND;2932 VLLM::Worker_TP;2895 VLLM::Worker_TP; 600 ps;88.0 opencode;52.0 python3;"
1788645721,2026-09-05T22:02:01+00:00,6231.28,48750,52375,53250,49250,48750,48500,51250,47750,48750,272.93,2.07,3268834,55.00,17.06,6.64,1003,971,112,41,63.15,41003,1,43,66.42,40538,0,[N/A],[N/A],[N/A],[N/A],4,4,"%CPU COMMAND;2981 VLLM::Worker_TP;2948 VLLM::Worker_TP;88.0 opencode;50.7 python3;38.6 vllm;"
1788645722,2026-09-05T22:02:02+00:00,6232.85,49250,52750,50000,50750,48750,49250,51000,48500,50750,265.72,1.88,3268729,55.00,17.06,6.64,1003,971,112,41,63.75,41003,1,43,66.04,40538,1,[N/A],[N/A],[N/A],[N/A],4,4,"%CPU COMMAND;3030 VLLM::Worker_TP;2996 VLLM::Worker_TP;88.0 opencode;49.5 python3;38.2 vllm;"
1788645724,2026-09-05T22:02:04+00:00,6234.40,48750,52875,51250,52000,48500,49000,50500,49000,51250,255.07,2.69,3293740,60.37,18.80,7.26,1003,971,112,41,62.74,41003,0,44,65.79,40538,1,[N/A],[N/A],[N/A],[N/A],4,4,"%CPU COMMAND;3059 VLLM::Worker_TP;3039 VLLM::Worker_TP;88.0 opencode;48.3 python3;37.7 vllm;"
1788645726,2026-09-05T22:02:06+00:00,6235.99,50250,53000,52250,52250,49750,49250,50500,48500,51250,268.51,2.05,3266240,60.37,18.80,7.26,1003,971,112,42,63.48,41003,1,44,65.82,40538,1,[N/A],[N/A],[N/A],[N/A],4,4,"%CPU COMMAND;3104 VLLM::Worker_TP;3085 VLLM::Worker_TP;88.0 opencode;47.3 python3;37.3 vllm;"
1788645727,2026-09-05T22:02:07+00:00,6237.56,48750,53000,53250,49500,48750,49250,51250,49000,50500,254.30,1.84,3293705,60.37,18.80,7.26,1003,970,112,42,62.92,41003,0,44,63.93,40538,0,[N/A],[N/A],[N/A],[N/A],4,4,"%CPU COMMAND;3129 VLLM::Worker_TP;3113 VLLM::Worker_TP; 500 ps;87.9 opencode;46.2 python3;"
1788645729,2026-09-05T22:02:09+00:00,6239.12,48500,53125,50000,53000,48000,49250,50250,47500,48750,261.75,1.98,3293795,64.58,20.36,7.83,1003,970,112,42,63.64,41003,0,44,66.15,40538,1,[N/A],[N/A],[N/A],[N/A],4,4,"%CPU COMMAND;3145 VLLM::Worker_TP;3127 VLLM::Worker_TP;87.9 opencode;45.3 python3;36.5 vllm;"
1788645730,2026-09-05T22:02:10+00:00,6240.63,49750,53125,52500,49750,51500,49250,51000,49000,51000,244.15,1.80,3268732,64.58,20.36,7.83,1003,970,112,42,62.66,41003,1,44,64.49,40538,1,[N/A],[N/A],[N/A],[N/A],4,4,"%CPU COMMAND;3170 VLLM::Worker_TP;3151 VLLM::Worker_TP;87.9 opencode;44.4 python3;36.1 vllm;"
1788645732,2026-09-05T22:02:12+00:00,6242.16,46500,52625,47500,46750,45250,47000,47500,47500,47250,182.97,0.64,1500000,64.58,20.36,7.83,1003,969,112,42,60.81,41003,0,44,59.07,40538,0,[N/A],[N/A],[N/A],[N/A],4,4,"%CPU COMMAND;3112 VLLM::Worker_TP;3094 VLLM::Worker_TP;87.9 opencode;43.6 python3;35.7 vllm;"
1788645733,2026-09-05T22:02:13+00:00,6243.65,46000,51875,47000,46250,45000,45750,47750,46500,46750,166.59,0.46,1489025,59.89,20.12,7.82,1003,969,112,42,59.76,41003,0,44,58.64,40538,0,[N/A],[N/A],[N/A],[N/A],4,4,"%CPU COMMAND;3068 VLLM::Worker_TP;3050 VLLM::Worker_TP;87.9 opencode;42.9 python3;35.3 vllm;"
1788645735,2026-09-05T22:02:15+00:00,6245.16,48250,52000,52500,51500,48000,50250,51000,48250,49750,245.03,2.02,3268783,59.89,20.12,7.82,1003,969,112,42,63.33,41003,1,44,64.18,40538,0,[N/A],[N/A],[N/A],[N/A],4,4,"%CPU COMMAND;3104 VLLM::Worker_TP;3088 VLLM::Worker_TP;87.9 opencode;42.1 python3;34.9 vllm;"
1788645736,2026-09-05T22:02:16+00:00,6246.72,51500,52500,51750,52500,50250,53000,50000,49000,49250,238.06,1.43,3318704,59.89,20.12,7.82,1003,969,112,42,61.57,41003,0,44,61.01,40538,0,[N/A],[N/A],[N/A],[N/A],4,4,"%CPU COMMAND;3109 VLLM::Worker_TP;3089 VLLM::Worker_TP;87.9 opencode;41.3 python3;34.5 vllm;"
1788645738,2026-09-05T22:02:18+00:00,6248.34,50250,52750,53000,51750,49250,49000,50500,48500,50500,272.93,1.99,3268733,59.89,20.12,7.82,1003,968,112,42,63.80,41003,1,44,65.88,40538,1,[N/A],[N/A],[N/A],[N/A],4,4,"%CPU COMMAND;3147 VLLM::Worker_TP;3126 VLLM::Worker_TP;87.9 opencode;40.5 python3;34.2 vllm;"
1788645740,2026-09-05T22:02:20+00:00,6249.93,49000,53000,53500,50750,54250,48750,50750,48500,52000,270.88,1.88,3268778,64.22,21.68,8.39,1003,968,112,42,64.24,41003,1,45,65.70,40538,1,[N/A],[N/A],[N/A],[N/A],4,4,"%CPU COMMAND;3183 VLLM::Worker_TP;3163 VLLM::Worker_TP;87.9 opencode;39.9 python3;33.8 vllm;"
1788645741,2026-09-05T22:02:21+00:00,6251.50,49000,53125,52500,53750,50250,51250,50500,49250,50000,268.13,1.95,3268758,64.22,21.68,8.39,1003,968,112,43,64.01,41003,1,45,65.79,40538,1,[N/A],[N/A],[N/A],[N/A],4,4,"%CPU COMMAND;3215 VLLM::Worker_TP;3197 VLLM::Worker_TP;87.9 opencode;39.2 python3;33.5 vllm;"
1788645743,2026-09-05T22:02:23+00:00,6253.07,47500,53250,49000,48000,47500,47750,50000,47000,50250,256.33,1.80,1500000,64.22,21.68,8.39,1003,967,112,43,63.73,41003,1,45,65.89,40538,0,[N/A],[N/A],[N/A],[N/A],4,4,"%CPU COMMAND;3210 VLLM::Worker_TP;3189 VLLM::Worker_TP; 400 ps;87.9 opencode;38.6 python3;"
1788645744,2026-09-05T22:02:24+00:00,6254.56,46250,52500,48000,47250,46000,46500,48500,46000,47000,169.36,0.46,1500000,59.32,21.37,8.36,1003,967,112,43,60.45,41003,0,45,58.48,40538,0,[N/A],[N/A],[N/A],[N/A],4,4,"%CPU COMMAND;3158 VLLM::Worker_TP;3137 VLLM::Worker_TP;88.0 opencode;38.0 python3;32.8 vllm;"
1788645746,2026-09-05T22:02:26+00:00,6256.06,48000,52250,54000,49500,49500,49000,51000,48000,49750,197.54,1.23,3318576,59.32,21.37,8.36,1003,967,112,43,61.01,41003,0,45,60.24,40538,0,[N/A],[N/A],[N/A],[N/A],4,4,"%CPU COMMAND;3160 VLLM::Worker_TP;3143 VLLM::Worker_TP;88.0 opencode;37.5 python3;32.5 vllm;"
1788645747,2026-09-05T22:02:27+00:00,6257.65,49000,52500,50250,51750,50000,49750,52500,48250,50250,273.27,2.29,3268800,59.32,21.37,8.36,1003,966,112,43,63.97,41003,0,45,66.33,40538,1,[N/A],[N/A],[N/A],[N/A],4,4,"%CPU COMMAND;3192 VLLM::Worker_TP;3177 VLLM::Worker_TP; 500 ps;88.0 opencode;36.9 python3;"
1788645749,2026-09-05T22:02:29+00:00,6259.27,49250,52750,51500,53000,50750,50750,50750,49250,50250,276.02,1.94,3268765,63.78,22.93,8.93,1003,966,112,43,63.91,41003,1,45,65.89,40538,0,[N/A],[N/A],[N/A],[N/A],4,4,"%CPU COMMAND;3222 VLLM::Worker_TP;3209 VLLM::Worker_TP;88.0 opencode;36.3 python3;31.8 vllm;"
1788645750,2026-09-05T22:02:30+00:00,6260.86,49250,52875,51000,50000,53750,49750,51250,49750,50250,268.72,2.18,3268818,63.78,22.93,8.93,1003,966,112,43,64.04,41003,0,45,66.10,40538,1,[N/A],[N/A],[N/A],[N/A],4,4,"%CPU COMMAND;3252 VLLM::Worker_TP;3241 VLLM::Worker_TP; 500 ps;88.0 opencode;35.8 python3;"
1788645752,2026-09-05T22:02:32+00:00,6262.44,46500,52750,48250,47750,46250,47000,49250,47000,48250,232.10,1.70,3393613,63.78,22.93,8.93,1003,965,112,43,63.18,41003,0,45,61.32,40538,0,[N/A],[N/A],[N/A],[N/A],4,4,"%CPU COMMAND;3226 VLLM::Worker_TP;3210 VLLM::Worker_TP; 400 ps;88.0 opencode;35.3 python3;"
1788645754,2026-09-05T22:02:34+00:00,6263.94,45750,52000,46750,48000,45250,46750,47750,46000,46750,160.99,0.44,1500000,58.91,22.59,8.90,1003,965,112,43,60.57,41003,0,45,58.53,40538,0,[N/A],[N/A],[N/A],[N/A],4,4,"%CPU COMMAND;3179 VLLM::Worker_TP;3164 VLLM::Worker_TP; 400 ps;88.0 opencode;34.9 python3;"
1788645755,2026-09-05T22:02:35+00:00,6265.42,46000,51250,46750,46000,44750,45250,47250,45000,47500,155.72,0.29,1500000,58.91,22.59,8.90,1003,965,112,43,60.58,41003,0,45,58.45,40538,0,[N/A],[N/A],[N/A],[N/A],4,4,"%CPU COMMAND;3134 VLLM::Worker_TP;3118 VLLM::Worker_TP;88.0 opencode;34.4 python3;30.7 vllm;"
1788645757,2026-09-05T22:02:37+00:00,6266.92,48750,51375,51000,48750,48000,48000,49250,49000,48750,200.40,1.11,3293777,58.91,22.59,8.90,1003,965,112,43,62.33,41003,0,46,60.88,40538,0,[N/A],[N/A],[N/A],[N/A],4,4,"%CPU COMMAND;3147 VLLM::Worker_TP;3120 VLLM::Worker_TP; 500 ps;88.0 opencode;33.9 python3;"
1788645758,2026-09-05T22:02:38+00:00,6268.47,49500,52125,52250,51250,48500,49000,50750,50000,49250,262.76,2.05,3266183,58.91,22.59,8.90,1003,964,112,43,63.78,41003,0,46,66.74,40538,1,[N/A],[N/A],[N/A],[N/A],4,4,"%CPU COMMAND;3176 VLLM::Worker_TP;3148 VLLM::Worker_TP;87.9 opencode;33.5 python3;30.1 vllm;"
1788645760,2026-09-05T22:02:40+00:00,6270.05,49000,52625,50750,51750,48500,50500,50750,50000,51250,266.90,1.88,3268771,63.24,24.10,9.46,1003,964,112,44,64.49,41003,0,46,66.44,40538,1,[N/A],[N/A],[N/A],[N/A],4,4,"%CPU COMMAND;3204 VLLM::Worker_TP;3177 VLLM::Worker_TP;87.9 opencode;33.1 python3;29.8 vllm;"
1788645761,2026-09-05T22:02:41+00:00,6271.62,49000,53000,52750,50000,49000,49500,51250,49000,51500,265.18,1.99,3268776,63.24,24.10,9.46,1003,964,112,44,64.56,41003,0,46,66.78,40538,1,[N/A],[N/A],[N/A],[N/A],4,4,"%CPU COMMAND;3232 VLLM::Worker_TP;3203 VLLM::Worker_TP;87.9 opencode;32.6 python3;29.5 vllm;"
1788645763,2026-09-05T22:02:43+00:00,6273.18,47750,53125,48000,48250,46750,47500,48250,46750,48250,245.44,1.54,1494681,63.24,24.10,9.46,1003,964,112,44,63.10,41003,0,46,67.27,40538,1,[N/A],[N/A],[N/A],[N/A],4,4,"%CPU COMMAND;3218 VLLM::Worker_TP;3192 VLLM::Worker_TP;87.9 opencode;32.2 python3;29.3 vllm;"
1788645764,2026-09-05T22:02:44+00:00,6274.66,46250,52250,47500,46750,45250,49250,48250,46750,47750,151.35,0.29,2054517,58.58,23.78,9.44,1003,963,112,44,60.97,41003,0,46,59.24,40538,0,[N/A],[N/A],[N/A],[N/A],4,4,"%CPU COMMAND;3181 VLLM::Worker_TP;3155 VLLM::Worker_TP;87.9 opencode;31.8 python3;29.0 vllm;"
1788645766,2026-09-05T22:02:46+00:00,6276.18,49000,52500,51250,50000,49000,49000,51250,48750,49500,240.49,1.86,3268821,58.58,23.78,9.44,1003,963,112,44,64.36,41003,0,46,64.93,40538,0,[N/A],[N/A],[N/A],[N/A],4,4,"%CPU COMMAND;3208 VLLM::Worker_TP;3180 VLLM::Worker_TP;87.9 opencode;31.4 python3;28.8 vllm;"
1788645767,2026-09-05T22:02:47+00:00,6277.77,49000,52750,50750,50250,49500,49250,51750,49500,50250,268.12,2.04,3268765,58.58,23.78,9.44,1003,963,112,44,64.44,41003,1,46,66.62,40538,1,[N/A],[N/A],[N/A],[N/A],4,4,"%CPU COMMAND;3230 VLLM::Worker_TP;3207 VLLM::Worker_TP;87.9 opencode;31.0 python3;28.5 vllm;"
1788645769,2026-09-05T22:02:49+00:00,6279.34,49750,53250,54000,50000,49500,50250,51250,51500,50500,269.47,1.99,3252335,63.10,25.29,10.00,1003,962,112,44,64.41,41003,0,46,66.25,40538,0,[N/A],[N/A],[N/A],[N/A],4,4,"%CPU COMMAND;3254 VLLM::Worker_TP;3231 VLLM::Worker_TP;87.9 opencode;30.7 python3;28.3 vllm;"
1788645770,2026-09-05T22:02:50+00:00,6280.89,49500,53375,54250,53000,49250,49750,51000,49250,51750,262.36,2.19,3266263,63.10,25.29,10.00,1003,962,112,44,64.38,41003,0,47,66.15,40538,0,[N/A],[N/A],[N/A],[N/A],4,4,"%CPU COMMAND;3278 VLLM::Worker_TP;3256 VLLM::Worker_TP;87.9 opencode;30.3 python3;28.0 vllm;"
1788645772,2026-09-05T22:02:52+00:00,6282.47,47250,53125,48500,48250,47000,47250,50750,47000,48250,222.68,1.36,3390622,63.10,25.29,10.00,1003,962,112,44,63.36,41003,0,46,61.19,40538,0,[N/A],[N/A],[N/A],[N/A],4,4,"%CPU COMMAND;3262 VLLM::Worker_TP;3221 VLLM::Worker_TP;87.9 opencode;30.0 python3;27.8 vllm;"
1788645774,2026-09-05T22:02:54+00:00,6283.95,49250,53375,53500,50500,51250,52750,51000,49250,49750,238.08,2.09,3270489,63.41,25.99,10.31,1003,962,112,44,65.38,41003,1,47,63.50,40538,1,[N/A],[N/A],[N/A],[N/A],4,4,"%CPU COMMAND;3285 VLLM::Worker_TP;3231 VLLM::Worker_TP;87.9 opencode;29.6 python3;27.6 vllm;"
1788645775,2026-09-05T22:02:55+00:00,6285.52,49500,53375,53500,50250,49750,50250,51000,49500,51000,264.17,2.11,3268778,63.41,25.99,10.31,1003,961,112,44,64.41,41003,0,47,66.71,40538,0,[N/A],[N/A],[N/A],[N/A],4,4,"%CPU COMMAND;3305 VLLM::Worker_TP;3254 VLLM::Worker_TP;87.9 opencode;29.3 python3;27.3 vllm;"
1788645777,2026-09-05T22:02:57+00:00,6287.08,49250,53500,54250,51500,52250,51250,51250,49750,50000,266.14,2.24,3268807,63.41,25.99,10.31,1003,961,112,44,64.04,41003,0,47,66.53,40538,1,[N/A],[N/A],[N/A],[N/A],4,4,"%CPU COMMAND;3325 VLLM::Worker_TP;3278 VLLM::Worker_TP;87.9 opencode;29.0 python3;27.1 vllm;"
1788645778,2026-09-05T22:02:58+00:00,6288.65,51250,53750,52250,53750,50000,52750,51250,50000,51000,265.58,2.01,3266165,67.38,27.43,10.86,1003,961,112,45,64.47,41003,0,47,66.56,40538,1,[N/A],[N/A],[N/A],[N/A],4,4,"%CPU COMMAND;3345 VLLM::Worker_TP;3299 VLLM::Worker_TP; 500 ps;87.9 opencode;28.7 python3;"
1788645780,2026-09-05T22:03:00+00:00,6290.21,49500,53750,53500,53000,52000,52250,50500,49500,50000,263.88,1.99,3268790,67.38,27.43,10.86,1003,960,112,45,64.34,41003,0,47,66.64,40538,1,[N/A],[N/A],[N/A],[N/A],4,4,"%CPU COMMAND;3364 VLLM::Worker_TP;3320 VLLM::Worker_TP; 500 ps;87.9 opencode;28.4 python3;"
1788645781,2026-09-05T22:03:01+00:00,6291.77,49250,53750,53000,52500,52500,50750,51250,50250,50500,264.65,2.11,3268792,67.38,27.43,10.86,1003,960,112,45,64.47,41003,0,47,67.12,40538,1,[N/A],[N/A],[N/A],[N/A],4,4,"%CPU COMMAND;3384 VLLM::Worker_TP;3342 VLLM::Worker_TP;87.9 opencode;28.1 python3;26.4 vllm;"
1788645783,2026-09-05T22:03:03+00:00,6293.33,49500,53500,50500,53500,50250,50250,50500,49500,50000,225.00,1.27,3343656,67.38,27.43,10.86,1003,960,112,45,62.25,41003,1,47,61.27,40538,0,[N/A],[N/A],[N/A],[N/A],4,4,"%CPU COMMAND;3374 VLLM::Worker_TP;3333 VLLM::Worker_TP; 600 ps;87.9 opencode;27.8 python3;"
1788645784,2026-09-05T22:03:04+00:00,6294.89,49750,53625,52500,50750,49750,50000,51250,49250,51250,267.08,2.09,3268740,71.03,28.85,11.41,1003,960,112,45,64.56,41003,1,47,67.18,40538,0,[N/A],[N/A],[N/A],[N/A],4,4,"%CPU COMMAND;3395 VLLM::Worker_TP;3354 VLLM::Worker_TP;87.9 opencode;27.5 python3;26.0 vllm;"
1788645786,2026-09-05T22:03:06+00:00,6296.49,52000,54250,50750,53250,51250,52250,51500,49750,51000,272.18,3.26,3266237,71.03,28.85,11.41,1003,959,112,45,64.75,41003,0,47,67.10,40538,1,[N/A],[N/A],[N/A],[N/A],4,4,"%CPU COMMAND;3414 VLLM::Worker_TP;3374 VLLM::Worker_TP; 500 ps;87.9 opencode;27.3 python3;"
1788645788,2026-09-05T22:03:08+00:00,6298.08,50750,54125,52000,53250,50250,50000,51000,49750,52000,269.53,2.14,3268823,71.03,28.85,11.41,1003,959,112,45,64.52,41003,0,47,66.77,40538,0,[N/A],[N/A],[N/A],[N/A],4,4,"%CPU COMMAND;3433 VLLM::Worker_TP;3393 VLLM::Worker_TP;87.9 opencode;27.0 python3;25.6 vllm;"
1788645789,2026-09-05T22:03:09+00:00,6299.66,49500,54250,53000,54250,50250,53250,52000,50750,51000,268.98,2.63,3268821,74.80,30.33,11.98,1003,959,112,45,64.47,41003,0,48,66.87,40538,1,[N/A],[N/A],[N/A],[N/A],4,4,"%CPU COMMAND;3440 VLLM::Worker_TP;3398 VLLM::Worker_TP;87.9 opencode;26.7 python3;25.4 vllm;"
1788645791,2026-09-05T22:03:11+00:00,6301.17,50750,54375,52250,52250,50250,53500,51500,50250,50500,244.37,1.64,3266164,74.80,30.33,11.98,1003,958,112,45,64.72,41003,1,48,65.13,40538,1,[N/A],[N/A],[N/A],[N/A],4,4,"%CPU COMMAND;3458 VLLM::Worker_TP;3417 VLLM::Worker_TP;87.9 opencode;26.5 python3;25.2 vllm;"
1788645792,2026-09-05T22:03:12+00:00,6302.73,50000,54250,54000,52000,50000,50500,51500,50000,51000,265.40,1.87,3268710,74.80,30.33,11.98,1003,958,112,45,64.67,41003,1,48,67.14,40538,1,[N/A],[N/A],[N/A],[N/A],4,4,"%CPU COMMAND;3473 VLLM::Worker_TP;3435 VLLM::Worker_TP;87.9 opencode;26.3 python3;25.0 vllm;"
1788645794,2026-09-05T22:03:14+00:00,6304.30,50000,54375,51500,53250,50250,50500,51750,50000,53250,269.05,2.18,3264509,78.50,31.84,12.57,1003,958,112,45,65.22,41003,1,48,67.24,40538,0,[N/A],[N/A],[N/A],[N/A],4,4,"%CPU COMMAND;3491 VLLM::Worker_TP;3453 VLLM::Worker_TP;87.9 opencode;26.0 python3;24.8 vllm;"
1788645795,2026-09-05T22:03:15+00:00,6305.88,52250,54375,51000,54500,50500,51000,51750,50250,51250,269.52,1.85,3266248,78.50,31.84,12.57,1003,957,112,46,65.03,41003,1,48,67.67,40538,0,[N/A],[N/A],[N/A],[N/A],4,4,"%CPU COMMAND;3509 VLLM::Worker_TP;3472 VLLM::Worker_TP;87.9 opencode;25.8 python3;24.6 vllm;"
1788645797,2026-09-05T22:03:17+00:00,6307.42,50250,54375,54250,53750,50250,54000,51750,50000,51000,265.05,2.21,3247003,78.50,31.84,12.57,1003,957,112,46,64.82,41003,1,48,67.44,40538,1,[N/A],[N/A],[N/A],[N/A],4,4,"%CPU COMMAND;3527 VLLM::Worker_TP;3491 VLLM::Worker_TP;88.0 opencode;25.6 python3;24.4 vllm;"
1788645799,2026-09-05T22:03:19+00:00,6309.00,48000,54250,49000,49250,47250,49500,49750,49250,49500,243.97,1.83,3369207,77.41,32.39,12.85,1003,957,112,46,64.94,41003,0,48,64.72,40538,1,[N/A],[N/A],[N/A],[N/A],4,4,"%CPU COMMAND;3512 VLLM::Worker_TP;3470 VLLM::Worker_TP;88.0 opencode;25.4 python3;24.3 vllm;"
1788645800,2026-09-05T22:03:20+00:00,6310.49,47000,53625,48500,49500,47000,48500,49000,46750,47750,165.51,0.58,1497407,77.41,32.39,12.85,1003,956,112,46,62.04,41003,0,48,60.50,40538,0,[N/A],[N/A],[N/A],[N/A],4,4,"%CPU COMMAND;3476 VLLM::Worker_TP;3435 VLLM::Worker_TP;88.0 opencode;25.2 python3;24.1 vllm;"
1788645802,2026-09-05T22:03:22+00:00,6311.98,46750,53000,48500,47750,46250,47250,48250,47250,48250,166.03,0.51,3415885,77.41,32.39,12.85,1003,956,112,46,62.19,41003,0,48,60.49,40538,0,[N/A],[N/A],[N/A],[N/A],4,4,"%CPU COMMAND;3456 VLLM::Worker_TP;3415 VLLM::Worker_TP;88.0 opencode;25.0 python3;23.9 vllm;"
1788645803,2026-09-05T22:03:23+00:00,6313.52,49750,53250,52000,52000,51250,51000,51500,49500,50750,263.91,2.55,3268747,77.41,32.39,12.85,1003,956,112,46,65.46,41003,0,48,68.02,40538,1,[N/A],[N/A],[N/A],[N/A],4,4,"%CPU COMMAND;3473 VLLM::Worker_TP;3431 VLLM::Worker_TP;88.0 opencode;24.8 python3;23.7 vllm;"
1788645805,2026-09-05T22:03:25+00:00,6315.09,51000,53875,53750,50750,51250,50000,54000,53500,50250,268.36,2.32,3268840,76.42,32.93,13.13,1003,956,112,46,65.04,41003,0,48,67.59,40538,1,[N/A],[N/A],[N/A],[N/A],4,4,"%CPU COMMAND;3489 VLLM::Worker_TP;3449 VLLM::Worker_TP; 500 ps;88.1 opencode;24.6 python3;"
1788645806,2026-09-05T22:03:26+00:00,6316.71,50500,54250,51250,53000,50250,53000,52250,50250,51000,274.73,2.83,3241334,76.42,32.93,13.13,1003,955,112,46,64.83,41003,0,48,67.61,40538,1,[N/A],[N/A],[N/A],[N/A],4,4,"%CPU COMMAND;3504 VLLM::Worker_TP;3465 VLLM::Worker_TP; 500 ps;88.1 opencode;24.4 python3;"
1788645808,2026-09-05T22:03:28+00:00,6318.25,50000,54500,53500,52500,51250,51750,52000,50000,50250,263.66,1.87,3244223,76.42,32.93,13.13,1003,955,112,46,65.26,41003,0,48,67.39,40538,0,[N/A],[N/A],[N/A],[N/A],4,4,"%CPU COMMAND;3520 VLLM::Worker_TP;3481 VLLM::Worker_TP;88.1 opencode;24.2 python3;23.2 vllm;"
1788645809,2026-09-05T22:03:29+00:00,6319.86,48250,54125,48500,48750,46750,48000,49750,47750,48500,223.27,1.13,1500000,79.43,34.28,13.67,1003,955,112,46,63.10,41003,0,48,61.53,40538,0,[N/A],[N/A],[N/A],[N/A],4,4,"%CPU COMMAND;3490 VLLM::Worker_TP;3452 VLLM::Worker_TP;88.1 opencode;24.1 python3;23.1 vllm;"
1788645811,2026-09-05T22:03:31+00:00,6321.35,46750,53500,48250,48750,46750,47500,48250,46000,47500,166.48,0.46,2134437,79.43,34.28,13.67,1003,954,112,46,62.18,41003,0,49,60.53,40538,0,[N/A],[N/A],[N/A],[N/A],4,4,"%CPU COMMAND;3457 VLLM::Worker_TP;3420 VLLM::Worker_TP; 400 ps;88.2 opencode;23.9 python3;"
1788645812,2026-09-05T22:03:32+00:00,6322.85,46250,52875,55750,47000,46250,47250,47750,46000,47750,168.59,0.73,3418489,79.43,34.28,13.67,1003,954,112,46,62.15,41003,0,49,60.19,40538,0,[N/A],[N/A],[N/A],[N/A],4,4,"%CPU COMMAND;3434 VLLM::Worker_TP;3397 VLLM::Worker_TP;88.2 opencode;23.8 python3;22.7 vllm;"
1788645814,2026-09-05T22:03:34+00:00,6324.41,49500,53250,51750,51000,49750,50000,51000,49000,50250,259.54,2.06,3268771,82.20,35.60,14.21,1003,954,112,46,64.89,41003,0,49,67.66,40538,1,[N/A],[N/A],[N/A],[N/A],4,4,"%CPU COMMAND;3448 VLLM::Worker_TP;3413 VLLM::Worker_TP; 500 ps;88.2 opencode;23.6 python3;"
1788645816,2026-09-05T22:03:36+00:00,6325.98,49500,53500,51750,51000,50500,51250,51750,49500,50250,268.58,1.86,3268787,82.20,35.60,14.21,1003,953,112,46,65.37,41003,1,49,67.96,40538,1,[N/A],[N/A],[N/A],[N/A],4,4,"%CPU COMMAND;3464 VLLM::Worker_TP;3430 VLLM::Worker_TP; 500 ps;88.2 opencode;23.4 python3;"
1788645817,2026-09-05T22:03:37+00:00,6327.55,49500,53750,53250,50750,50000,50000,51500,50000,50750,267.85,1.83,3268771,82.20,35.60,14.21,1003,953,112,46,65.34,41003,0,49,67.87,40538,0,[N/A],[N/A],[N/A],[N/A],4,4,"%CPU COMMAND;3480 VLLM::Worker_TP;3445 VLLM::Worker_TP; 600 ps;88.3 opencode;23.2 python3;"
1788645819,2026-09-05T22:03:39+00:00,6329.12,50750,54000,54250,52250,51250,50250,51500,53000,50750,269.86,2.01,3266297,84.75,36.90,14.75,1003,953,112,46,65.30,41003,0,49,67.95,40538,0,[N/A],[N/A],[N/A],[N/A],4,4,"%CPU COMMAND;3495 VLLM::Worker_TP;3460 VLLM::Worker_TP;88.3 opencode;23.0 python3;22.1 vllm;"
1788645820,2026-09-05T22:03:40+00:00,6330.71,47750,53875,48750,49000,46750,48000,49000,47000,48750,226.95,1.64,1500000,84.75,36.90,14.75,1003,953,112,46,63.61,41003,0,49,64.02,40538,0,[N/A],[N/A],[N/A],[N/A],4,4,"%CPU COMMAND;3477 VLLM::Worker_TP;3433 VLLM::Worker_TP;88.3 opencode;22.9 python3;22.0 vllm;"
1788645822,2026-09-05T22:03:42+00:00,6332.20,52000,54000,52750,53500,49750,50000,51500,49750,50500,230.60,1.99,3285973,84.75,36.90,14.75,1003,953,112,47,66.48,41003,0,49,61.83,40538,1,[N/A],[N/A],[N/A],[N/A],4,4,"%CPU COMMAND;3493 VLLM::Worker_TP;3431 VLLM::Worker_TP;88.3 opencode;22.7 python3;21.8 vllm;"
1788645823,2026-09-05T22:03:43+00:00,6333.77,49250,54125,53250,53250,49750,50250,51500,50000,52500,263.90,1.93,3268748,87.01,38.16,15.28,1003,952,112,47,65.58,41003,1,49,68.90,40538,1,[N/A],[N/A],[N/A],[N/A],4,4,"%CPU COMMAND;3507 VLLM::Worker_TP;3445 VLLM::Worker_TP;88.3 opencode;22.5 python3;21.7 vllm;"
1788645825,2026-09-05T22:03:45+00:00,6335.31,50000,54000,51000,54250,50500,52750,51500,49750,52250,262.16,1.98,3266190,87.01,38.16,15.28,1003,952,112,47,65.49,41003,1,49,68.35,40538,1,[N/A],[N/A],[N/A],[N/A],4,4,"%CPU COMMAND;3522 VLLM::Worker_TP;3460 VLLM::Worker_TP; 500 ps;88.2 opencode;22.4 python3;"
1788645826,2026-09-05T22:03:46+00:00,6336.89,50000,54125,54750,53000,49250,50250,51750,50250,51250,265.25,2.10,3268843,87.01,38.16,15.28,1003,952,112,47,65.61,41003,1,49,68.69,40538,1,[N/A],[N/A],[N/A],[N/A],4,4,"%CPU COMMAND;3532 VLLM::Worker_TP;3475 VLLM::Worker_TP;88.2 opencode;22.2 python3;21.4 vllm;"
1788645828,2026-09-05T22:03:48+00:00,6338.42,50000,54125,51250,52750,50000,50250,54250,51750,51000,255.81,2.30,3266166,87.01,38.16,15.28,1003,952,112,47,65.44,41003,1,49,68.49,40538,0,[N/A],[N/A],[N/A],[N/A],4,4,"%CPU COMMAND;3546 VLLM::Worker_TP;3489 VLLM::Worker_TP;88.2 opencode;22.0 python3;21.3 vllm;"
1788645830,2026-09-05T22:03:50+00:00,6339.99,50250,54250,51500,53500,50000,51000,52250,50750,51000,268.45,1.87,3268794,89.33,39.46,15.82,1003,951,112,47,65.53,41003,0,49,68.56,40538,1,[N/A],[N/A],[N/A],[N/A],4,4,"%CPU COMMAND;3560 VLLM::Worker_TP;3503 VLLM::Worker_TP; 500 ps;88.2 opencode;21.9 python3;"
1788645831,2026-09-05T22:03:51+00:00,6341.57,50500,54250,51250,54750,50000,50000,52000,50500,51500,265.46,2.30,3260578,89.33,39.46,15.82,1003,951,112,47,66.16,41003,1,50,69.24,40538,1,[N/A],[N/A],[N/A],[N/A],4,4,"%CPU COMMAND;3574 VLLM::Worker_TP;3519 VLLM::Worker_TP;88.2 opencode;21.7 python3;21.0 vllm;"
1788645833,2026-09-05T22:03:53+00:00,6343.14,50000,54500,55000,50750,50250,50250,52000,51250,51000,267.73,2.11,3268335,89.33,39.46,15.82,1003,951,112,47,65.77,41003,0,50,69.30,40538,1,[N/A],[N/A],[N/A],[N/A],4,4,"%CPU COMMAND;3582 VLLM::Worker_TP;3530 VLLM::Worker_TP;88.1 opencode;21.6 python3;20.8 vllm;"
1788645834,2026-09-05T22:03:54+00:00,6344.68,48250,53875,51000,48750,47250,48500,49750,49500,48250,196.73,0.93,1500000,86.90,39.78,16.05,1003,951,112,47,62.89,41003,0,50,64.22,40538,0,[N/A],[N/A],[N/A],[N/A],4,4,"%CPU COMMAND;3553 VLLM::Worker_TP;3502 VLLM::Worker_TP;88.1 opencode;21.5 python3;20.7 vllm;"
1788645836,2026-09-05T22:03:56+00:00,6346.17,46500,53125,48500,47250,46500,46750,48500,46500,48250,154.52,0.28,1500000,86.90,39.78,16.05,1003,950,112,47,62.78,41003,0,50,61.26,40538,0,[N/A],[N/A],[N/A],[N/A],4,4,"%CPU COMMAND;3524 VLLM::Worker_TP;3474 VLLM::Worker_TP;88.1 opencode;21.4 python3;20.6 vllm;"
1788645837,2026-09-05T22:03:57+00:00,6347.66,49250,52750,53500,50000,49500,49250,52250,49750,50000,188.71,0.87,3303999,86.90,39.78,16.05,1003,950,112,47,64.39,41003,0,50,61.66,40538,1,[N/A],[N/A],[N/A],[N/A],4,4,"%CPU COMMAND;3522 VLLM::Worker_TP;3471 VLLM::Worker_TP;88.1 opencode;21.2 python3;20.5 vllm;"
1788645839,2026-09-05T22:03:59+00:00,6349.23,49750,53375,53750,52750,51000,51000,51750,49250,50500,268.71,1.91,3268800,89.15,41.03,16.58,1003,950,112,47,65.97,41003,1,50,68.95,40538,0,[N/A],[N/A],[N/A],[N/A],4,4,"%CPU COMMAND;3534 VLLM::Worker_TP;3484 VLLM::Worker_TP; 500 ps;88.1 opencode;21.1 python3;"
1788645840,2026-09-05T22:04:00+00:00,6350.82,50250,53500,54500,54000,49750,50250,51750,49750,50500,269.14,1.94,3255127,89.15,41.03,16.58,1003,949,112,47,65.65,41003,0,50,68.28,40538,1,[N/A],[N/A],[N/A],[N/A],4,4,"%CPU COMMAND;3547 VLLM::Worker_TP;3497 VLLM::Worker_TP;88.1 opencode;21.0 python3;20.2 vllm;"
1788645842,2026-09-05T22:04:02+00:00,6352.40,50250,53750,52000,54000,50000,50250,52000,50000,51000,266.70,1.91,3268783,89.15,41.03,16.58,1003,949,112,47,65.91,41003,0,50,68.33,40538,1,[N/A],[N/A],[N/A],[N/A],4,4,"%CPU COMMAND;3558 VLLM::Worker_TP;3511 VLLM::Worker_TP;88.1 opencode;20.9 python3;20.1 vllm;"
1788645844,2026-09-05T22:04:04+00:00,6353.94,49000,54000,49500,49750,48000,51250,49250,50000,49250,254.63,2.09,1500000,91.54,42.33,17.13,1003,949,112,48,65.72,41003,0,50,67.21,40538,1,[N/A],[N/A],[N/A],[N/A],4,4,"%CPU COMMAND;3556 VLLM::Worker_TP;3503 VLLM::Worker_TP;88.1 opencode;20.8 python3;20.0 vllm;"
1788645845,2026-09-05T22:04:05+00:00,6355.42,47500,53250,47750,47750,46500,46750,49250,46250,48000,159.94,0.36,1500000,91.54,42.33,17.13,1003,948,112,47,63.13,41003,0,50,61.47,40538,0,[N/A],[N/A],[N/A],[N/A],4,4,"%CPU COMMAND;3530 VLLM::Worker_TP;3476 VLLM::Worker_TP;88.1 opencode;20.7 python3;19.8 vllm;"
1788645847,2026-09-05T22:04:07+00:00,6356.92,50000,53250,52250,50750,50000,51000,51000,49250,50500,200.75,1.63,3318709,91.54,42.33,17.13,1003,948,112,48,64.41,41003,0,50,62.71,40538,1,[N/A],[N/A],[N/A],[N/A],4,4,"%CPU COMMAND;3526 VLLM::Worker_TP;3470 VLLM::Worker_TP;88.1 opencode;20.5 python3;19.7 vllm;"
1788645848,2026-09-05T22:04:08+00:00,6358.48,49750,53500,51250,50750,50500,50250,51250,49250,54000,265.69,2.15,3268712,91.54,42.33,17.13,1003,948,112,48,65.92,41003,1,50,68.79,40538,1,[N/A],[N/A],[N/A],[N/A],4,4,"%CPU COMMAND;3539 VLLM::Worker_TP;3483 VLLM::Worker_TP;88.1 opencode;20.4 python3;19.6 vllm;"
1788645850,2026-09-05T22:04:10+00:00,6360.07,50000,53875,54750,52250,50000,50250,51750,50500,52500,269.66,2.05,3250249,93.42,43.53,17.66,1003,948,112,48,66.30,41003,0,50,69.09,40538,1,[N/A],[N/A],[N/A],[N/A],4,4,"%CPU COMMAND;3551 VLLM::Worker_TP;3496 VLLM::Worker_TP;88.0 opencode;20.3 python3;19.5 vllm;"
1788645851,2026-09-05T22:04:11+00:00,6361.64,51250,53875,53250,52750,49750,51500,52000,50000,50750,264.49,2.77,3268803,93.42,43.53,17.66,1003,947,112,48,66.26,41003,0,50,69.04,40538,1,[N/A],[N/A],[N/A],[N/A],4,4,"%CPU COMMAND;3563 VLLM::Worker_TP;3509 VLLM::Worker_TP; 500 ps;88.0 opencode;20.2 python3;"
1788645853,2026-09-05T22:04:13+00:00,6363.17,48500,53875,49500,49000,47500,49750,49750,48000,49000,236.86,1.51,1796680,93.42,43.53,17.66,1003,947,112,48,66.81,41003,0,50,68.40,40538,1,[N/A],[N/A],[N/A],[N/A],4,4,"%CPU COMMAND;3561 VLLM::Worker_TP;3497 VLLM::Worker_TP;88.0 opencode;20.1 python3;19.3 vllm;"
1788645854,2026-09-05T22:04:14+00:00,6364.67,50500,54125,53000,52500,50000,50000,51750,50500,50750,235.26,1.61,3268807,86.34,42.89,17.59,1003,947,112,48,67.37,41003,1,50,61.74,40538,0,[N/A],[N/A],[N/A],[N/A],4,4,"%CPU COMMAND;3573 VLLM::Worker_TP;3491 VLLM::Worker_TP;88.0 opencode;20.0 python3;19.1 vllm;"
1788645856,2026-09-05T22:04:16+00:00,6366.21,50250,54125,53000,53000,50250,50250,51500,50250,53250,261.46,1.92,3243104,86.34,42.89,17.59,1003,946,112,48,66.39,41003,1,51,69.32,40538,0,[N/A],[N/A],[N/A],[N/A],4,4,"%CPU COMMAND;3584 VLLM::Worker_TP;3503 VLLM::Worker_TP;88.0 opencode;19.9 python3;19.0 vllm;"
1788645857,2026-09-05T22:04:17+00:00,6367.76,50250,54125,54250,51500,50250,50250,52250,50500,51000,264.11,1.98,3266226,86.34,42.89,17.59,1003,946,112,48,66.26,41003,0,51,68.78,40538,0,[N/A],[N/A],[N/A],[N/A],4,4,"%CPU COMMAND;3595 VLLM::Worker_TP;3514 VLLM::Worker_TP;88.0 opencode;19.8 python3;18.9 vllm;"
1788645859,2026-09-05T22:04:19+00:00,6369.34,50500,54250,51750,53000,52000,50750,51750,50500,50750,265.06,1.88,3268789,88.72,44.11,18.12,1003,946,112,48,66.21,41003,0,51,68.27,40538,0,[N/A],[N/A],[N/A],[N/A],4,4,"%CPU COMMAND;3596 VLLM::Worker_TP;3527 VLLM::Worker_TP;88.0 opencode;19.7 python3;18.8 vllm;"
1788645860,2026-09-05T22:04:20+00:00,6370.84,50250,54125,49250,49750,47250,48500,49750,47000,48250,199.98,1.64,1500000,88.72,44.11,18.12,1003,945,112,48,63.84,41003,0,51,64.45,40538,0,[N/A],[N/A],[N/A],[N/A],4,4,"%CPU COMMAND;3576 VLLM::Worker_TP;3513 VLLM::Worker_TP;88.0 opencode;19.6 python3;18.7 vllm;"
1788645862,2026-09-05T22:04:22+00:00,6372.36,49750,54125,54000,51500,50500,51000,51750,50500,53250,245.35,1.63,3268737,88.72,44.11,18.12,1003,945,112,48,65.94,41003,1,51,69.17,40538,1,[N/A],[N/A],[N/A],[N/A],4,4,"%CPU COMMAND;3587 VLLM::Worker_TP;3526 VLLM::Worker_TP;87.9 opencode;19.4 python3;18.6 vllm;"
1788645864,2026-09-05T22:04:24+00:00,6373.94,51500,54375,55000,51500,50750,50750,52000,50250,51000,268.61,1.87,3268773,91.38,45.40,18.68,1003,945,112,48,66.40,41003,1,51,69.82,40538,1,[N/A],[N/A],[N/A],[N/A],4,4,"%CPU COMMAND;3598 VLLM::Worker_TP;3538 VLLM::Worker_TP;87.9 opencode;19.3 python3;18.5 vllm;"
1788645865,2026-09-05T22:04:25+00:00,6375.49,50500,54375,53500,52750,50500,50000,52250,50250,51000,259.83,2.20,3268798,91.38,45.40,18.68,1003,945,112,48,66.23,41003,0,51,68.88,40538,0,[N/A],[N/A],[N/A],[N/A],4,4,"%CPU COMMAND;3608 VLLM::Worker_TP;3550 VLLM::Worker_TP; 600 ps;87.9 opencode;19.2 python3;"
1788645867,2026-09-05T22:04:27+00:00,6377.04,53000,54375,53750,51500,52500,50750,52250,51000,52500,263.04,1.85,3262185,91.38,45.40,18.68,1003,944,112,48,66.41,41003,0,51,68.45,40538,0,[N/A],[N/A],[N/A],[N/A],4,4,"%CPU COMMAND;3618 VLLM::Worker_TP;3556 VLLM::Worker_TP;87.9 opencode;19.1 python3;18.3 vllm;"
1788645868,2026-09-05T22:04:28+00:00,6378.58,47250,54000,49500,48500,47250,48250,49250,47250,48250,201.22,0.96,1500000,84.46,44.73,18.60,1003,944,112,48,65.73,41003,0,51,62.35,40538,1,[N/A],[N/A],[N/A],[N/A],4,4,"%CPU COMMAND;3595 VLLM::Worker_TP;3532 VLLM::Worker_TP;87.9 opencode;19.1 python3;18.2 vllm;"
1788645870,2026-09-05T22:04:30+00:00,6380.08,46750,53375,48250,47000,47000,48000,49000,48750,47750,161.43,0.34,1500000,84.46,44.73,18.60,1003,944,112,48,64.03,41003,0,51,61.96,40538,0,[N/A],[N/A],[N/A],[N/A],4,4,"%CPU COMMAND;3571 VLLM::Worker_TP;3508 VLLM::Worker_TP;87.9 opencode;19.0 python3;18.1 vllm;"
1788645871,2026-09-05T22:04:31+00:00,6381.57,49750,53000,53250,52250,49500,52000,51250,49500,51000,199.20,0.95,3316110,84.46,44.73,18.60,1003,943,112,48,64.21,41003,1,51,63.15,40538,0,[N/A],[N/A],[N/A],[N/A],4,4,"%CPU COMMAND;3568 VLLM::Worker_TP;3506 VLLM::Worker_TP; 500 ps;87.9 opencode;18.9 python3;"
1788645873,2026-09-05T22:04:33+00:00,6383.14,49500,53375,51250,53000,49500,51500,52000,50250,52250,267.50,1.94,3266207,84.46,44.73,18.60,1003,943,112,48,66.50,41003,0,51,69.02,40538,0,[N/A],[N/A],[N/A],[N/A],4,4,"%CPU COMMAND;3580 VLLM::Worker_TP;3517 VLLM::Worker_TP;87.9 opencode;18.8 python3;17.9 vllm;"
1788645874,2026-09-05T22:04:34+00:00,6384.75,50500,53750,52250,51500,52750,50250,51750,50000,51000,272.42,2.16,3258983,87.39,46.00,19.15,1003,943,112,49,66.60,41003,1,51,70.25,40538,0,[N/A],[N/A],[N/A],[N/A],4,4,"%CPU COMMAND;3591 VLLM::Worker_TP;3529 VLLM::Worker_TP;87.9 opencode;18.7 python3;17.8 vllm;"
1788645876,2026-09-05T22:04:36+00:00,6386.34,50750,54125,54250,51750,50250,51500,51750,50750,52000,270.35,2.14,3268743,87.39,46.00,19.15,1003,943,112,49,66.41,41003,0,51,69.23,40538,1,[N/A],[N/A],[N/A],[N/A],4,4,"%CPU COMMAND;3601 VLLM::Worker_TP;3540 VLLM::Worker_TP;87.8 opencode;18.6 python3;17.7 vllm;"
1788645878,2026-09-05T22:04:38+00:00,6387.93,47500,54250,48750,49250,48250,49000,49500,49750,49750,249.65,1.61,1756903,87.39,46.00,19.15,1003,942,112,49,66.94,41003,1,51,67.66,40538,0,[N/A],[N/A],[N/A],[N/A],4,4,"%CPU COMMAND;3594 VLLM::Worker_TP;3530 VLLM::Worker_TP;87.8 opencode;18.5 python3;17.6 vllm;"
1788645879,2026-09-05T22:04:39+00:00,6389.41,47250,53500,47500,47500,46500,47250,48500,46750,47750,160.49,0.36,1457040,80.71,45.30,19.07,1003,942,112,49,64.26,41003,0,51,62.08,40538,0,[N/A],[N/A],[N/A],[N/A],4,4,"%CPU COMMAND;3570 VLLM::Worker_TP;3507 VLLM::Worker_TP; 500 ps;87.9 opencode;18.5 python3;"
1788645880,2026-09-05T22:04:41+00:00,6390.92,49750,53250,52250,54250,49250,49750,51250,49750,52000,203.14,1.06,3293717,80.71,45.30,19.07,1003,942,112,49,64.74,41003,0,52,65.52,40538,0,[N/A],[N/A],[N/A],[N/A],4,4,"%CPU COMMAND;3570 VLLM::Worker_TP;3507 VLLM::Worker_TP;87.9 opencode;18.4 python3;17.4 vllm;"
1788645882,2026-09-05T22:04:42+00:00,6392.48,50250,53625,53750,51250,53000,53250,52000,50750,52250,264.93,2.30,3268752,80.71,45.30,19.07,1003,941,112,49,66.95,41003,0,52,69.46,40538,1,[N/A],[N/A],[N/A],[N/A],4,4,"%CPU COMMAND;3580 VLLM::Worker_TP;3519 VLLM::Worker_TP; 500 ps;87.8 opencode;18.3 python3;"
1788645884,2026-09-05T22:04:44+00:00,6394.05,50250,53875,54000,51750,49500,50500,52000,50500,50750,267.50,1.94,3259891,83.30,46.42,19.58,1003,941,112,49,67.10,41003,0,52,69.23,40538,0,[N/A],[N/A],[N/A],[N/A],4,4,"%CPU COMMAND;3591 VLLM::Worker_TP;3530 VLLM::Worker_TP; 500 ps;87.8 opencode;18.2 python3;"
1788645885,2026-09-05T22:04:45+00:00,6395.61,50250,54250,53250,53750,50250,51500,51500,50250,52250,263.58,1.98,3268766,83.30,46.42,19.58,1003,941,112,49,67.47,41003,0,52,70.64,40538,1,[N/A],[N/A],[N/A],[N/A],4,4,"%CPU COMMAND;3602 VLLM::Worker_TP;3541 VLLM::Worker_TP;87.8 opencode;18.2 python3;17.1 vllm;"
1788645887,2026-09-05T22:04:47+00:00,6397.17,48000,54000,49250,48750,47250,48750,49500,48500,49250,227.54,1.65,1497157,83.30,46.42,19.58,1003,941,112,49,65.51,41003,0,52,67.99,40538,1,[N/A],[N/A],[N/A],[N/A],4,4,"%CPU COMMAND;3590 VLLM::Worker_TP;3529 VLLM::Worker_TP; 400 ps;87.8 opencode;18.1 python3;"
1788645888,2026-09-05T22:04:48+00:00,6398.70,50250,54000,52250,54250,50000,50500,52250,50250,52000,242.76,1.81,3268728,85.68,47.53,20.08,1003,940,112,49,67.21,41003,1,52,68.76,40538,1,[N/A],[N/A],[N/A],[N/A],4,4,"%CPU COMMAND;3600 VLLM::Worker_TP;3539 VLLM::Worker_TP;87.8 opencode;18.0 python3;17.0 vllm;"
1788645890,2026-09-05T22:04:50+00:00,6400.23,50500,54125,54500,53500,50250,50250,51750,50500,51000,260.06,2.03,3266258,85.68,47.53,20.08,1003,940,112,49,66.86,41003,1,52,70.05,40538,0,[N/A],[N/A],[N/A],[N/A],4,4,"%CPU COMMAND;3610 VLLM::Worker_TP;3549 VLLM::Worker_TP;87.7 opencode;17.9 python3;16.9 vllm;"
1788645891,2026-09-05T22:04:51+00:00,6401.80,52000,54375,53250,53500,51000,51000,51750,51000,51250,267.68,2.04,3268791,85.68,47.53,20.08,1003,940,112,49,67.23,41003,1,52,70.11,40538,1,[N/A],[N/A],[N/A],[N/A],4,4,"%CPU COMMAND;3620 VLLM::Worker_TP;3560 VLLM::Worker_TP;87.7 opencode;17.8 python3;16.8 vllm;"
1788645893,2026-09-05T22:04:53+00:00,6403.36,51250,54375,51250,54250,50250,50500,52000,51500,51750,263.45,1.86,3242837,85.68,47.53,20.08,1003,939,112,49,66.86,41003,1,52,70.04,40538,0,[N/A],[N/A],[N/A],[N/A],4,4,"%CPU COMMAND;3630 VLLM::Worker_TP;3570 VLLM::Worker_TP;87.7 opencode;17.8 python3;16.7 vllm;"
1788645895,2026-09-05T22:04:55+00:00,6404.95,54250,54375,52000,52000,52000,51000,53500,51000,51750,269.33,1.88,3240869,88.03,48.65,20.59,1003,939,112,49,67.49,41003,1,52,70.53,40538,1,[N/A],[N/A],[N/A],[N/A],4,4,"%CPU COMMAND;3640 VLLM::Worker_TP;3580 VLLM::Worker_TP;87.7 opencode;17.7 python3;16.6 vllm;"
1788645896,2026-09-05T22:04:56+00:00,6406.50,51500,54250,50250,49500,48000,49750,50250,49750,49500,251.29,1.81,1500000,88.03,48.65,20.59,1003,939,112,49,67.36,41003,1,52,69.80,40538,1,[N/A],[N/A],[N/A],[N/A],4,4,"%CPU COMMAND;3635 VLLM::Worker_TP;3575 VLLM::Worker_TP; 400 ps;87.6 opencode;17.6 python3;"
1788645898,2026-09-05T22:04:58+00:00,6407.99,52250,54000,51000,54500,50000,49000,51000,47750,49500,166.67,0.53,3390891,88.03,48.65,20.59,1003,938,112,49,65.00,41003,0,52,63.36,40538,0,[N/A],[N/A],[N/A],[N/A],4,4,"%CPU COMMAND;3626 VLLM::Worker_TP;3554 VLLM::Worker_TP;87.6 opencode;17.5 python3;16.4 vllm;"
1788645899,2026-09-05T22:04:59+00:00,6409.49,52500,54375,54250,51250,50000,50500,52750,50250,51000,252.97,1.75,3268767,90.03,49.72,21.08,1003,938,112,49,68.15,41003,1,52,68.92,40538,1,[N/A],[N/A],[N/A],[N/A],4,4,"%CPU COMMAND;3635 VLLM::Worker_TP;3563 VLLM::Worker_TP;87.6 opencode;17.5 python3;16.4 vllm;"
1788645901,2026-09-05T22:05:01+00:00,6411.05,50500,54375,56000,50250,49500,51250,52500,49750,52000,264.01,2.56,3266227,90.03,49.72,21.08,1003,938,112,49,66.95,41003,0,52,70.25,40538,0,[N/A],[N/A],[N/A],[N/A],4,4,"%CPU COMMAND;3632 VLLM::Worker_TP;3572 VLLM::Worker_TP; 400 ps;87.6 opencode;17.4 python3;"
1788645902,2026-09-05T22:05:02+00:00,6412.53,50500,54625,54500,53250,50000,51500,52250,49750,53250,231.86,1.65,3268812,90.03,49.72,21.08,1003,938,112,50,66.29,41003,1,52,65.79,40538,1,[N/A],[N/A],[N/A],[N/A],4,4,"%CPU COMMAND;3638 VLLM::Worker_TP;3568 VLLM::Worker_TP;87.6 opencode;17.3 python3;16.2 vllm;"
1788645904,2026-09-05T22:05:04+00:00,6414.10,51000,54625,52000,53000,50750,50500,52750,50250,51500,267.54,1.96,3254318,92.03,50.80,21.59,1003,937,112,49,67.33,41003,0,52,70.56,40538,1,[N/A],[N/A],[N/A],[N/A],4,4,"%CPU COMMAND;3647 VLLM::Worker_TP;3577 VLLM::Worker_TP;87.6 opencode;17.3 python3;16.1 vllm;"
1788645905,2026-09-05T22:05:05+00:00,6415.66,54750,54500,52000,55000,53750,51500,52250,51000,51000,262.09,2.04,3264271,92.03,50.80,21.59,1003,937,112,50,66.87,41003,0,53,69.93,40538,1,[N/A],[N/A],[N/A],[N/A],4,4,"%CPU COMMAND;3655 VLLM::Worker_TP;3587 VLLM::Worker_TP;87.6 opencode;17.2 python3;16.0 vllm;"
1788645907,2026-09-05T22:05:07+00:00,6417.25,51250,54500,52000,52500,54000,50500,51750,51000,54000,272.91,1.92,3268265,92.03,50.80,21.59,1003,937,112,50,67.25,41003,0,53,70.72,40538,0,[N/A],[N/A],[N/A],[N/A],4,4,"%CPU COMMAND;3664 VLLM::Worker_TP;3596 VLLM::Worker_TP;87.6 opencode;17.1 python3;16.0 vllm;"
1788645908,2026-09-05T22:05:08+00:00,6418.83,48250,54375,49500,48500,49000,48500,49250,48000,49000,224.71,1.28,2734892,87.54,50.55,21.67,1003,936,112,49,65.58,41003,0,53,66.93,40538,0,[N/A],[N/A],[N/A],[N/A],4,4,"%CPU COMMAND;3646 VLLM::Worker_TP;3583 VLLM::Worker_TP; 400 ps;87.6 opencode;17.1 python3;"
1788645910,2026-09-05T22:05:10+00:00,6420.33,48750,53625,48750,47750,47250,48000,49250,48000,48250,161.86,0.36,1500000,87.54,50.55,21.67,1003,936,112,49,64.51,41003,0,53,62.48,40538,0,[N/A],[N/A],[N/A],[N/A],4,4,"%CPU COMMAND;3625 VLLM::Worker_TP;3563 VLLM::Worker_TP;87.6 opencode;17.0 python3;15.8 vllm;"
1788645911,2026-09-05T22:05:11+00:00,6421.82,48000,52875,49000,47750,48000,47750,49750,46750,49000,163.45,0.54,1495836,87.54,50.55,21.67,1003,936,112,50,64.51,41003,0,53,63.44,40538,0,[N/A],[N/A],[N/A],[N/A],4,4,"%CPU COMMAND;3604 VLLM::Worker_TP;3542 VLLM::Worker_TP; 400 ps;87.6 opencode;17.0 python3;"
1788645913,2026-09-05T22:05:13+00:00,6423.30,46750,52250,49000,47250,46750,47500,49250,46250,47750,155.21,0.49,2747608,87.54,50.55,21.67,1003,936,112,50,64.63,41003,0,53,63.78,40538,0,[N/A],[N/A],[N/A],[N/A],4,4,"%CPU COMMAND;3584 VLLM::Worker_TP;3522 VLLM::Worker_TP;87.6 opencode;16.9 python3;15.7 vllm;"
1788645914,2026-09-05T22:05:14+00:00,6424.80,46750,51750,47750,46750,46750,48000,48750,48750,47750,159.04,0.43,1496888,80.85,49.78,21.57,1003,935,112,50,64.48,41003,0,53,63.82,40538,0,[N/A],[N/A],[N/A],[N/A],4,4,"%CPU COMMAND;3564 VLLM::Worker_TP;3502 VLLM::Worker_TP;87.6 opencode;16.9 python3;15.6 vllm;"
1788645916,2026-09-05T22:05:16+00:00,6426.30,50000,52000,53250,49750,50000,51250,51000,50250,50500,201.05,1.05,3293727,80.85,49.78,21.57,1003,935,112,50,65.42,41003,0,53,67.16,40538,1,[N/A],[N/A],[N/A],[N/A],4,4,"%CPU COMMAND;3564 VLLM::Worker_TP;3502 VLLM::Worker_TP;87.6 opencode;16.8 python3;15.5 vllm;"
1788645917,2026-09-05T22:05:17+00:00,6427.85,51000,52750,51000,53250,50000,50250,51500,49500,50750,265.39,1.90,3266180,80.85,49.78,21.57,1003,935,112,50,67.09,41003,1,53,69.96,40538,1,[N/A],[N/A],[N/A],[N/A],4,4,"%CPU COMMAND;3572 VLLM::Worker_TP;3511 VLLM::Worker_TP; 500 ps;87.6 opencode;16.7 python3;"
1788645919,2026-09-05T22:05:19+00:00,6429.40,50500,53625,53250,54500,50000,51750,52250,50500,50500,263.77,2.19,3268790,80.54,50.23,21.87,1003,935,112,50,67.32,41003,0,53,71.31,40538,1,[N/A],[N/A],[N/A],[N/A],4,4,"%CPU COMMAND;3581 VLLM::Worker_TP;3521 VLLM::Worker_TP;87.6 opencode;16.7 python3;15.4 vllm;"
1788645921,2026-09-05T22:05:21+00:00,6430.96,50500,54000,55000,52750,51250,50250,51750,50250,54750,268.56,2.19,3268762,80.54,50.23,21.87,1003,934,112,50,67.36,41003,1,53,70.28,40538,1,[N/A],[N/A],[N/A],[N/A],4,4,"%CPU COMMAND;3590 VLLM::Worker_TP;3531 VLLM::Worker_TP; 600 ps;87.6 opencode;16.6 python3;"
1788645922,2026-09-05T22:05:22+00:00,6432.55,48000,54000,49500,48750,46500,49000,49500,48750,49000,232.13,1.34,1500000,80.54,50.23,21.87,1003,934,112,50,67.14,41003,0,53,68.85,40538,0,[N/A],[N/A],[N/A],[N/A],4,4,"%CPU COMMAND;3579 VLLM::Worker_TP;3520 VLLM::Worker_TP;87.6 opencode;16.6 python3;15.2 vllm;"
1788645924,2026-09-05T22:05:24+00:00,6434.04,49750,53375,54250,53250,49250,50000,51500,49750,51750,175.03,0.64,3368598,74.33,49.45,21.77,1003,934,112,50,64.81,41003,0,53,65.09,40538,0,[N/A],[N/A],[N/A],[N/A],4,4,"%CPU COMMAND;3572 VLLM::Worker_TP;3514 VLLM::Worker_TP;87.6 opencode;16.5 python3;15.2 vllm;"
1788645925,2026-09-05T22:05:25+00:00,6435.60,50250,53750,54500,50750,50000,53250,51750,49750,51000,266.50,2.02,3268781,74.33,49.45,21.77,1003,934,112,50,67.33,41003,1,53,72.09,40538,0,[N/A],[N/A],[N/A],[N/A],4,4,"%CPU COMMAND;3581 VLLM::Worker_TP;3523 VLLM::Worker_TP; 500 ps;87.5 opencode;16.4 python3;"
1788645927,2026-09-05T22:05:27+00:00,6437.17,50000,53875,51500,54000,50250,50250,51750,51500,50750,263.98,2.28,3266210,74.33,49.45,21.77,1003,933,112,50,67.36,41003,0,53,71.46,40538,1,[N/A],[N/A],[N/A],[N/A],4,4,"%CPU COMMAND;3589 VLLM::Worker_TP;3531 VLLM::Worker_TP; 500 ps;87.5 opencode;16.4 python3;"
1788645928,2026-09-05T22:05:28+00:00,6438.75,50750,54125,55250,51250,49750,50250,51750,50000,51750,267.29,1.94,3244077,77.43,50.50,22.26,1003,933,112,50,67.71,41003,1,53,71.43,40538,1,[N/A],[N/A],[N/A],[N/A],4,4,"%CPU COMMAND;3598 VLLM::Worker_TP;3540 VLLM::Worker_TP;87.5 opencode;16.3 python3;14.9 vllm;"
1788645930,2026-09-05T22:05:30+00:00,6440.33,50750,54500,55000,51750,50000,50500,52500,51750,51500,266.00,2.03,3268795,77.43,50.50,22.26,1003,933,112,50,67.71,41003,0,53,71.34,40538,0,[N/A],[N/A],[N/A],[N/A],4,4,"%CPU COMMAND;3606 VLLM::Worker_TP;3548 VLLM::Worker_TP;87.5 opencode;16.3 python3;14.9 vllm;"
1788645931,2026-09-05T22:05:31+00:00,6441.90,50500,54625,54500,51750,50750,51000,52500,50500,51000,267.72,3.00,3268756,77.43,50.50,22.26,1003,932,112,50,67.59,41003,1,53,71.66,40538,0,[N/A],[N/A],[N/A],[N/A],4,4,"%CPU COMMAND;3615 VLLM::Worker_TP;3557 VLLM::Worker_TP;87.4 opencode;16.2 python3;14.8 vllm;"
1788645933,2026-09-05T22:05:33+00:00,6443.46,50500,54750,53500,54250,50500,51000,52000,50500,52500,NA,3.14,3268762,77.43,50.50,22.26,1003,932,112,50,68.05,41003,1,53,72.62,40538,1,[N/A],[N/A],[N/A],[N/A],4,4,"%CPU COMMAND;3624 VLLM::Worker_TP;3566 VLLM::Worker_TP;87.4 opencode;16.1 python3;14.7 vllm;"
1788645935,2026-09-05T22:05:35+00:00,6445.04,51500,54875,52500,51750,49750,51000,52500,50750,51500,268.62,2.25,3252025,80.36,51.56,22.75,1003,932,112,50,67.93,41003,1,53,71.50,40538,0,[N/A],[N/A],[N/A],[N/A],4,4,"%CPU COMMAND;3633 VLLM::Worker_TP;3576 VLLM::Worker_TP;87.4 opencode;16.1 python3;14.7 vllm;"
1788645936,2026-09-05T22:05:36+00:00,6446.61,48750,54625,49500,49500,48000,50500,49500,47750,50250,240.15,1.72,1500000,80.36,51.56,22.75,1003,932,112,50,68.04,41003,2,53,69.70,40538,0,[N/A],[N/A],[N/A],[N/A],4,4,"%CPU COMMAND;3624 VLLM::Worker_TP;3565 VLLM::Worker_TP; 400 ps;87.4 opencode;16.0 python3;"
1788645938,2026-09-05T22:05:38+00:00,6448.11,50500,54000,52500,52000,50750,50750,52250,50250,51500,184.63,1.13,3341021,80.36,51.56,22.75,1003,931,112,50,65.41,41003,1,53,65.56,40538,1,[N/A],[N/A],[N/A],[N/A],4,4,"%CPU COMMAND;3619 VLLM::Worker_TP;3559 VLLM::Worker_TP;87.4 opencode;16.0 python3;14.5 vllm;"
1788645939,2026-09-05T22:05:39+00:00,6449.67,50500,54250,55000,51250,51500,50250,51750,50750,51500,264.87,1.89,3268724,83.21,52.63,23.25,1003,931,112,50,67.64,41003,1,54,72.01,40538,0,[N/A],[N/A],[N/A],[N/A],4,4,"%CPU COMMAND;3626 VLLM::Worker_TP;3567 VLLM::Worker_TP; 500 ps;87.4 opencode;16.0 python3;"
1788645941,2026-09-05T22:05:41+00:00,6451.21,50750,54375,54500,53000,50500,51500,52500,50750,51750,261.07,1.94,3265470,83.21,52.63,23.25,1003,931,112,50,67.82,41003,0,54,72.06,40538,0,[N/A],[N/A],[N/A],[N/A],4,4,"%CPU COMMAND;3635 VLLM::Worker_TP;3575 VLLM::Worker_TP; 600 ps;87.3 opencode;15.9 python3;"
1788645942,2026-09-05T22:05:42+00:00,6452.81,51250,54625,54250,51250,50000,52000,53500,50500,51500,271.36,2.73,3263704,83.21,52.63,23.25,1003,930,112,50,67.93,41003,0,54,71.90,40538,0,[N/A],[N/A],[N/A],[N/A],4,4,"%CPU COMMAND;3643 VLLM::Worker_TP;3584 VLLM::Worker_TP;87.3 opencode;15.8 python3;14.3 vllm;"
1788645944,2026-09-05T22:05:44+00:00,6454.35,50000,54750,50250,50750,50250,49750,50250,49250,49250,261.16,1.80,3268579,85.92,53.70,23.76,1003,930,112,51,67.69,41003,0,54,71.05,40538,0,[N/A],[N/A],[N/A],[N/A],4,4,"%CPU COMMAND;3642 VLLM::Worker_TP;3582 VLLM::Worker_TP;87.3 opencode;15.8 python3;14.3 vllm;"
1788645945,2026-09-05T22:05:45+00:00,6455.84,48500,54000,49500,48250,48000,48250,49500,47750,48250,165.23,0.53,2341090,85.92,53.70,23.76,1003,930,112,50,65.45,41003,0,54,65.17,40538,0,[N/A],[N/A],[N/A],[N/A],4,4,"%CPU COMMAND;3623 VLLM::Worker_TP;3564 VLLM::Worker_TP;87.3 opencode;15.8 python3;14.2 vllm;"
1788645947,2026-09-05T22:05:47+00:00,6457.34,47250,53250,48750,47500,46750,47000,48750,47250,48500,154.10,0.77,3201949,85.92,53.70,23.76,1003,929,112,50,65.38,41003,0,54,65.38,40538,0,[N/A],[N/A],[N/A],[N/A],4,4,"%CPU COMMAND;3610 VLLM::Worker_TP;3546 VLLM::Worker_TP;87.3 opencode;15.7 python3;14.2 vllm;"
1788645948,2026-09-05T22:05:48+00:00,6458.83,49500,53625,52000,51000,50250,50250,52500,50000,50500,238.85,1.81,3268699,88.49,54.77,24.26,1003,929,112,51,69.11,41003,1,54,69.08,40538,0,[N/A],[N/A],[N/A],[N/A],4,4,"%CPU COMMAND;3618 VLLM::Worker_TP;3547 VLLM::Worker_TP; 400 ps;87.3 opencode;15.7 python3;"
1788645950,2026-09-05T22:05:50+00:00,6460.40,51000,54000,53750,54500,52000,50500,52500,50000,51000,268.58,2.00,3268770,88.49,54.77,24.26,1003,929,112,51,67.90,41003,0,54,72.51,40538,0,[N/A],[N/A],[N/A],[N/A],4,4,"%CPU COMMAND;3625 VLLM::Worker_TP;3556 VLLM::Worker_TP;87.3 opencode;15.6 python3;14.0 vllm;"
1788645952,2026-09-05T22:05:52+00:00,6461.95,50250,54250,54750,51500,50000,51000,51750,50250,51250,262.54,1.99,3268777,88.49,54.77,24.26,1003,928,112,51,68.19,41003,1,54,71.81,40538,0,[N/A],[N/A],[N/A],[N/A],4,4,"%CPU COMMAND;3633 VLLM::Worker_TP;3564 VLLM::Worker_TP;87.3 opencode;15.6 python3;14.0 vllm;"
1788645953,2026-09-05T22:05:53+00:00,6463.56,50750,54750,51250,53750,50750,50750,52250,50000,51750,269.19,2.15,3268778,88.49,54.77,24.26,1003,928,112,51,67.28,41003,1,54,72.63,40538,0,[N/A],[N/A],[N/A],[N/A],4,4,"%CPU COMMAND;3629 VLLM::Worker_TP;3567 VLLM::Worker_TP;87.3 opencode;15.5 python3;13.9 vllm;"
1788645955,2026-09-05T22:05:55+00:00,6465.10,50750,54875,52750,54500,50250,50750,51750,50500,52000,236.95,1.67,3269940,90.53,55.75,24.75,1003,928,112,51,66.43,41003,0,54,69.75,40538,0,[N/A],[N/A],[N/A],[N/A],4,4,"%CPU COMMAND;3630 VLLM::Worker_TP;3567 VLLM::Worker_TP;87.3 opencode;15.5 python3;13.9 vllm;"
1788645956,2026-09-05T22:05:56+00:00,6466.68,50750,54750,51750,55000,50250,51500,54750,50250,53250,272.10,2.21,3268769,90.53,55.75,24.75,1003,928,112,51,68.15,41003,0,54,71.98,40538,1,[N/A],[N/A],[N/A],[N/A],4,4,"%CPU COMMAND;3638 VLLM::Worker_TP;3575 VLLM::Worker_TP;87.3 opencode;15.4 python3;13.8 vllm;"
1788645958,2026-09-05T22:05:58+00:00,6468.27,50250,54750,52500,54500,50750,52500,52500,50500,51000,269.30,2.24,3268785,90.53,55.75,24.75,1003,927,112,51,68.00,41003,0,54,71.56,40538,1,[N/A],[N/A],[N/A],[N/A],4,4,"%CPU COMMAND;3645 VLLM::Worker_TP;3583 VLLM::Worker_TP; 600 ps;87.3 opencode;15.4 python3;"
1788645959,2026-09-05T22:05:59+00:00,6469.87,50500,54875,53750,51750,52750,52750,53750,51000,51250,273.71,2.27,3266247,92.97,56.83,25.26,1003,927,112,51,68.20,41003,1,54,71.44,40538,0,[N/A],[N/A],[N/A],[N/A],4,4,"%CPU COMMAND;3652 VLLM::Worker_TP;3591 VLLM::Worker_TP;87.3 opencode;15.3 python3;13.7 vllm;"
1788645961,2026-09-05T22:06:01+00:00,6471.41,48500,54625,50000,49250,48250,49250,52500,48500,49750,237.62,1.57,1500000,92.97,56.83,25.26,1003,927,112,51,67.94,41003,0,54,69.44,40538,0,[N/A],[N/A],[N/A],[N/A],4,4,"%CPU COMMAND;3645 VLLM::Worker_TP;3583 VLLM::Worker_TP;87.3 opencode;15.3 python3;13.6 vllm;"
1788645962,2026-09-05T22:06:02+00:00,6472.90,47000,53875,48750,48250,46500,47500,48500,46750,47750,156.96,0.47,1500000,92.97,56.83,25.26,1003,926,112,51,65.46,41003,0,54,65.45,40538,0,[N/A],[N/A],[N/A],[N/A],4,4,"%CPU COMMAND;3627 VLLM::Worker_TP;3566 VLLM::Worker_TP; 400 ps;87.3 opencode;15.3 python3;"
1788645964,2026-09-05T22:06:04+00:00,6474.40,47250,53125,48500,47750,46500,48250,49000,46500,48000,158.93,0.37,2110725,85.84,55.95,25.15,1003,926,112,51,65.62,41003,0,54,66.34,40538,0,[N/A],[N/A],[N/A],[N/A],4,4,"%CPU COMMAND;3610 VLLM::Worker_TP;3549 VLLM::Worker_TP;87.3 opencode;15.2 python3;13.5 vllm;"
1788645965,2026-09-05T22:06:05+00:00,6475.91,49250,52500,52250,52500,48500,48750,51000,54000,49750,166.36,0.49,3343863,85.84,55.95,25.15,1003,926,112,51,65.32,41003,0,54,66.80,40538,0,[N/A],[N/A],[N/A],[N/A],4,4,"%CPU COMMAND;3603 VLLM::Worker_TP;3542 VLLM::Worker_TP;87.4 opencode;15.2 python3;13.5 vllm;"
1788645967,2026-09-05T22:06:07+00:00,6477.47,50250,53125,54750,52750,50000,51250,51750,50000,51750,268.44,1.91,3268786,85.84,55.95,25.15,1003,926,112,51,68.04,41003,0,54,72.19,40538,0,[N/A],[N/A],[N/A],[N/A],4,4,"%CPU COMMAND;3610 VLLM::Worker_TP;3550 VLLM::Worker_TP; 500 ps;87.4 opencode;15.1 python3;"
1788645969,2026-09-05T22:06:09+00:00,6479.04,50500,53750,53500,52000,49750,50500,52750,50250,51250,268.54,3.22,3247422,88.10,56.92,25.63,1003,925,112,51,68.50,41003,0,54,72.08,40538,0,[N/A],[N/A],[N/A],[N/A],4,4,"%CPU COMMAND;3617 VLLM::Worker_TP;3557 VLLM::Worker_TP;87.4 opencode;15.1 python3;13.4 vllm;"
1788645970,2026-09-05T22:06:10+00:00,6480.59,50500,54250,52750,52750,50750,50250,52000,49750,51250,265.79,2.43,3268729,88.10,56.92,25.63,1003,925,112,51,68.32,41003,0,54,72.27,40538,1,[N/A],[N/A],[N/A],[N/A],4,4,"%CPU COMMAND;3624 VLLM::Worker_TP;3565 VLLM::Worker_TP;87.4 opencode;15.1 python3;13.3 vllm;"
1788645972,2026-09-05T22:06:12+00:00,6482.19,50500,54500,53000,51500,51250,53500,52250,50250,51000,272.68,2.56,3268754,88.10,56.92,25.63,1003,925,112,51,67.95,41003,0,55,72.62,40538,1,[N/A],[N/A],[N/A],[N/A],4,4,"%CPU COMMAND;3627 VLLM::Worker_TP;3568 VLLM::Worker_TP;87.4 opencode;15.0 python3;13.2 vllm;"
1788645973,2026-09-05T22:06:13+00:00,6483.70,48000,54125,49000,48750,47750,51250,49500,48000,49250,186.24,1.17,3393688,81.36,56.04,25.51,1003,924,112,51,65.48,41003,0,54,67.25,40538,0,[N/A],[N/A],[N/A],[N/A],4,4,"%CPU COMMAND;3611 VLLM::Worker_TP;3551 VLLM::Worker_TP;87.5 opencode;15.0 python3;13.2 vllm;"
1788645975,2026-09-05T22:06:15+00:00,6485.19,47500,53500,48250,46750,47250,50500,50750,47500,48250,168.79,0.76,1495978,81.36,56.04,25.51,1003,924,112,51,65.39,41003,0,54,67.04,40538,0,[N/A],[N/A],[N/A],[N/A],4,4,"%CPU COMMAND;3594 VLLM::Worker_TP;3535 VLLM::Worker_TP;87.5 opencode;15.0 python3;13.1 vllm;"
1788645976,2026-09-05T22:06:16+00:00,6486.68,46750,52750,48500,47000,46250,47250,48500,46500,47750,158.41,0.35,1500000,81.36,56.04,25.51,1003,924,112,51,65.57,41003,0,54,67.31,40538,0,[N/A],[N/A],[N/A],[N/A],4,4,"%CPU COMMAND;3578 VLLM::Worker_TP;3519 VLLM::Worker_TP; 400 ps;87.5 opencode;14.9 python3;"
1788645978,2026-09-05T22:06:18+00:00,6488.17,52000,52250,52750,50000,49500,50000,51000,49500,50500,172.58,0.61,3368591,81.36,56.04,25.51,1003,924,112,51,65.64,41003,0,55,67.42,40538,0,[N/A],[N/A],[N/A],[N/A],4,4,"%CPU COMMAND;3571 VLLM::Worker_TP;3513 VLLM::Worker_TP;87.5 opencode;14.9 python3;13.0 vllm;"
1788645979,2026-09-05T22:06:19+00:00,6489.70,49500,53500,54500,52750,49250,50000,51500,49750,50750,261.01,2.25,3268832,83.90,56.99,25.98,1003,923,112,51,68.48,41003,0,55,73.13,40538,0,[N/A],[N/A],[N/A],[N/A],4,4,"%CPU COMMAND;3579 VLLM::Worker_TP;3521 VLLM::Worker_TP;87.5 opencode;14.9 python3;13.0 vllm;"
1788645981,2026-09-05T22:06:21+00:00,6491.26,49750,54000,54000,51250,50000,50250,51250,50000,50750,264.14,2.14,3266209,83.90,56.99,25.98,1003,923,112,51,68.67,41003,1,55,72.37,40538,1,[N/A],[N/A],[N/A],[N/A],4,4,"%CPU COMMAND;3586 VLLM::Worker_TP;3528 VLLM::Worker_TP;87.5 opencode;14.8 python3;12.9 vllm;"
1788645982,2026-09-05T22:06:22+00:00,6492.83,51000,54125,54500,52250,50750,50250,52500,50000,52000,268.33,1.98,3255213,83.90,56.99,25.98,1003,923,112,51,68.64,41003,0,55,72.79,40538,0,[N/A],[N/A],[N/A],[N/A],4,4,"%CPU COMMAND;3594 VLLM::Worker_TP;3536 VLLM::Worker_TP;87.5 opencode;14.8 python3;12.9 vllm;"
1788645984,2026-09-05T22:06:24+00:00,6494.42,49250,54125,50000,49500,48000,48500,50750,48250,49500,253.25,1.83,1500000,86.71,58.02,26.48,1003,922,112,51,68.29,41003,0,55,72.10,40538,0,[N/A],[N/A],[N/A],[N/A],4,4,"%CPU COMMAND;3589 VLLM::Worker_TP;3533 VLLM::Worker_TP;87.4 opencode;14.7 python3;12.8 vllm;"
1788645985,2026-09-05T22:06:25+00:00,6495.90,47500,53500,48750,48500,46500,47500,49250,47250,48250,158.77,0.53,2353476,86.71,58.02,26.48,1003,922,112,51,65.60,41003,0,55,66.76,40538,0,[N/A],[N/A],[N/A],[N/A],4,4,"%CPU COMMAND;3573 VLLM::Worker_TP;3517 VLLM::Worker_TP;87.4 opencode;14.7 python3;12.8 vllm;"
1788645987,2026-09-05T22:06:27+00:00,6497.40,53250,53375,55000,51000,50500,50000,51500,50250,50250,213.85,1.59,3268782,86.71,58.02,26.48,1003,922,112,51,66.90,41003,1,55,70.61,40538,0,[N/A],[N/A],[N/A],[N/A],4,4,"%CPU COMMAND;3576 VLLM::Worker_TP;3520 VLLM::Worker_TP; 600 ps;87.4 opencode;14.7 python3;"
1788645989,2026-09-05T22:06:29+00:00,6498.94,50000,53875,53500,53250,49750,50750,52000,49750,50750,262.59,1.97,3268782,88.81,58.93,26.94,1003,922,112,51,68.36,41003,0,55,72.48,40538,0,[N/A],[N/A],[N/A],[N/A],4,4,"%CPU COMMAND;3583 VLLM::Worker_TP;3527 VLLM::Worker_TP; 600 ps;87.4 opencode;14.6 python3;"
1788645990,2026-09-05T22:06:30+00:00,6500.51,51000,54125,52000,53000,51500,50000,52500,50250,51000,265.73,1.84,3257355,88.81,58.93,26.94,1003,921,112,52,68.47,41003,1,55,71.91,40538,0,[N/A],[N/A],[N/A],[N/A],4,4,"%CPU COMMAND;3589 VLLM::Worker_TP;3535 VLLM::Worker_TP; 500 ps;87.4 opencode;14.6 python3;"
1788645992,2026-09-05T22:06:32+00:00,6502.05,50750,54125,54000,52500,50000,51250,52000,50250,51000,261.14,1.82,3266184,88.81,58.93,26.94,1003,921,112,52,68.28,41003,0,55,72.11,40538,1,[N/A],[N/A],[N/A],[N/A],4,4,"%CPU COMMAND;3596 VLLM::Worker_TP;3542 VLLM::Worker_TP;87.4 opencode;14.6 python3;12.6 vllm;"
1788645993,2026-09-05T22:06:33+00:00,6503.61,50000,54125,50000,49500,47750,48250,49750,50500,48750,245.40,1.55,1500000,82.10,58.03,26.83,1003,921,112,52,68.69,41003,0,55,71.28,40538,1,[N/A],[N/A],[N/A],[N/A],4,4,"%CPU COMMAND;3590 VLLM::Worker_TP;3536 VLLM::Worker_TP;87.4 opencode;14.5 python3;12.5 vllm;"
1788645995,2026-09-05T22:06:35+00:00,6505.11,52250,54000,53000,53500,49500,53250,51750,50000,51500,207.79,1.41,3293731,82.10,58.03,26.83,1003,920,112,52,66.84,41003,0,55,68.58,40538,0,[N/A],[N/A],[N/A],[N/A],4,4,"%CPU COMMAND;3592 VLLM::Worker_TP;3535 VLLM::Worker_TP;87.4 opencode;14.5 python3;12.5 vllm;"
1788645996,2026-09-05T22:06:36+00:00,6506.67,50500,54250,54250,51250,50250,51250,52500,50250,51250,265.58,1.93,3266297,82.10,58.03,26.83,1003,920,112,52,68.82,41003,1,55,73.19,40538,1,[N/A],[N/A],[N/A],[N/A],4,4,"%CPU COMMAND;3599 VLLM::Worker_TP;3542 VLLM::Worker_TP;87.4 opencode;14.4 python3;12.4 vllm;"
1788645998,2026-09-05T22:06:38+00:00,6508.23,51000,54375,54500,54500,50500,51250,52250,50000,54000,265.50,2.17,3268739,82.10,58.03,26.83,1003,920,112,52,68.70,41003,0,55,72.65,40538,0,[N/A],[N/A],[N/A],[N/A],4,4,"%CPU COMMAND;3606 VLLM::Worker_TP;3548 VLLM::Worker_TP; 500 ps;87.4 opencode;14.4 python3;"
1788645999,2026-09-05T22:06:39+00:00,6509.81,50500,54500,55500,51500,51000,51250,52500,51000,54000,268.74,2.27,3268778,84.74,58.98,27.30,1003,920,112,52,68.82,41003,1,55,72.92,40538,1,[N/A],[N/A],[N/A],[N/A],4,4,"%CPU COMMAND;3613 VLLM::Worker_TP;3555 VLLM::Worker_TP;87.4 opencode;14.4 python3;12.3 vllm;"
1788646001,2026-09-05T22:06:41+00:00,6511.38,51500,54625,54500,52000,52500,51250,52500,50500,51750,266.81,2.55,3266257,84.74,58.98,27.30,1003,919,112,52,68.62,41003,0,55,73.23,40538,1,[N/A],[N/A],[N/A],[N/A],4,4,"%CPU COMMAND;3618 VLLM::Worker_TP;3561 VLLM::Worker_TP; 500 ps;87.4 opencode;14.3 python3;"
1788646003,2026-09-05T22:06:43+00:00,6512.94,53750,54625,54250,52750,50500,50750,53000,50750,51250,266.01,2.16,3268803,84.74,58.98,27.30,1003,919,112,52,68.84,41003,0,55,72.44,40538,0,[N/A],[N/A],[N/A],[N/A],4,4,"%CPU COMMAND;3625 VLLM::Worker_TP;3568 VLLM::Worker_TP;87.4 opencode;14.3 python3;12.3 vllm;"
1788646004,2026-09-05T22:06:44+00:00,6514.50,55750,54875,53500,53000,52250,51750,52750,52250,52000,263.87,2.45,3249087,87.40,59.96,27.79,1003,919,112,52,68.62,41003,0,55,72.66,40538,0,[N/A],[N/A],[N/A],[N/A],4,4,"%CPU COMMAND;3632 VLLM::Worker_TP;3575 VLLM::Worker_TP;87.3 opencode;14.2 python3;12.2 vllm;"
1788646006,2026-09-05T22:06:46+00:00,6516.07,55250,54875,53750,52000,50750,50500,52000,51000,51250,266.47,2.12,3268798,87.40,59.96,27.79,1003,919,112,52,68.33,41003,0,55,72.95,40538,0,[N/A],[N/A],[N/A],[N/A],4,4,"%CPU COMMAND;3638 VLLM::Worker_TP;3581 VLLM::Worker_TP; 500 ps;87.3 opencode;14.2 python3;"
1788646007,2026-09-05T22:06:47+00:00,6517.65,50500,54875,55250,53500,50000,50500,52000,50500,51500,267.13,1.99,3268755,87.40,59.96,27.79,1003,918,112,52,68.81,41003,0,56,72.70,40538,1,[N/A],[N/A],[N/A],[N/A],4,4,"%CPU COMMAND;3637 VLLM::Worker_TP;3581 VLLM::Worker_TP;87.3 opencode;14.2 python3;12.1 vllm;"
1788646009,2026-09-05T22:06:49+00:00,6519.14,48250,54250,54000,48000,47250,48500,49500,47250,49000,167.58,0.59,1500000,80.80,59.05,27.66,1003,918,112,52,65.87,41003,0,55,67.78,40538,1,[N/A],[N/A],[N/A],[N/A],4,4,"%CPU COMMAND;3622 VLLM::Worker_TP;3567 VLLM::Worker_TP;87.4 opencode;14.1 python3;12.1 vllm;"
1788646010,2026-09-05T22:06:50+00:00,6520.64,47000,53500,49000,48250,46750,47500,49500,46500,48000,154.30,0.32,2754672,80.80,59.05,27.66,1003,918,112,52,65.90,41003,0,55,67.78,40538,0,[N/A],[N/A],[N/A],[N/A],4,4,"%CPU COMMAND;3607 VLLM::Worker_TP;3552 VLLM::Worker_TP;87.4 opencode;14.1 python3;12.0 vllm;"
1788646012,2026-09-05T22:06:52+00:00,6522.13,47000,52750,48750,47500,46500,47000,48750,46500,48250,155.01,0.36,1500000,80.80,59.05,27.66,1003,917,112,52,65.69,41003,0,55,67.36,40538,0,[N/A],[N/A],[N/A],[N/A],4,4,"%CPU COMMAND;3592 VLLM::Worker_TP;3537 VLLM::Worker_TP;87.4 opencode;14.1 python3;12.0 vllm;"
1788646013,2026-09-05T22:06:53+00:00,6523.64,48500,52750,51750,53750,48000,48500,49750,48000,51500,186.60,0.80,1500000,78.98,59.03,27.83,1003,917,112,52,65.73,41003,1,55,68.11,40538,0,[N/A],[N/A],[N/A],[N/A],4,4,"%CPU COMMAND;3589 VLLM::Worker_TP;3527 VLLM::Worker_TP;87.4 opencode;14.0 python3;11.9 vllm;"
1788646015,2026-09-05T22:06:55+00:00,6525.15,50000,54000,53250,53750,49250,51250,51750,50250,51000,250.86,1.73,3279548,78.98,59.03,27.83,1003,917,112,52,67.55,41003,0,55,72.86,40538,1,[N/A],[N/A],[N/A],[N/A],4,4,"%CPU COMMAND;3592 VLLM::Worker_TP;3529 VLLM::Worker_TP;87.4 opencode;14.0 python3;11.9 vllm;"
1788646016,2026-09-05T22:06:56+00:00,6526.71,50750,54125,52750,53750,53500,52750,52000,50250,53750,265.35,2.20,3268826,78.98,59.03,27.83,1003,917,112,52,68.03,41003,1,56,73.28,40538,0,[N/A],[N/A],[N/A],[N/A],4,4,"%CPU COMMAND;3597 VLLM::Worker_TP;3536 VLLM::Worker_TP;87.4 opencode;14.0 python3;11.9 vllm;"
1788646018,2026-09-05T22:06:58+00:00,6528.29,50500,54250,51500,54000,50250,52000,54000,53000,52750,268.85,2.16,3268760,78.98,59.03,27.83,1003,916,112,52,68.49,41003,0,56,72.90,40538,0,[N/A],[N/A],[N/A],[N/A],4,4,"%CPU COMMAND;3603 VLLM::Worker_TP;3542 VLLM::Worker_TP; 500 ps;87.4 opencode;14.0 python3;"
1788646019,2026-09-05T22:06:59+00:00,6529.83,50750,54375,52750,54750,51250,51000,56750,50500,51750,262.37,2.08,3268808,81.86,59.96,28.30,1003,916,112,52,68.40,41003,0,56,72.36,40538,0,[N/A],[N/A],[N/A],[N/A],4,4,"%CPU COMMAND;3605 VLLM::Worker_TP;3548 VLLM::Worker_TP; 400 ps;87.5 opencode;13.9 python3;"
1788646021,2026-09-05T22:07:01+00:00,6531.36,50250,54750,52250,52250,50750,50750,55500,50500,51750,243.75,1.57,3266156,81.86,59.96,28.30,1003,916,112,52,69.09,41003,1,56,69.36,40538,0,[N/A],[N/A],[N/A],[N/A],4,4,"%CPU COMMAND;3609 VLLM::Worker_TP;3544 VLLM::Worker_TP;87.5 opencode;13.9 python3;11.7 vllm;"
1788646022,2026-09-05T22:07:02+00:00,6532.89,50500,54750,55000,52500,52750,50750,52750,51000,51500,260.04,1.80,3244519,81.86,59.96,28.30,1003,916,112,52,68.32,41003,0,56,73.23,40538,1,[N/A],[N/A],[N/A],[N/A],4,4,"%CPU COMMAND;3615 VLLM::Worker_TP;3550 VLLM::Worker_TP;87.5 opencode;13.9 python3;11.7 vllm;"
1788646024,2026-09-05T22:07:04+00:00,6534.48,51000,54875,54000,51750,51750,55500,52750,51500,52000,270.96,1.87,3268793,84.84,60.94,28.78,1003,915,112,52,68.44,41003,0,56,73.24,40538,0,[N/A],[N/A],[N/A],[N/A],4,4,"%CPU COMMAND;3621 VLLM::Worker_TP;3556 VLLM::Worker_TP;87.5 opencode;13.8 python3;11.6 vllm;"
1788646026,2026-09-05T22:07:06+00:00,6536.06,51000,55000,54750,54000,53750,51250,52750,51000,51250,269.94,2.59,3268827,84.84,60.94,28.78,1003,915,112,52,68.71,41003,0,56,73.62,40538,0,[N/A],[N/A],[N/A],[N/A],4,4,"%CPU COMMAND;3627 VLLM::Worker_TP;3562 VLLM::Worker_TP;87.5 opencode;13.8 python3;11.6 vllm;"
1788646027,2026-09-05T22:07:07+00:00,6537.62,48750,55000,53250,49250,50500,49250,51750,48750,50000,245.76,1.66,1500000,84.84,60.94,28.78,1003,915,112,52,68.19,41003,0,56,75.06,40538,1,[N/A],[N/A],[N/A],[N/A],4,4,"%CPU COMMAND;3617 VLLM::Worker_TP;3558 VLLM::Worker_TP;87.5 opencode;13.8 python3;11.6 vllm;"
1788646029,2026-09-05T22:07:09+00:00,6539.10,47500,54250,52250,48250,48250,48000,51500,47750,49250,165.03,0.48,3439448,78.36,59.99,28.65,1003,914,112,52,66.03,41003,0,56,68.54,40538,0,[N/A],[N/A],[N/A],[N/A],4,4,"%CPU COMMAND;3607 VLLM::Worker_TP;3548 VLLM::Worker_TP; 500 ps;87.5 opencode;13.7 python3;"
1788646030,2026-09-05T22:07:10+00:00,6540.64,50500,54375,54000,54500,51500,50250,52000,50500,51500,260.84,1.98,3266312,78.36,59.99,28.65,1003,914,112,52,68.33,41003,0,56,74.14,40538,1,[N/A],[N/A],[N/A],[N/A],4,4,"%CPU COMMAND;3614 VLLM::Worker_TP;3554 VLLM::Worker_TP;87.5 opencode;13.7 python3;11.5 vllm;"
1788646032,2026-09-05T22:07:12+00:00,6542.25,50750,54750,51750,52750,53000,50750,52500,50750,55000,273.18,2.88,3268828,78.36,59.99,28.65,1003,914,112,52,68.70,41003,0,56,74.40,40538,1,[N/A],[N/A],[N/A],[N/A],4,4,"%CPU COMMAND;3620 VLLM::Worker_TP;3560 VLLM::Worker_TP; 500 ps;87.6 opencode;13.7 python3;"
1788646033,2026-09-05T22:07:13+00:00,6543.83,51000,54750,52500,54250,50750,51000,52250,51250,52250,271.15,1.88,3245243,81.46,60.94,29.12,1003,914,112,52,69.09,41003,0,56,73.94,40538,1,[N/A],[N/A],[N/A],[N/A],4,4,"%CPU COMMAND;3626 VLLM::Worker_TP;3567 VLLM::Worker_TP;87.6 opencode;13.6 python3;11.4 vllm;"
1788646035,2026-09-05T22:07:15+00:00,6545.39,51000,54875,54750,52250,53750,51000,52750,51000,51250,267.70,1.85,3268849,81.46,60.94,29.12,1003,914,112,52,68.73,41003,0,56,73.42,40538,0,[N/A],[N/A],[N/A],[N/A],4,4,"%CPU COMMAND;3630 VLLM::Worker_TP;3571 VLLM::Worker_TP; 400 ps;87.6 opencode;13.6 python3;"
1788646037,2026-09-05T22:07:17+00:00,6546.92,47750,54375,49500,49250,49000,48000,49500,47250,48750,195.46,0.87,1497068,81.46,60.94,29.12,1003,913,112,52,66.17,41003,0,56,68.19,40538,0,[N/A],[N/A],[N/A],[N/A],4,4,"%CPU COMMAND;3616 VLLM::Worker_TP;3557 VLLM::Worker_TP;87.6 opencode;13.6 python3;11.3 vllm;"
1788646038,2026-09-05T22:07:18+00:00,6548.42,50500,54250,53250,53000,55500,53250,51500,50000,51000,209.81,1.25,3293707,81.46,60.94,29.12,1003,913,112,52,67.19,41003,0,56,71.24,40538,0,[N/A],[N/A],[N/A],[N/A],4,4,"%CPU COMMAND;3617 VLLM::Worker_TP;3558 VLLM::Worker_TP;87.6 opencode;13.6 python3;11.3 vllm;"
1788646040,2026-09-05T22:07:20+00:00,6549.96,50750,54625,55000,51250,50750,54500,52500,51250,52750,265.50,2.37,3268741,84.14,61.84,29.59,1003,913,112,52,68.97,41003,0,56,73.28,40538,0,[N/A],[N/A],[N/A],[N/A],4,4,"%CPU COMMAND;3623 VLLM::Worker_TP;3564 VLLM::Worker_TP;87.6 opencode;13.5 python3;11.2 vllm;"
1788646041,2026-09-05T22:07:21+00:00,6551.49,53500,54750,52250,53250,55000,51000,52250,53000,52250,262.06,1.86,3251775,84.14,61.84,29.59,1003,912,112,52,69.03,41003,0,56,74.25,40538,0,[N/A],[N/A],[N/A],[N/A],4,4,"%CPU COMMAND;3628 VLLM::Worker_TP;3570 VLLM::Worker_TP;87.7 opencode;13.5 python3;11.2 vllm;"
1788646043,2026-09-05T22:07:23+00:00,6553.09,51250,55000,55250,52000,55500,51250,52750,51750,52000,273.78,2.04,3265970,84.14,61.84,29.59,1003,912,112,53,69.20,41003,0,56,73.61,40538,1,[N/A],[N/A],[N/A],[N/A],4,4,"%CPU COMMAND;3634 VLLM::Worker_TP;3576 VLLM::Worker_TP;87.7 opencode;13.5 python3;11.2 vllm;"
1788646044,2026-09-05T22:07:24+00:00,6554.65,49250,55125,50500,50250,48750,50500,51750,49750,50750,260.28,1.92,2617447,87.17,62.84,30.08,1003,912,112,52,68.92,41003,0,56,73.70,40538,1,[N/A],[N/A],[N/A],[N/A],4,4,"%CPU COMMAND;3633 VLLM::Worker_TP;3573 VLLM::Worker_TP;87.7 opencode;13.4 python3;11.1 vllm;"
1788646046,2026-09-05T22:07:26+00:00,6556.14,48000,54625,50000,49250,53750,48250,51250,47500,49000,169.15,0.65,1496204,87.17,62.84,30.08,1003,912,112,52,66.08,41003,0,56,68.96,40538,0,[N/A],[N/A],[N/A],[N/A],4,4,"%CPU COMMAND;3619 VLLM::Worker_TP;3560 VLLM::Worker_TP;87.7 opencode;13.4 python3;11.1 vllm;"
1788646047,2026-09-05T22:07:27+00:00,6557.63,47000,54125,49000,48500,51500,47750,48750,47000,48750,167.61,0.75,1496595,87.17,62.84,30.08,1003,911,112,52,66.07,41003,0,56,69.63,40538,0,[N/A],[N/A],[N/A],[N/A],4,4,"%CPU COMMAND;3605 VLLM::Worker_TP;3546 VLLM::Worker_TP; 300 ps;87.8 opencode;13.4 python3;"
1788646049,2026-09-05T22:07:29+00:00,6559.12,47250,53500,51750,47750,47250,47750,48750,46750,48750,163.36,0.70,1500000,80.51,61.86,29.94,1003,911,112,52,66.08,41003,0,56,69.57,40538,1,[N/A],[N/A],[N/A],[N/A],4,4,"%CPU COMMAND;3592 VLLM::Worker_TP;3533 VLLM::Worker_TP;87.8 opencode;13.4 python3;11.0 vllm;"
1788646050,2026-09-05T22:07:30+00:00,6560.62,48000,52875,49750,53250,49500,48750,49750,48000,49250,161.57,0.49,3343660,80.51,61.86,29.94,1003,911,112,52,66.02,41003,0,56,69.40,40538,0,[N/A],[N/A],[N/A],[N/A],4,4,"%CPU COMMAND;3587 VLLM::Worker_TP;3520 VLLM::Worker_TP;87.8 opencode;13.3 python3;11.0 vllm;"
1788646052,2026-09-05T22:07:32+00:00,6562.11,49500,53250,53750,53500,49750,50500,51750,50500,51250,247.66,1.82,3266206,80.51,61.86,29.94,1003,911,112,53,70.04,41003,1,56,74.20,40538,1,[N/A],[N/A],[N/A],[N/A],4,4,"%CPU COMMAND;3593 VLLM::Worker_TP;3525 VLLM::Worker_TP; 500 ps;87.8 opencode;13.3 python3;"
1788646053,2026-09-05T22:07:33+00:00,6563.68,53250,53625,51750,53750,53500,50500,52750,50500,51500,265.06,1.88,3268748,83.44,62.78,30.41,1003,911,112,53,68.85,41003,0,57,74.88,40538,1,[N/A],[N/A],[N/A],[N/A],4,4,"%CPU COMMAND;3598 VLLM::Worker_TP;3531 VLLM::Worker_TP; 500 ps;87.7 opencode;13.3 python3;"
1788646055,2026-09-05T22:07:35+00:00,6565.25,50250,53875,54750,51500,50000,50750,52250,51500,52250,264.88,1.84,3268636,83.44,62.78,30.41,1003,910,112,53,68.75,41003,0,57,75.06,40538,0,[N/A],[N/A],[N/A],[N/A],4,4,"%CPU COMMAND;3604 VLLM::Worker_TP;3538 VLLM::Worker_TP;87.7 opencode;13.2 python3;10.9 vllm;"
1788646056,2026-09-05T22:07:36+00:00,6566.81,50500,54125,55000,54750,50500,50000,52750,50500,50750,264.56,1.86,3265735,83.44,62.78,30.41,1003,910,112,53,68.78,41003,0,57,74.51,40538,1,[N/A],[N/A],[N/A],[N/A],4,4,"%CPU COMMAND;3603 VLLM::Worker_TP;3538 VLLM::Worker_TP; 400 ps;87.7 opencode;13.2 python3;"
1788646058,2026-09-05T22:07:38+00:00,6568.31,50500,53875,54750,52250,51500,50750,52500,50750,52250,202.04,1.16,3293706,83.44,62.78,30.41,1003,910,112,53,66.88,41003,0,57,71.63,40538,1,[N/A],[N/A],[N/A],[N/A],4,4,"%CPU COMMAND;3603 VLLM::Worker_TP;3537 VLLM::Worker_TP; 500 ps;87.7 opencode;13.2 python3;"
1788646059,2026-09-05T22:07:39+00:00,6569.88,51250,54125,53000,54250,51500,51000,53500,51250,51250,268.96,1.90,3268757,81.64,62.75,30.57,1003,909,112,53,68.87,41003,0,57,73.86,40538,0,[N/A],[N/A],[N/A],[N/A],4,4,"%CPU COMMAND;3609 VLLM::Worker_TP;3543 VLLM::Worker_TP;87.7 opencode;13.3 python3;10.8 vllm;"
1788646061,2026-09-05T22:07:41+00:00,6571.47,50750,54500,52750,54750,51000,51000,52250,50750,51500,270.48,1.98,3251446,81.64,62.75,30.57,1003,909,112,53,69.24,41003,1,57,74.14,40538,1,[N/A],[N/A],[N/A],[N/A],4,4,"%CPU COMMAND;3615 VLLM::Worker_TP;3550 VLLM::Worker_TP;87.6 opencode;13.6 python3;10.7 vllm;"
1788646063,2026-09-05T22:07:43+00:00,6573.07,50750,54750,53750,52250,52250,51000,55000,51250,51750,272.11,2.05,3268814,81.64,62.75,30.57,1003,909,112,53,69.04,41003,1,57,74.29,40538,1,[N/A],[N/A],[N/A],[N/A],4,4,"%CPU COMMAND;3619 VLLM::Worker_TP;3555 VLLM::Worker_TP;87.6 opencode;14.5 python3;10.7 vllm;"
1788646064,2026-09-05T22:07:44+00:00,6574.64,50750,55000,52000,54500,50250,51500,52000,51500,53000,267.24,2.28,3266187,80.31,62.78,30.76,1003,908,112,53,68.89,41003,0,57,73.76,40538,0,[N/A],[N/A],[N/A],[N/A],4,4,"%CPU COMMAND;3619 VLLM::Worker_TP;3554 VLLM::Worker_TP;87.6 opencode;14.8 python3;10.7 vllm;"
1788646066,2026-09-05T22:07:46+00:00,6576.14,48250,54375,49500,49000,46750,48250,51000,47500,48750,169.89,0.76,1500000,80.31,62.78,30.76,1003,908,112,53,66.06,41003,0,57,69.53,40538,0,[N/A],[N/A],[N/A],[N/A],4,4,"%CPU COMMAND;3606 VLLM::Worker_TP;3541 VLLM::Worker_TP; 400 ps;87.6 opencode;15.3 python3;"
1788646067,2026-09-05T22:07:47+00:00,6577.63,47750,53625,53000,53000,47250,48250,53500,48500,49000,169.82,0.81,3418447,80.31,62.78,30.76,1003,907,112,53,66.03,41003,0,57,69.25,40538,0,[N/A],[N/A],[N/A],[N/A],4,4,"%CPU COMMAND;3593 VLLM::Worker_TP;3529 VLLM::Worker_TP;87.6 opencode;16.4 python3;10.6 vllm;"
1788646069,2026-09-05T22:07:49+00:00,6579.13,49750,53750,53250,53500,50000,50750,52250,50250,50500,225.14,1.90,3268777,87.33,64.53,31.50,1003,907,112,53,66.75,41003,0,57,72.12,40538,1,[N/A],[N/A],[N/A],[N/A],4,4,"%CPU COMMAND;3596 VLLM::Worker_TP;3532 VLLM::Worker_TP;87.6 opencode;16.7 python3;10.6 vllm;"
1788646070,2026-09-05T22:07:50+00:00,6580.68,50500,54125,54000,54000,50750,51000,52500,52000,51500,265.01,1.93,3257353,87.33,64.53,31.50,1003,906,112,53,68.55,41003,0,57,73.59,40538,0,[N/A],[N/A],[N/A],[N/A],4,4,"%CPU COMMAND;3601 VLLM::Worker_TP;3537 VLLM::Worker_TP; 500 ps;87.6 opencode;17.3 python3;"
1788646072,2026-09-05T22:07:52+00:00,6582.25,50500,54500,52500,54000,52250,51250,52750,51250,51500,270.40,2.25,3268875,87.33,64.53,31.50,1003,906,112,53,68.78,41003,0,57,74.29,40538,0,[N/A],[N/A],[N/A],[N/A],4,4,"%CPU COMMAND;3604 VLLM::Worker_TP;3540 VLLM::Worker_TP;87.6 opencode;17.9 python3;10.5 vllm;"
1788646073,2026-09-05T22:07:53+00:00,6583.80,48250,54500,50000,49250,48000,49500,49750,49750,49000,197.13,0.91,1500000,84.66,64.36,31.62,1003,905,112,53,66.04,41003,1,57,70.58,40538,0,[N/A],[N/A],[N/A],[N/A],4,4,"%CPU COMMAND;3591 VLLM::Worker_TP;3527 VLLM::Worker_TP; 400 ps;87.6 opencode;18.5 python3;"
1788646075,2026-09-05T22:07:55+00:00,6585.29,48500,53750,49000,49000,47000,47750,51000,47500,48000,169.74,0.66,1500000,84.66,64.36,31.62,1003,905,112,53,65.90,41003,1,57,69.25,40538,0,[N/A],[N/A],[N/A],[N/A],4,4,"%CPU COMMAND;3578 VLLM::Worker_TP;3515 VLLM::Worker_TP;87.6 opencode;19.5 python3;10.4 vllm;"
1788646076,2026-09-05T22:07:56+00:00,6586.79,47750,53125,48500,48000,47250,48000,48750,49000,48000,163.55,0.70,1500000,84.66,64.36,31.62,1003,904,112,53,66.09,41003,0,57,68.92,40538,0,[N/A],[N/A],[N/A],[N/A],4,4,"%CPU COMMAND;3566 VLLM::Worker_TP;3503 VLLM::Worker_TP;87.6 opencode;20.0 python3;10.4 vllm;"
1788646078,2026-09-05T22:07:58+00:00,6588.30,47250,52625,49250,47500,47000,47000,48750,46500,49000,164.75,0.54,1500000,84.66,64.36,31.62,1003,904,112,53,65.92,41003,2,57,68.87,40538,0,[N/A],[N/A],[N/A],[N/A],4,4,"%CPU COMMAND;3553 VLLM::Worker_TP;3490 VLLM::Worker_TP;87.6 opencode;20.6 python3;10.4 vllm;"
1788646079,2026-09-05T22:07:59+00:00,6589.80,47250,52375,51500,48250,46500,46250,49500,47250,48000,172.90,0.90,1500000,82.04,64.15,31.73,1003,903,112,53,66.04,41003,0,57,69.39,40538,0,[N/A],[N/A],[N/A],[N/A],4,4,"%CPU COMMAND;3541 VLLM::Worker_TP;3478 VLLM::Worker_TP;87.6 opencode;21.5 python3;10.3 vllm;"
1788646081,2026-09-05T22:08:01+00:00,6591.30,46250,51875,48250,47000,46250,46500,48750,45750,47750,159.12,0.53,1500000,82.04,64.15,31.73,1003,903,112,53,66.13,41003,0,57,69.15,40538,0,[N/A],[N/A],[N/A],[N/A],4,4,"%CPU COMMAND;3528 VLLM::Worker_TP;3466 VLLM::Worker_TP;87.6 opencode;22.1 python3;10.3 vllm;"
1788646082,2026-09-05T22:08:02+00:00,6592.81,46500,51250,47750,48250,48250,47000,48250,46000,48250,160.56,0.62,1495991,82.04,64.15,31.73,1003,902,112,53,66.07,41003,0,57,68.82,40538,0,[N/A],[N/A],[N/A],[N/A],4,4,"%CPU COMMAND;3516 VLLM::Worker_TP;3454 VLLM::Worker_TP;87.7 opencode;23.0 python3;10.3 vllm;"
1788646084,2026-09-05T22:08:04+00:00,6594.31,46250,51125,48250,48500,46750,46750,48500,46250,48250,167.95,0.76,1500000,80.68,64.16,31.91,1003,902,112,53,66.18,41003,0,57,69.70,40538,0,[N/A],[N/A],[N/A],[N/A],4,4,"%CPU COMMAND;3504 VLLM::Worker_TP;3442 VLLM::Worker_TP;87.7 opencode;23.7 python3;10.2 vllm;"
1788646085,2026-09-05T22:08:05+00:00,6595.82,45000,50750,47500,46250,45750,46250,49000,46000,47250,159.94,0.62,1500000,80.68,64.16,31.91,1003,901,112,53,66.27,41003,0,57,69.74,40538,0,[N/A],[N/A],[N/A],[N/A],4,4,"%CPU COMMAND;3492 VLLM::Worker_TP;3430 VLLM::Worker_TP;87.7 opencode;24.3 python3;10.2 vllm;"
1788646087,2026-09-05T22:08:07+00:00,6597.33,46500,50500,49250,47000,46750,47000,48250,46000,47500,168.20,0.84,1500000,80.68,64.16,31.91,1003,901,112,53,66.19,41003,0,57,68.82,40538,0,[N/A],[N/A],[N/A],[N/A],4,4,"%CPU COMMAND;3480 VLLM::Worker_TP;3418 VLLM::Worker_TP;87.7 opencode;25.5 python3;10.2 vllm;"
1788646088,2026-09-05T22:08:08+00:00,6598.83,46250,50625,49000,47500,45750,47500,48250,46500,48000,172.72,1.09,1500000,78.78,64.04,32.04,1003,901,112,53,66.31,41003,0,57,69.03,40538,0,[N/A],[N/A],[N/A],[N/A],4,4,"%CPU COMMAND;3468 VLLM::Worker_TP;3406 VLLM::Worker_TP;87.7 opencode;25.9 python3;10.1 vllm;"
1788646090,2026-09-05T22:08:10+00:00,6600.35,46250,50625,47750,46750,45750,46000,48500,46000,47750,166.13,0.79,1500000,78.78,64.04,32.04,1003,900,112,53,66.33,41003,0,57,68.76,40538,0,[N/A],[N/A],[N/A],[N/A],4,4,"%CPU COMMAND;3456 VLLM::Worker_TP;3394 VLLM::Worker_TP;87.8 opencode;26.5 python3;10.1 vllm;"
1788646091,2026-09-05T22:08:11+00:00,6601.86,46500,50500,47750,47250,46250,47750,48000,46000,47500,171.63,1.05,1500000,78.78,64.04,32.04,1003,899,112,53,66.37,41003,0,57,69.29,40538,0,[N/A],[N/A],[N/A],[N/A],4,4,"%CPU COMMAND;3444 VLLM::Worker_TP;3383 VLLM::Worker_TP; 400 ps;87.8 opencode;27.4 python3;"
1788646093,2026-09-05T22:08:13+00:00,6603.35,46500,50375,47750,47000,45750,46500,47500,46500,47500,162.40,1.18,3439758,78.78,64.04,32.04,1003,899,112,53,66.37,41003,0,57,69.52,40538,0,[N/A],[N/A],[N/A],[N/A],4,4,"%CPU COMMAND;3432 VLLM::Worker_TP;3371 VLLM::Worker_TP;87.8 opencode;28.0 python3;10.0 vllm;"
1788646094,2026-09-05T22:08:14+00:00,6604.87,46500,50000,47750,46250,45750,46750,47750,45500,47000,164.21,0.77,1500000,77.20,63.96,32.19,1003,899,112,53,66.34,41003,0,57,68.99,40538,0,[N/A],[N/A],[N/A],[N/A],4,4,"%CPU COMMAND;3420 VLLM::Worker_TP;3360 VLLM::Worker_TP;87.8 opencode;28.7 python3;10.0 vllm;"
1788646096,2026-09-05T22:08:16+00:00,6606.38,45750,50000,47500,46500,46750,46250,48250,47250,47250,170.10,0.73,1500000,77.20,63.96,32.19,1003,898,112,53,66.22,41003,0,57,69.34,40538,0,[N/A],[N/A],[N/A],[N/A],4,4,"%CPU COMMAND;3409 VLLM::Worker_TP;3348 VLLM::Worker_TP;87.9 opencode;29.4 python3;10.0 vllm;"
1788646097,2026-09-05T22:08:17+00:00,6607.89,45250,49750,47500,50000,46000,46000,47500,45750,47000,164.39,0.45,1500000,77.20,63.96,32.19,1003,898,112,53,66.19,41003,0,57,69.04,40538,0,[N/A],[N/A],[N/A],[N/A],4,4,"%CPU COMMAND;3397 VLLM::Worker_TP;3337 VLLM::Worker_TP;87.9 opencode;30.0 python3;10.0 vllm;"
1788646099,2026-09-05T22:08:19+00:00,6609.39,46250,50125,47500,47000,46250,46500,49500,46000,47250,172.98,0.70,1500000,74.22,63.56,32.23,1003,897,112,53,66.19,41003,0,57,68.98,40538,0,[N/A],[N/A],[N/A],[N/A],4,4,"%CPU COMMAND;3386 VLLM::Worker_TP;3326 VLLM::Worker_TP;87.9 opencode;30.4 python3; 9.9 vllm;"
1788646100,2026-09-05T22:08:20+00:00,6610.88,46250,50250,47500,48500,46250,50500,48250,45750,52000,162.86,0.52,1500000,74.22,63.56,32.23,1003,897,112,53,66.38,41003,0,57,69.29,40538,0,[N/A],[N/A],[N/A],[N/A],4,4,"%CPU COMMAND;3375 VLLM::Worker_TP;3315 VLLM::Worker_TP;87.9 opencode;30.9 python3; 9.9 vllm;"
1788646102,2026-09-05T22:08:22+00:00,6612.40,45750,50250,48250,46000,45750,46750,47750,45500,47000,172.63,0.86,3446945,74.22,63.56,32.23,1003,897,112,53,66.30,41003,0,57,69.02,40538,0,[N/A],[N/A],[N/A],[N/A],4,4,"%CPU COMMAND;3363 VLLM::Worker_TP;3304 VLLM::Worker_TP;88.0 opencode;31.3 python3; 9.9 vllm;"
1788646104,2026-09-05T22:08:24+00:00,6613.92,45250,49875,47250,47750,47500,46500,47750,45750,48250,165.02,0.50,3440754,72.92,63.47,32.37,1003,896,112,53,66.40,41003,0,57,69.19,40538,0,[N/A],[N/A],[N/A],[N/A],4,4,"%CPU COMMAND;3352 VLLM::Worker_TP;3293 VLLM::Worker_TP; 400 ps;88.0 opencode;31.9 python3;"
1788646105,2026-09-05T22:08:25+00:00,6615.41,45750,50000,47250,46500,46000,47250,47500,46250,48750,171.93,0.79,3415328,72.92,63.47,32.37,1003,895,112,53,66.48,41003,0,57,68.99,40538,0,[N/A],[N/A],[N/A],[N/A],4,4,"%CPU COMMAND;3341 VLLM::Worker_TP;3282 VLLM::Worker_TP; 400 ps;88.0 opencode;32.7 python3;"
1788646107,2026-09-05T22:08:27+00:00,6616.92,45500,50000,47000,46500,46750,46000,48000,45250,48000,167.57,0.53,1496967,72.92,63.47,32.37,1003,895,112,53,66.33,41003,0,57,68.48,40538,0,[N/A],[N/A],[N/A],[N/A],4,4,"%CPU COMMAND;3330 VLLM::Worker_TP;3271 VLLM::Worker_TP;88.1 opencode;33.3 python3; 9.8 vllm;"
1788646108,2026-09-05T22:08:28+00:00,6618.43,45750,49750,47500,46000,45000,46750,48000,45250,47000,162.15,0.43,1495384,72.92,63.47,32.37,1003,895,112,53,66.34,41003,1,57,68.40,40538,0,[N/A],[N/A],[N/A],[N/A],4,4,"%CPU COMMAND;3319 VLLM::Worker_TP;3260 VLLM::Worker_TP; 400 ps;88.1 opencode;33.6 python3;"
1788646110,2026-09-05T22:08:30+00:00,6619.94,48000,51250,48000,46750,45750,47750,49000,46000,47750,177.35,0.78,1495977,71.57,63.35,32.49,1003,894,112,53,66.43,41003,0,57,68.88,40538,0,[N/A],[N/A],[N/A],[N/A],4,4,"%CPU COMMAND;3308 VLLM::Worker_TP;3250 VLLM::Worker_TP;88.1 opencode;34.4 python3; 9.7 vllm;"
1788646111,2026-09-05T22:08:31+00:00,6621.44,45000,50750,47000,46500,46000,45500,47000,45250,46500,158.64,0.67,2756213,71.57,63.35,32.49,1003,894,112,53,66.38,41003,0,57,68.49,40538,0,[N/A],[N/A],[N/A],[N/A],4,4,"%CPU COMMAND;3297 VLLM::Worker_TP;3239 VLLM::Worker_TP;88.1 opencode;35.0 python3; 9.7 vllm;"
1788646113,2026-09-05T22:08:33+00:00,6622.96,45500,50250,47000,45500,45500,46500,47500,45250,46500,166.38,0.56,1654288,71.57,63.35,32.49,1003,893,112,53,66.31,41003,0,57,68.69,40538,0,[N/A],[N/A],[N/A],[N/A],4,4,"%CPU COMMAND;3286 VLLM::Worker_TP;3228 VLLM::Worker_TP;88.1 opencode;35.4 python3; 9.7 vllm;"
1788646114,2026-09-05T22:08:34+00:00,6624.48,45750,50125,47500,47000,45000,46500,46750,45500,46750,173.37,1.07,1500000,68.40,62.83,32.49,1003,893,112,53,66.36,41003,1,57,68.84,40538,0,[N/A],[N/A],[N/A],[N/A],4,4,"%CPU COMMAND;3276 VLLM::Worker_TP;3218 VLLM::Worker_TP; 400 ps;88.1 opencode;36.1 python3;"
1788646116,2026-09-05T22:08:36+00:00,6625.97,46000,49750,47500,47000,45500,45500,50750,45500,46750,163.09,0.65,1497069,68.40,62.83,32.49,1003,892,112,53,66.44,41003,0,57,68.13,40538,0,[N/A],[N/A],[N/A],[N/A],4,4,"%CPU COMMAND;3265 VLLM::Worker_TP;3207 VLLM::Worker_TP;88.2 opencode;36.6 python3; 9.6 vllm;"
1788646117,2026-09-05T22:08:37+00:00,6627.48,45500,49500,50250,46250,45500,46000,47500,45000,47750,156.70,0.89,2737621,68.40,62.83,32.49,1003,892,112,53,66.43,41003,0,57,69.36,40538,0,[N/A],[N/A],[N/A],[N/A],4,4,"%CPU COMMAND;3255 VLLM::Worker_TP;3197 VLLM::Worker_TP;88.2 opencode;36.8 python3; 9.6 vllm;"
1788646119,2026-09-05T22:08:39+00:00,6628.99,45750,49250,47750,46500,46000,45750,46750,45500,46750,166.30,0.88,3400972,64.36,62.08,32.41,1003,892,112,53,66.40,41003,0,57,68.92,40538,0,[N/A],[N/A],[N/A],[N/A],4,4,"%CPU COMMAND;3244 VLLM::Worker_TP;3187 VLLM::Worker_TP;88.2 opencode;37.3 python3; 9.6 vllm;"
1788646120,2026-09-05T22:08:40+00:00,6630.50,45250,49375,49500,46000,45250,46250,47250,45250,46500,166.51,0.72,2179736,64.36,62.08,32.41,1003,891,112,53,66.46,41003,0,57,69.12,40538,1,[N/A],[N/A],[N/A],[N/A],4,4,"%CPU COMMAND;3234 VLLM::Worker_TP;3177 VLLM::Worker_TP;88.3 opencode;37.6 python3; 9.5 vllm;"
1788646122,2026-09-05T22:08:42+00:00,6632.01,45500,49375,47500,46000,45250,46250,48000,45000,47000,174.71,0.73,2754685,64.36,62.08,32.41,1003,891,112,53,66.61,41003,0,57,69.36,40538,1,[N/A],[N/A],[N/A],[N/A],4,4,"%CPU COMMAND;3227 VLLM::Worker_TP;3170 VLLM::Worker_TP;88.3 opencode;37.6 python3; 9.5 vllm;"
1788646123,2026-09-05T22:08:43+00:00,6633.55,48250,51250,52500,51750,49250,49250,50750,48250,49500,258.17,2.26,3268721,64.36,62.08,32.41,1003,891,112,53,69.52,41003,0,58,73.46,40538,0,[N/A],[N/A],[N/A],[N/A],4,4,"%CPU COMMAND;3233 VLLM::Worker_TP;3176 VLLM::Worker_TP; 500 ps;88.3 opencode;37.9 python3;"
1788646125,2026-09-05T22:08:45+00:00,6635.12,49250,52250,53500,51250,49750,50250,51250,49000,50000,266.78,1.85,3268770,72.42,63.79,33.13,1003,890,112,53,69.38,41003,0,58,74.20,40538,0,[N/A],[N/A],[N/A],[N/A],4,4,"%CPU COMMAND;3239 VLLM::Worker_TP;3181 VLLM::Worker_TP; 500 ps;88.3 opencode;38.6 python3;"
1788646126,2026-09-05T22:08:46+00:00,6636.71,51750,52875,52000,50750,49250,49750,51000,49750,49500,271.47,2.32,3268627,72.42,63.79,33.13,1003,890,112,53,69.28,41003,0,58,74.46,40538,0,[N/A],[N/A],[N/A],[N/A],4,4,"%CPU COMMAND;3244 VLLM::Worker_TP;3187 VLLM::Worker_TP;88.3 opencode;38.8 python3; 9.4 vllm;"
1788646128,2026-09-05T22:08:48+00:00,6638.29,50000,53250,51750,51750,49500,50000,52750,49750,50500,271.40,2.10,3263629,72.42,63.79,33.13,1003,889,112,53,69.54,41003,0,58,73.90,40538,0,[N/A],[N/A],[N/A],[N/A],4,4,"%CPU COMMAND;3250 VLLM::Worker_TP;3192 VLLM::Worker_TP;88.3 opencode;39.5 python3; 9.4 vllm;"
1788646129,2026-09-05T22:08:49+00:00,6639.89,50500,53500,53000,51500,50000,51500,51750,50000,50500,272.81,2.49,3259668,75.83,64.64,33.57,1003,888,112,53,69.14,41003,0,58,74.35,40538,0,[N/A],[N/A],[N/A],[N/A],4,4,"%CPU COMMAND;3255 VLLM::Worker_TP;3198 VLLM::Worker_TP;88.3 opencode;39.8 python3; 9.4 vllm;"
1788646131,2026-09-05T22:08:51+00:00,6641.45,49750,53625,52250,51250,49500,53500,51750,49500,49750,268.18,2.00,3249283,75.83,64.64,33.57,1003,888,112,53,69.52,41003,0,58,73.71,40538,0,[N/A],[N/A],[N/A],[N/A],4,4,"%CPU COMMAND;3261 VLLM::Worker_TP;3204 VLLM::Worker_TP;88.3 opencode;40.5 python3; 9.3 vllm;"
1788646133,2026-09-05T22:08:53+00:00,6643.06,47250,53625,48750,48250,46250,49500,48500,49750,48500,246.42,1.89,1500000,75.83,64.64,33.57,1003,887,112,53,69.20,41003,0,58,72.05,40538,0,[N/A],[N/A],[N/A],[N/A],4,4,"%CPU COMMAND;3256 VLLM::Worker_TP;3199 VLLM::Worker_TP;88.3 opencode;40.8 python3; 9.3 vllm;"
1788646134,2026-09-05T22:08:54+00:00,6644.57,46750,53000,47500,47250,46000,46750,48500,47500,48000,166.70,0.71,1500000,74.08,64.46,33.68,1003,887,112,53,66.53,41003,0,58,68.93,40538,0,[N/A],[N/A],[N/A],[N/A],4,4,"%CPU COMMAND;3246 VLLM::Worker_TP;3189 VLLM::Worker_TP;88.3 opencode;41.6 python3; 9.3 vllm;"
1788646136,2026-09-05T22:08:56+00:00,6646.06,46500,52500,50000,48000,47500,47500,50250,46750,47750,178.31,0.86,1500000,74.08,64.46,33.68,1003,886,112,53,66.48,41003,0,58,69.09,40538,0,[N/A],[N/A],[N/A],[N/A],4,4,"%CPU COMMAND;3236 VLLM::Worker_TP;3180 VLLM::Worker_TP;88.4 opencode;42.1 python3; 9.3 vllm;"
1788646137,2026-09-05T22:08:57+00:00,6647.56,45500,51875,47750,46750,46000,46500,47750,46250,46750,163.93,0.53,1500000,74.08,64.46,33.68,1003,886,112,53,66.44,41003,0,58,69.53,40538,0,[N/A],[N/A],[N/A],[N/A],4,4,"%CPU COMMAND;3226 VLLM::Worker_TP;3170 VLLM::Worker_TP; 400 ps;88.4 opencode;42.7 python3;"
1788646139,2026-09-05T22:08:59+00:00,6649.05,46500,51375,48000,50750,46250,48750,48250,45750,47750,167.61,0.64,1559641,70.55,63.89,33.66,1003,885,112,53,66.39,41003,0,58,68.51,40538,0,[N/A],[N/A],[N/A],[N/A],4,4,"%CPU COMMAND;3216 VLLM::Worker_TP;3160 VLLM::Worker_TP;88.4 opencode;43.7 python3; 9.2 vllm;"
1788646140,2026-09-05T22:09:00+00:00,6650.56,46000,51000,48250,47000,46250,48250,47500,46500,47500,171.38,0.59,1500000,70.55,63.89,33.66,1003,885,112,53,66.57,41003,0,58,69.93,40538,0,[N/A],[N/A],[N/A],[N/A],4,4,"%CPU COMMAND;3207 VLLM::Worker_TP;3151 VLLM::Worker_TP;88.4 opencode;44.1 python3; 9.2 vllm;"
1788646142,2026-09-05T22:09:02+00:00,6652.06,46000,50750,47750,48000,47750,46750,48000,46000,47250,171.98,0.73,3389453,70.55,63.89,33.66,1003,884,112,53,66.47,41003,0,58,69.13,40538,0,[N/A],[N/A],[N/A],[N/A],4,4,"%CPU COMMAND;3197 VLLM::Worker_TP;3142 VLLM::Worker_TP; 400 ps;88.5 opencode;44.6 python3;"
1788646143,2026-09-05T22:09:03+00:00,6653.57,46250,50500,47750,46500,46250,46500,47750,45750,47000,177.57,0.86,1500000,70.55,63.89,33.66,1003,884,112,53,66.59,41003,1,58,69.65,40538,0,[N/A],[N/A],[N/A],[N/A],4,4,"%CPU COMMAND;3189 VLLM::Worker_TP;3134 VLLM::Worker_TP;88.5 opencode;45.1 python3; 9.1 vllm;"
1788646145,2026-09-05T22:09:05+00:00,6655.07,47500,50250,47750,46500,45500,48000,47500,46250,46750,169.66,0.64,1500000,69.63,63.81,33.79,1003,884,112,53,66.50,41003,0,58,68.97,40538,0,[N/A],[N/A],[N/A],[N/A],4,4,"%CPU COMMAND;3179 VLLM::Worker_TP;3124 VLLM::Worker_TP;88.5 opencode;45.5 python3; 9.1 vllm;"
1788646146,2026-09-05T22:09:06+00:00,6656.58,47000,50125,47750,47500,46000,46750,48250,45750,47500,173.68,0.65,1500000,69.63,63.81,33.79,1003,883,112,53,66.69,41003,0,58,69.48,40538,0,[N/A],[N/A],[N/A],[N/A],4,4,"%CPU COMMAND;3170 VLLM::Worker_TP;3115 VLLM::Worker_TP; 400 ps;88.5 opencode;45.9 python3;"
1788646148,2026-09-05T22:09:08+00:00,6658.09,46000,50125,47250,47000,47750,46500,48000,45750,47250,178.60,0.72,1500000,69.63,63.81,33.79,1003,883,112,53,66.96,41003,0,58,69.94,40538,0,[N/A],[N/A],[N/A],[N/A],4,4,"%CPU COMMAND;3162 VLLM::Worker_TP;3107 VLLM::Worker_TP; 400 ps;88.5 opencode;46.2 python3;"
1788646149,2026-09-05T22:09:09+00:00,6659.60,46250,50500,48000,46750,46500,46500,49250,45250,47250,183.62,1.07,1500000,70.70,64.13,34.06,1003,882,112,53,66.80,41003,0,58,69.87,40538,1,[N/A],[N/A],[N/A],[N/A],4,4,"%CPU COMMAND;3153 VLLM::Worker_TP;3098 VLLM::Worker_TP;88.6 opencode;46.4 python3; 9.0 vllm;"
1788646151,2026-09-05T22:09:11+00:00,6661.10,46250,50250,48000,46750,48000,47000,48000,45750,47500,174.48,0.72,1986910,70.70,64.13,34.06,1003,882,112,53,66.60,41003,0,58,69.83,40538,1,[N/A],[N/A],[N/A],[N/A],4,4,"%CPU COMMAND;3144 VLLM::Worker_TP;3089 VLLM::Worker_TP; 400 ps;88.6 opencode;46.8 python3;"
1788646152,2026-09-05T22:09:12+00:00,6662.60,46250,50125,47250,48750,48750,46500,47750,45750,47000,174.36,0.76,1497125,70.70,64.13,34.06,1003,881,112,53,66.55,41003,0,58,69.87,40538,0,[N/A],[N/A],[N/A],[N/A],4,4,"%CPU COMMAND;3135 VLLM::Worker_TP;3080 VLLM::Worker_TP;88.6 opencode;47.5 python3; 9.0 vllm;"
1788646154,2026-09-05T22:09:14+00:00,6664.14,46500,50375,47250,46750,47250,46250,48000,45500,46750,179.88,0.95,1500000,69.60,64.01,34.18,1003,881,112,53,66.68,41003,0,58,70.19,40538,0,[N/A],[N/A],[N/A],[N/A],4,4,"%CPU COMMAND;3126 VLLM::Worker_TP;3071 VLLM::Worker_TP;88.6 opencode;47.9 python3; 9.0 vllm;"
1788646155,2026-09-05T22:09:15+00:00,6665.64,46250,50125,47500,47000,49500,46250,47500,47500,50250,170.51,0.62,1500000,69.60,64.01,34.18,1003,880,112,53,66.44,41003,0,58,69.56,40538,0,[N/A],[N/A],[N/A],[N/A],4,4,"%CPU COMMAND;3116 VLLM::Worker_TP;3062 VLLM::Worker_TP; 400 ps;88.6 opencode;48.9 python3;"
1788646157,2026-09-05T22:09:17+00:00,6667.15,46250,50000,47500,46500,46250,46250,48000,46750,47500,171.19,0.82,1500000,69.60,64.01,34.18,1003,880,112,53,66.56,41003,0,58,68.97,40538,0,[N/A],[N/A],[N/A],[N/A],4,4,"%CPU COMMAND;3107 VLLM::Worker_TP;3053 VLLM::Worker_TP; 400 ps;88.7 opencode;49.2 python3;"
1788646158,2026-09-05T22:09:18+00:00,6668.65,46000,49750,47000,46250,45750,46250,47750,46500,48250,168.42,0.55,1500000,68.27,63.83,34.28,1003,879,112,53,66.51,41003,0,58,69.27,40538,0,[N/A],[N/A],[N/A],[N/A],4,4,"%CPU COMMAND;3098 VLLM::Worker_TP;3044 VLLM::Worker_TP;88.7 opencode;49.9 python3; 8.9 vllm;"
1788646160,2026-09-05T22:09:20+00:00,6670.17,45500,50125,47000,46250,46000,46000,47750,46500,47000,174.25,1.04,1500000,68.27,63.83,34.28,1003,879,112,53,66.40,41003,0,58,68.94,40538,0,[N/A],[N/A],[N/A],[N/A],4,4,"%CPU COMMAND;3088 VLLM::Worker_TP;3035 VLLM::Worker_TP;88.7 opencode;50.6 python3; 8.9 vllm;"
1788646161,2026-09-05T22:09:21+00:00,6671.69,46750,49875,51250,46750,49500,46000,47750,46250,46750,169.42,0.53,1497592,68.27,63.83,34.28,1003,878,112,53,66.33,41003,0,58,69.40,40538,0,[N/A],[N/A],[N/A],[N/A],4,4,"%CPU COMMAND;3079 VLLM::Worker_TP;3026 VLLM::Worker_TP;88.8 opencode;51.1 python3; 8.8 vllm;"
1788646163,2026-09-05T22:09:23+00:00,6673.20,46250,50000,47500,46750,45750,47000,47750,45750,46750,174.28,0.90,2734418,68.27,63.83,34.28,1003,878,112,53,66.33,41003,0,58,69.37,40538,0,[N/A],[N/A],[N/A],[N/A],4,4,"%CPU COMMAND;3070 VLLM::Worker_TP;3017 VLLM::Worker_TP;88.8 opencode;52.0 python3; 8.8 vllm;"
1788646164,2026-09-05T22:09:24+00:00,6674.71,45500,49875,47250,46000,45250,46000,47250,45250,46000,166.20,0.49,1495473,67.61,63.76,34.42,1003,877,112,53,66.44,41003,0,58,69.49,40538,0,[N/A],[N/A],[N/A],[N/A],4,4,"%CPU COMMAND;3061 VLLM::Worker_TP;3008 VLLM::Worker_TP; 400 ps;88.8 opencode;52.5 python3;"
1788646166,2026-09-05T22:09:26+00:00,6676.22,45750,49750,51750,46000,45500,46000,47750,45250,46750,170.25,0.96,3393526,67.61,63.76,34.42,1003,877,112,53,66.42,41003,0,58,69.72,40538,0,[N/A],[N/A],[N/A],[N/A],4,4,"%CPU COMMAND;3052 VLLM::Worker_TP;2999 VLLM::Worker_TP;88.8 opencode;53.4 python3; 8.8 vllm;"
1788646167,2026-09-05T22:09:27+00:00,6677.72,45000,49750,50750,46750,45000,47000,47750,45000,46500,165.51,0.59,2754383,67.61,63.76,34.42,1003,876,112,53,66.47,41003,0,58,69.58,40538,0,[N/A],[N/A],[N/A],[N/A],4,4,"%CPU COMMAND;3043 VLLM::Worker_TP;2990 VLLM::Worker_TP;88.8 opencode;53.9 python3; 8.7 vllm;"
1788646169,2026-09-05T22:09:29+00:00,6679.21,46000,49875,47250,51500,45500,46250,47250,45250,48500,168.83,0.90,1500000,64.68,63.22,34.40,1003,875,112,53,66.38,41003,0,58,68.66,40538,0,[N/A],[N/A],[N/A],[N/A],4,4,"%CPU COMMAND;3035 VLLM::Worker_TP;2982 VLLM::Worker_TP;88.8 opencode;54.7 python3; 8.7 vllm;"
1788646170,2026-09-05T22:09:30+00:00,6680.71,45750,49625,47500,47250,45750,46000,47500,45250,46500,160.07,0.66,1500000,64.68,63.22,34.40,1003,875,112,53,66.40,41003,0,57,62.61,40538,0,[N/A],[N/A],[N/A],[N/A],2,2,"%CPU COMMAND;3025 VLLM::Worker_TP;2973 VLLM::Worker_TP; 400 ps;88.8 opencode;55.1 python3;"
1788646172,2026-09-05T22:09:32+00:00,6682.28,45750,49375,47250,45500,45250,45750,47750,45000,46250,166.21,0.58,1500000,64.68,63.22,34.40,1003,874,112,52,23.89,41003,0,57,19.91,40538,0,[N/A],[N/A],[N/A],[N/A],1,1,"%CPU COMMAND;3016 VLLM::Worker_TP;2964 VLLM::Worker_TP;88.8 opencode;56.1 python3; 8.7 vllm;"
1788646173,2026-09-05T22:09:33+00:00,6683.88,45750,49250,46250,45750,45000,45250,47250,45000,46000,166.92,0.94,1500000,64.22,63.15,34.53,1003,874,112,52,14.10,41003,0,57,16.72,40538,0,[N/A],[N/A],[N/A],[N/A],1,1,"%CPU COMMAND;3007 VLLM::Worker_TP;2954 VLLM::Worker_TP; 400 ps;88.8 opencode;56.6 python3;"
1788646175,2026-09-05T22:09:35+00:00,6685.47,45000,48875,47500,46750,44750,46000,48750,45250,48500,168.34,0.69,3440783,64.22,63.15,34.53,1003,872,112,52,14.06,41003,0,56,16.95,40538,0,[N/A],[N/A],[N/A],[N/A],4,1,"%CPU COMMAND;2998 VLLM::Worker_TP;2946 VLLM::Worker_TP;88.8 opencode;57.6 python3; 8.6 vllm;"
1788646177,2026-09-05T22:09:37+00:00,6686.99,44750,48875,46250,45250,44750,45000,47000,45750,45750,162.25,0.78,1490293,64.22,63.15,34.53,1003,873,112,53,45.92,41003,0,57,49.52,40538,0,[N/A],[N/A],[N/A],[N/A],4,4,"%CPU COMMAND;2990 VLLM::Worker_TP;2938 VLLM::Worker_TP;88.8 opencode;58.0 python3; 8.6 vllm;"
1788646178,2026-09-05T22:09:38+00:00,6688.50,45000,48750,46750,48000,45500,45750,46500,44500,46250,164.06,0.51,1518239,64.22,63.15,34.53,1003,872,112,53,66.36,41003,0,57,69.77,40538,0,[N/A],[N/A],[N/A],[N/A],4,4,"%CPU COMMAND;2981 VLLM::Worker_TP;2929 VLLM::Worker_TP; 400 ps;88.7 opencode;59.1 python3;"
1788646180,2026-09-05T22:09:40+00:00,6690.02,45000,49125,46750,48750,45250,45500,47500,45250,46000,166.62,0.95,1500000,60.52,62.40,34.44,1003,872,112,53,66.39,41003,0,57,69.51,40538,0,[N/A],[N/A],[N/A],[N/A],4,4,"%CPU COMMAND;2972 VLLM::Worker_TP;2921 VLLM::Worker_TP;88.7 opencode;59.4 python3; 8.6 vllm;"
1788646181,2026-09-05T22:09:41+00:00,6691.54,45000,48875,46750,48500,45250,45250,47250,44500,46500,166.70,0.61,1500000,60.52,62.40,34.44,1003,871,112,53,66.35,41003,0,58,69.48,40538,0,[N/A],[N/A],[N/A],[N/A],4,4,"%CPU COMMAND;2964 VLLM::Worker_TP;2912 VLLM::Worker_TP; 400 ps;88.7 opencode;60.0 python3;"
1788646183,2026-09-05T22:09:43+00:00,6693.04,45000,48875,47000,45750,45250,45500,47000,44750,46500,169.48,0.85,3439701,60.52,62.40,34.44,1003,871,112,53,66.37,41003,0,58,69.87,40538,0,[N/A],[N/A],[N/A],[N/A],4,4,"%CPU COMMAND;2955 VLLM::Worker_TP;2904 VLLM::Worker_TP;88.7 opencode;60.7 python3; 8.5 vllm;"
1788646184,2026-09-05T22:09:44+00:00,6694.57,45250,48750,47500,46250,45250,45500,48500,44750,46250,167.67,0.81,1796578,60.16,62.29,34.56,1003,870,112,53,66.32,41003,0,58,70.12,40538,0,[N/A],[N/A],[N/A],[N/A],4,4,"%CPU COMMAND;2947 VLLM::Worker_TP;2896 VLLM::Worker_TP;88.7 opencode;61.2 python3; 8.5 vllm;"
1788646186,2026-09-05T22:09:46+00:00,6696.08,45750,49000,47000,48750,46250,45750,47250,44500,46000,172.08,1.00,1500000,60.16,62.29,34.56,1003,870,112,53,66.29,41003,0,58,69.67,40538,0,[N/A],[N/A],[N/A],[N/A],4,4,"%CPU COMMAND;2939 VLLM::Worker_TP;2888 VLLM::Worker_TP;88.8 opencode;62.0 python3; 8.5 vllm;"
1788646187,2026-09-05T22:09:47+00:00,6697.59,45000,48750,47000,45500,45750,45250,46750,44500,45750,159.48,0.63,1500000,60.16,62.29,34.56,1003,869,112,53,66.31,41003,0,58,69.66,40538,0,[N/A],[N/A],[N/A],[N/A],4,4,"%CPU COMMAND;2930 VLLM::Worker_TP;2879 VLLM::Worker_TP;88.8 opencode;62.5 python3; 8.5 vllm;"
1788646189,2026-09-05T22:09:49+00:00,6699.11,45500,48750,48250,50250,45250,45750,47250,44500,46750,171.96,0.88,3418452,60.14,62.25,34.70,1003,869,112,53,66.44,41003,0,58,69.59,40538,0,[N/A],[N/A],[N/A],[N/A],4,4,"%CPU COMMAND;2922 VLLM::Worker_TP;2871 VLLM::Worker_TP;88.8 opencode;63.3 python3; 8.4 vllm;"
1788646190,2026-09-05T22:09:50+00:00,6700.63,44250,48750,46500,45250,44750,45250,46500,44500,46000,160.89,0.49,1500000,60.14,62.25,34.70,1003,868,112,53,66.42,41003,0,58,69.66,40538,0,[N/A],[N/A],[N/A],[N/A],4,4,"%CPU COMMAND;2914 VLLM::Worker_TP;2863 VLLM::Worker_TP; 400 ps;88.8 opencode;63.8 python3;"
1788646192,2026-09-05T22:09:52+00:00,6702.14,45250,48750,48000,46250,44750,45750,46500,44750,47000,170.09,0.84,3415824,60.14,62.25,34.70,1003,867,112,53,66.30,41003,0,58,69.76,40538,0,[N/A],[N/A],[N/A],[N/A],2,2,"%CPU COMMAND;2905 VLLM::Worker_TP;2855 VLLM::Worker_TP;88.8 opencode;64.6 python3; 8.4 vllm;"
1788646193,2026-09-05T22:09:53+00:00,6703.71,45000,48625,47250,45000,45000,44500,47000,44250,46250,159.88,0.80,1500000,59.49,62.08,34.79,1003,867,112,52,35.55,41003,0,57,35.90,40538,0,[N/A],[N/A],[N/A],[N/A],2,1,"%CPU COMMAND;2897 VLLM::Worker_TP;2846 VLLM::Worker_TP;88.8 opencode;65.1 python3; 8.4 vllm;"
1788646195,2026-09-05T22:09:55+00:00,6705.30,45000,48625,47500,45250,44750,45250,48500,45000,45750,171.20,0.86,1500000,59.49,62.08,34.79,1003,866,112,52,16.78,41003,0,56,17.03,40538,0,[N/A],[N/A],[N/A],[N/A],1,1,"%CPU COMMAND;2889 VLLM::Worker_TP;2838 VLLM::Worker_TP;88.8 opencode;65.8 python3; 8.3 vllm;"
1788646196,2026-09-05T22:09:56+00:00,6706.89,44750,48500,46750,46000,44000,45000,47250,44250,45750,162.59,0.64,3442940,59.49,62.08,34.79,1003,866,112,52,13.46,41003,0,56,16.32,40538,0,[N/A],[N/A],[N/A],[N/A],1,1,"%CPU COMMAND;2880 VLLM::Worker_TP;2830 VLLM::Worker_TP;88.7 opencode;66.2 python3; 8.3 vllm;"
1788646198,2026-09-05T22:09:58+00:00,6708.48,45000,48375,46500,45750,45000,45250,47750,45000,45750,167.63,0.65,1500000,59.49,62.08,34.79,1003,865,112,51,13.99,41003,0,56,17.26,40538,0,[N/A],[N/A],[N/A],[N/A],1,1,"%CPU COMMAND;2872 VLLM::Worker_TP;2822 VLLM::Worker_TP;88.7 opencode;67.0 python3; 8.3 vllm;"
1788646200,2026-09-05T22:10:00+00:00,6710.08,45000,48625,46750,45500,44250,45250,46250,44500,46750,169.39,1.07,1494379,59.45,62.03,34.92,1003,865,112,51,13.00,41003,0,56,16.08,40538,0,[N/A],[N/A],[N/A],[N/A],1,1,"%CPU COMMAND;2863 VLLM::Worker_TP;2813 VLLM::Worker_TP; 400 ps;88.7 opencode;67.3 python3;"
1788646201,2026-09-05T22:10:01+00:00,6711.69,44750,48500,46250,45750,46000,45000,48500,44250,45750,165.57,0.57,1500000,59.45,62.03,34.92,1003,864,112,51,13.07,41003,0,56,16.65,40538,0,[N/A],[N/A],[N/A],[N/A],1,1,"%CPU COMMAND;2855 VLLM::Worker_TP;2805 VLLM::Worker_TP; 400 ps;88.7 opencode;67.7 python3;"
1788646203,2026-09-05T22:10:03+00:00,6713.29,45000,48625,47250,45250,44750,45250,47000,45000,45250,172.85,1.18,3415866,59.45,62.03,34.92,1003,864,112,51,13.37,41003,0,56,16.62,40538,0,[N/A],[N/A],[N/A],[N/A],1,1,"%CPU COMMAND;2847 VLLM::Worker_TP;2797 VLLM::Worker_TP;88.7 opencode;68.4 python3; 8.2 vllm;"
1788646204,2026-09-05T22:10:04+00:00,6714.89,45000,48375,45750,45250,44750,44500,46500,44500,49000,164.58,0.58,1500000,59.34,61.97,35.05,1003,863,112,51,13.12,41003,0,55,16.21,40538,0,[N/A],[N/A],[N/A],[N/A],1,1,"%CPU COMMAND;2838 VLLM::Worker_TP;2789 VLLM::Worker_TP;88.7 opencode;68.9 python3; 8.2 vllm;"
1788646206,2026-09-05T22:10:06+00:00,6716.48,45000,48500,47000,45500,44750,45250,46500,45000,46250,170.54,1.04,1500000,59.34,61.97,35.05,1003,863,112,51,13.55,41003,0,55,16.68,40538,0,[N/A],[N/A],[N/A],[N/A],1,1,"%CPU COMMAND;2830 VLLM::Worker_TP;2781 VLLM::Worker_TP; 400 ps;88.7 opencode;69.5 python3;"
1788646208,2026-09-05T22:10:08+00:00,6718.08,45000,48375,46750,45000,44500,44500,46500,44750,46000,166.79,0.83,3401918,59.34,61.97,35.05,1003,862,112,50,13.08,41003,0,55,16.09,40538,0,[N/A],[N/A],[N/A],[N/A],1,1,"%CPU COMMAND;2822 VLLM::Worker_TP;2773 VLLM::Worker_TP;88.7 opencode;70.0 python3; 8.2 vllm;"
1788646209,2026-09-05T22:10:09+00:00,6719.66,45000,48875,48250,45250,45250,46750,47000,44750,46000,170.20,1.16,1500000,57.31,61.50,35.04,1003,862,112,50,13.64,41003,0,55,16.94,40538,0,[N/A],[N/A],[N/A],[N/A],1,1,"%CPU COMMAND;2814 VLLM::Worker_TP;2765 VLLM::Worker_TP;88.7 opencode;70.8 python3; 8.1 vllm;"
1788646211,2026-09-05T22:10:11+00:00,6721.27,44500,48625,45250,45250,45250,44750,47250,44750,46000,166.70,0.60,1500000,57.31,61.50,35.04,1003,861,112,50,13.24,41003,0,55,16.82,40538,0,[N/A],[N/A],[N/A],[N/A],1,1,"%CPU COMMAND;2806 VLLM::Worker_TP;2757 VLLM::Worker_TP;88.7 opencode;71.4 python3; 8.1 vllm;"
1788646212,2026-09-05T22:10:12+00:00,6722.85,44500,48625,46250,46000,44750,45000,46250,44250,45750,169.20,1.22,1500000,57.31,61.50,35.04,1003,860,112,50,12.96,41003,0,55,15.99,40538,0,[N/A],[N/A],[N/A],[N/A],1,1,"%CPU COMMAND;2798 VLLM::Worker_TP;2749 VLLM::Worker_TP;88.7 opencode;72.0 python3; 8.1 vllm;"
1788646214,2026-09-05T22:10:14+00:00,6724.46,45250,48375,46250,44500,44500,44750,46750,45250,48500,166.44,0.54,1500000,57.28,61.43,35.16,1003,860,112,50,13.33,41003,0,55,17.22,40538,0,[N/A],[N/A],[N/A],[N/A],1,1,"%CPU COMMAND;2790 VLLM::Worker_TP;2742 VLLM::Worker_TP; 400 ps;88.7 opencode;72.4 python3;"
1788646216,2026-09-05T22:10:16+00:00,6726.04,44750,48500,48250,46250,44750,45750,47250,44750,45500,171.27,0.91,3418075,57.28,61.43,35.16,1003,859,112,50,12.90,41003,0,54,16.84,40538,0,[N/A],[N/A],[N/A],[N/A],1,1,"%CPU COMMAND;2782 VLLM::Worker_TP;2734 VLLM::Worker_TP;88.7 opencode;73.0 python3; 8.1 vllm;"
1788646217,2026-09-05T22:10:17+00:00,6727.63,44750,48250,46000,45000,44750,45500,46750,44750,46500,166.57,0.83,2531315,57.28,61.43,35.16,1003,859,112,50,13.20,41003,0,54,16.79,40538,0,[N/A],[N/A],[N/A],[N/A],1,1,"%CPU COMMAND;2775 VLLM::Worker_TP;2726 VLLM::Worker_TP;88.7 opencode;73.3 python3; 8.0 vllm;"
1788646219,2026-09-05T22:10:19+00:00,6729.22,44750,48375,45750,51000,45250,45000,47000,44750,45750,167.75,0.68,1500000,56.30,61.15,35.21,1003,858,112,49,13.10,41003,0,54,16.76,40538,0,[N/A],[N/A],[N/A],[N/A],1,1,"%CPU COMMAND;2767 VLLM::Worker_TP;2719 VLLM::Worker_TP; 400 ps;88.7 opencode;74.0 python3;"
1788646220,2026-09-05T22:10:20+00:00,6730.80,44500,48500,46000,45000,44000,45250,47000,44250,45750,166.41,1.11,3436388,56.30,61.15,35.21,1003,858,112,49,12.78,41003,0,54,15.92,40538,0,[N/A],[N/A],[N/A],[N/A],1,1,"%CPU COMMAND;2759 VLLM::Worker_TP;2711 VLLM::Worker_TP;88.7 opencode;74.3 python3; 8.0 vllm;"
1788646222,2026-09-05T22:10:22+00:00,6732.40,44750,48125,46250,44750,44500,44500,47250,44250,45750,164.82,0.78,1500000,56.30,61.15,35.21,1003,858,112,49,12.94,41003,0,54,16.43,40538,0,[N/A],[N/A],[N/A],[N/A],1,1,"%CPU COMMAND;2751 VLLM::Worker_TP;2703 VLLM::Worker_TP; 400 ps;88.7 opencode;74.8 python3;"
1788646224,2026-09-05T22:10:24+00:00,6733.99,45000,48250,47250,45000,45750,45500,46750,44500,45750,166.94,0.97,1500000,56.52,61.12,35.34,1003,857,112,49,12.65,41003,0,54,16.02,40538,0,[N/A],[N/A],[N/A],[N/A],1,1,"%CPU COMMAND;2744 VLLM::Worker_TP;2696 VLLM::Worker_TP;88.7 opencode;75.3 python3; 8.0 vllm;"
1788646225,2026-09-05T22:10:25+00:00,6735.59,45000,48125,45500,44750,44000,44750,46250,45000,45250,163.51,0.75,1500000,56.52,61.12,35.34,1003,856,112,49,13.31,41003,0,54,16.55,40538,0,[N/A],[N/A],[N/A],[N/A],1,1,"%CPU COMMAND;2736 VLLM::Worker_TP;2688 VLLM::Worker_TP; 400 ps;88.7 opencode;75.8 python3;"
1788646227,2026-09-05T22:10:27+00:00,6737.18,44750,48250,46750,45500,45000,44250,46750,44500,46750,169.45,1.00,3418450,56.52,61.12,35.34,1003,856,112,49,12.69,41003,0,53,16.29,40538,0,[N/A],[N/A],[N/A],[N/A],1,1,"%CPU COMMAND;2729 VLLM::Worker_TP;2681 VLLM::Worker_TP;88.7 opencode;76.3 python3; 7.9 vllm;"
1788646228,2026-09-05T22:10:28+00:00,6738.78,45000,48125,46000,45000,44000,44250,46250,45000,47000,168.08,0.79,1500000,55.99,60.93,35.42,1003,856,112,49,12.71,41003,0,53,15.93,40538,0,[N/A],[N/A],[N/A],[N/A],1,1,"%CPU COMMAND;2721 VLLM::Worker_TP;2674 VLLM::Worker_TP;88.7 opencode;76.7 python3; 7.9 vllm;"
1788646230,2026-09-05T22:10:30+00:00,6740.38,45250,48750,46750,45250,44500,45000,46750,44250,45500,175.51,1.05,3414806,55.99,60.93,35.42,1003,855,112,49,12.86,41003,0,53,16.80,40538,0,[N/A],[N/A],[N/A],[N/A],1,1,"%CPU COMMAND;2714 VLLM::Worker_TP;2666 VLLM::Worker_TP;88.7 opencode;77.3 python3; 7.9 vllm;"
1788646232,2026-09-05T22:10:32+00:00,6741.96,44500,48500,46000,44750,43750,45250,46500,46500,48000,167.22,0.73,1494584,55.99,60.93,35.42,1003,854,112,48,12.43,41003,0,53,15.91,40538,0,[N/A],[N/A],[N/A],[N/A],1,1,"%CPU COMMAND;2706 VLLM::Worker_TP;2659 VLLM::Worker_TP;88.7 opencode;77.6 python3; 7.9 vllm;"
1788646233,2026-09-05T22:10:33+00:00,6743.56,45000,48500,51500,45500,44250,45000,47000,44250,45750,170.48,0.78,3416927,55.99,60.93,35.42,1003,854,112,48,12.73,41003,0,53,16.52,40538,0,[N/A],[N/A],[N/A],[N/A],1,1,"%CPU COMMAND;2699 VLLM::Worker_TP;2652 VLLM::Worker_TP;88.7 opencode;78.2 python3; 7.8 vllm;"
1788646235,2026-09-05T22:10:35+00:00,6745.14,44500,48250,46250,44500,44250,44500,46250,44750,46250,159.97,0.87,3447897,56.23,60.90,35.54,1003,854,112,48,12.17,41003,0,53,16.62,40538,0,[N/A],[N/A],[N/A],[N/A],1,1,"%CPU COMMAND;2691 VLLM::Worker_TP;2644 VLLM::Worker_TP; 400 ps;88.7 opencode;78.5 python3;"
1788646236,2026-09-05T22:10:36+00:00,6746.75,44750,48125,45500,44750,44500,45000,47000,44250,45750,170.61,0.81,2752842,56.23,60.90,35.54,1003,853,112,48,11.94,41003,0,53,16.43,40538,0,[N/A],[N/A],[N/A],[N/A],1,1,"%CPU COMMAND;2684 VLLM::Worker_TP;2637 VLLM::Worker_TP;88.7 opencode;79.2 python3; 7.8 vllm;"
1788646238,2026-09-05T22:10:38+00:00,6748.35,44750,48125,46500,44500,44500,44250,46500,44500,46000,169.68,0.99,1500000,56.23,60.90,35.54,1003,853,112,48,12.57,41003,0,53,16.07,40538,0,[N/A],[N/A],[N/A],[N/A],1,1,"%CPU COMMAND;2677 VLLM::Worker_TP;2630 VLLM::Worker_TP;88.7 opencode;79.4 python3; 7.8 vllm;"
1788646240,2026-09-05T22:10:40+00:00,6749.95,45000,48250,45750,44750,44000,44500,47000,45500,45000,167.17,0.84,2754749,56.46,60.87,35.67,1003,852,112,48,12.10,41003,0,52,15.84,40538,0,[N/A],[N/A],[N/A],[N/A],1,1,"%CPU COMMAND;2669 VLLM::Worker_TP;2623 VLLM::Worker_TP; 300 ps;88.7 opencode;79.7 python3;"
1788646241,2026-09-05T22:10:41+00:00,6751.53,44750,48500,46000,44500,44000,44750,46250,46000,45250,173.41,1.20,1500000,56.46,60.87,35.67,1003,851,112,48,12.22,41003,0,52,16.25,40538,0,[N/A],[N/A],[N/A],[N/A],1,1,"%CPU COMMAND;2662 VLLM::Worker_TP;2616 VLLM::Worker_TP;88.7 opencode;80.3 python3; 7.7 vllm;"
1788646243,2026-09-05T22:10:43+00:00,6753.12,44000,48375,45500,44750,44000,44750,46750,44250,46500,171.99,0.89,1500000,56.46,60.87,35.67,1003,851,112,48,12.69,41003,0,52,16.64,40538,0,[N/A],[N/A],[N/A],[N/A],1,1,"%CPU COMMAND;2655 VLLM::Worker_TP;2609 VLLM::Worker_TP;88.7 opencode;80.8 python3; 7.7 vllm;"
1788646244,2026-09-05T22:10:44+00:00,6754.72,45000,48375,46250,46000,44000,45000,46500,44250,45750,175.86,0.93,1500000,55.54,60.60,35.72,1003,850,112,48,11.78,41003,0,52,16.56,40538,0,[N/A],[N/A],[N/A],[N/A],1,1,"%CPU COMMAND;2648 VLLM::Worker_TP;2602 VLLM::Worker_TP;88.8 opencode;81.4 python3; 7.7 vllm;"
1788646246,2026-09-05T22:10:46+00:00,6756.31,44250,48125,47000,44750,44250,44500,46500,44250,46500,168.98,0.81,1500000,55.54,60.60,35.72,1003,850,112,47,12.31,41003,0,52,16.53,40538,0,[N/A],[N/A],[N/A],[N/A],1,1,"%CPU COMMAND;2641 VLLM::Worker_TP;2595 VLLM::Worker_TP;88.8 opencode;81.8 python3; 7.7 vllm;"
1788646247,2026-09-05T22:10:47+00:00,6757.91,44500,48250,45500,45250,45000,44750,46250,44250,45500,175.19,0.95,1500000,55.54,60.60,35.72,1003,849,112,47,12.20,41003,0,52,15.69,40538,0,[N/A],[N/A],[N/A],[N/A],1,1,"%CPU COMMAND;2634 VLLM::Worker_TP;2588 VLLM::Worker_TP; 400 ps;88.8 opencode;82.5 python3;"
1788646249,2026-09-05T22:10:49+00:00,6759.50,44750,48250,46000,45750,44250,45500,45750,43500,45250,167.70,0.56,2754742,56.30,60.68,35.88,1003,848,112,47,12.31,41003,0,52,16.18,40538,0,[N/A],[N/A],[N/A],[N/A],1,1,"%CPU COMMAND;2627 VLLM::Worker_TP;2581 VLLM::Worker_TP; 400 ps;88.8 opencode;82.9 python3;"
1788646251,2026-09-05T22:10:51+00:00,6761.10,45750,48250,45250,45000,44750,44750,46000,44250,45750,174.54,0.87,2667661,56.30,60.68,35.88,1003,848,112,47,11.88,41003,0,52,16.27,40538,0,[N/A],[N/A],[N/A],[N/A],1,1,"%CPU COMMAND;2620 VLLM::Worker_TP;2574 VLLM::Worker_TP;88.8 opencode;83.5 python3; 7.6 vllm;"
1788646252,2026-09-05T22:10:52+00:00,6762.69,44750,47875,46000,44750,46500,44500,45500,44000,46750,162.28,0.54,1495980,56.30,60.68,35.88,1003,847,112,47,11.84,41003,0,52,16.44,40538,0,[N/A],[N/A],[N/A],[N/A],1,1,"%CPU COMMAND;2613 VLLM::Worker_TP;2567 VLLM::Worker_TP;88.9 opencode;83.9 python3; 7.6 vllm;"
1788646254,2026-09-05T22:10:54+00:00,6764.28,45000,48000,46500,45000,44500,45250,46500,44500,46750,171.99,0.72,1500000,53.39,60.00,35.79,1003,847,112,47,12.46,41003,0,52,16.46,40538,0,[N/A],[N/A],[N/A],[N/A],1,1,"%CPU COMMAND;2606 VLLM::Worker_TP;2560 VLLM::Worker_TP;88.9 opencode;84.5 python3; 7.6 vllm;"
1788646255,2026-09-05T22:10:55+00:00,6765.88,44750,47750,45250,45000,43750,45000,47000,44250,45000,160.56,0.60,1497042,53.39,60.00,35.79,1003,846,112,47,11.63,41003,0,51,15.97,40538,0,[N/A],[N/A],[N/A],[N/A],1,1,"%CPU COMMAND;2599 VLLM::Worker_TP;2554 VLLM::Worker_TP; 400 ps;88.9 opencode;84.9 python3;"
1788646257,2026-09-05T22:10:57+00:00,6767.46,44500,48000,47000,45250,45000,45000,45750,44250,45500,173.78,0.77,2730527,53.39,60.00,35.79,1003,846,112,47,11.91,41003,0,51,16.58,40538,0,[N/A],[N/A],[N/A],[N/A],1,1,"%CPU COMMAND;2592 VLLM::Worker_TP;2547 VLLM::Worker_TP;88.9 opencode;85.4 python3; 7.6 vllm;"
1788646259,2026-09-05T22:10:59+00:00,6769.06,45000,48000,47000,45000,45500,44250,46500,44250,45250,168.47,0.67,2594566,53.28,59.87,35.88,1003,845,112,46,11.84,41003,0,51,16.25,40538,0,[N/A],[N/A],[N/A],[N/A],1,1,"%CPU COMMAND;2585 VLLM::Worker_TP;2540 VLLM::Worker_TP;89.0 opencode;85.8 python3; 7.5 vllm;"
1788646260,2026-09-05T22:11:00+00:00,6770.66,45250,48125,50250,45000,46500,45000,46750,44250,45750,174.55,0.84,3443517,53.28,59.87,35.88,1003,844,112,46,12.48,41003,0,51,16.33,40538,0,[N/A],[N/A],[N/A],[N/A],1,1,"%CPU COMMAND;2579 VLLM::Worker_TP;2534 VLLM::Worker_TP;89.0 opencode;86.3 python3; 7.5 vllm;"
1788646262,2026-09-05T22:11:02+00:00,6772.26,44500,48000,45250,44750,43500,44250,46000,44000,44750,165.54,0.65,1497018,53.28,59.87,35.88,1003,844,112,46,12.47,41003,0,51,15.80,40538,0,[N/A],[N/A],[N/A],[N/A],1,1,"%CPU COMMAND;2572 VLLM::Worker_TP;2527 VLLM::Worker_TP;89.0 opencode;86.6 python3; 7.5 vllm;"
1788646263,2026-09-05T22:11:03+00:00,6773.84,44750,47750,45500,46250,43750,44500,46750,44250,45500,165.66,0.47,1522306,52.94,59.69,35.95,1003,844,112,46,11.94,41003,0,51,15.71,40538,0,[N/A],[N/A],[N/A],[N/A],1,1,"%CPU COMMAND;2565 VLLM::Worker_TP;2520 VLLM::Worker_TP;89.0 opencode;87.3 python3; 7.5 vllm;"
1788646265,2026-09-05T22:11:05+00:00,6775.43,44500,47875,45500,45000,44000,44250,47750,44000,45000,168.75,0.68,1796576,52.94,59.69,35.95,1003,843,112,46,11.99,41003,0,51,16.45,40538,0,[N/A],[N/A],[N/A],[N/A],1,1,"%CPU COMMAND;2559 VLLM::Worker_TP;2514 VLLM::Worker_TP;89.1 opencode;87.5 python3; 7.5 vllm;"
1788646267,2026-09-05T22:11:07+00:00,6777.03,44000,47750,45750,45500,44000,44500,45750,44000,45250,168.48,0.57,2308475,52.94,59.69,35.95,1003,843,112,46,11.50,41003,0,51,15.66,40538,0,[N/A],[N/A],[N/A],[N/A],1,1,"%CPU COMMAND;2552 VLLM::Worker_TP;2507 VLLM::Worker_TP;89.1 opencode;88.2 python3; 7.5 vllm;"
1788646268,2026-09-05T22:11:08+00:00,6778.63,43750,47750,45750,45000,44250,45250,45750,44000,44750,170.29,0.63,1500000,52.94,59.69,35.95,1003,842,112,46,12.04,41003,0,51,16.49,40538,0,[N/A],[N/A],[N/A],[N/A],1,1,"%CPU COMMAND;2545 VLLM::Worker_TP;2501 VLLM::Worker_TP;89.1 opencode;88.5 python3; 7.4 vllm;"
1788646270,2026-09-05T22:11:10+00:00,6780.24,44250,47750,45250,44250,44250,44250,46250,43750,44500,167.05,0.57,1500000,53.42,59.68,36.08,1003,841,112,46,11.88,41003,0,51,15.70,40538,0,[N/A],[N/A],[N/A],[N/A],1,1,"%CPU COMMAND;2539 VLLM::Worker_TP;2494 VLLM::Worker_TP; 400 ps;89.1 opencode;88.9 python3;"
1788646271,2026-09-05T22:11:11+00:00,6781.82,44750,48250,45750,45000,44000,45000,45750,44250,45750,171.64,1.14,2639295,53.42,59.68,36.08,1003,841,112,46,11.89,41003,0,50,15.98,40538,0,[N/A],[N/A],[N/A],[N/A],1,1,"%CPU COMMAND;2532 VLLM::Worker_TP;2488 VLLM::Worker_TP;89.5 python3;89.0 opencode; 7.4 vllm;"
1788646273,2026-09-05T22:11:13+00:00,6783.43,44750,48125,45500,45250,43250,44500,46250,44250,45000,168.44,0.50,2104201,53.42,59.68,36.08,1003,840,112,46,12.29,41003,0,50,16.24,40538,0,[N/A],[N/A],[N/A],[N/A],1,1,"%CPU COMMAND;2526 VLLM::Worker_TP;2482 VLLM::Worker_TP; 400 ps;90.2 python3;89.0 opencode;"
1788646275,2026-09-05T22:11:15+00:00,6785.01,44750,48375,49000,45000,43500,45250,46000,44250,45500,172.12,1.18,2858183,50.58,58.98,35.98,1003,840,112,46,12.10,41003,0,50,15.88,40538,0,[N/A],[N/A],[N/A],[N/A],1,1,"%CPU COMMAND;2519 VLLM::Worker_TP;2475 VLLM::Worker_TP;90.5 python3;89.0 opencode; 7.4 vllm;"
1788646276,2026-09-05T22:11:16+00:00,6786.61,44500,48125,45750,44500,44250,44750,45500,44250,45500,170.13,0.67,1705094,50.58,58.98,35.98,1003,839,112,46,12.06,41003,0,50,16.64,40538,0,[N/A],[N/A],[N/A],[N/A],1,1,"%CPU COMMAND;2513 VLLM::Worker_TP;2469 VLLM::Worker_TP; 400 ps;91.1 python3;89.0 opencode;"
1788646278,2026-09-05T22:11:18+00:00,6788.20,44750,48375,46750,45000,43500,44500,46500,43500,44750,171.20,1.25,2753500,50.58,58.98,35.98,1003,838,112,45,11.77,41003,0,50,15.52,40538,0,[N/A],[N/A],[N/A],[N/A],1,1,"%CPU COMMAND;2506 VLLM::Worker_TP;2463 VLLM::Worker_TP;91.4 python3;89.0 opencode; 7.3 vllm;"
1788646279,2026-09-05T22:11:19+00:00,6789.79,44750,48375,46250,46000,44500,44500,46000,44250,45500,170.41,0.73,1744223,50.62,58.85,36.06,1003,838,112,45,11.18,41003,0,50,15.39,40538,0,[N/A],[N/A],[N/A],[N/A],1,1,"%CPU COMMAND;2500 VLLM::Worker_TP;2456 VLLM::Worker_TP;92.1 python3;89.0 opencode; 7.3 vllm;"
1788646281,2026-09-05T22:11:21+00:00,6791.40,45000,48250,46250,44500,43500,45000,45750,44250,45000,171.45,1.19,1497142,50.62,58.85,36.06,1003,837,112,45,11.62,41003,0,50,15.86,40538,0,[N/A],[N/A],[N/A],[N/A],1,1,"%CPU COMMAND;2494 VLLM::Worker_TP;2450 VLLM::Worker_TP;92.4 python3;89.0 opencode; 7.3 vllm;"
1788646283,2026-09-05T22:11:23+00:00,6792.99,44250,48125,50250,47000,45000,44500,46000,44250,45000,173.04,0.86,3421454,50.62,58.85,36.06,1003,836,112,45,11.25,41003,0,50,15.53,40538,0,[N/A],[N/A],[N/A],[N/A],1,1,"%CPU COMMAND;2487 VLLM::Worker_TP;2444 VLLM::Worker_TP; 400 ps;93.1 python3;89.0 opencode;"
1788646284,2026-09-05T22:11:24+00:00,6794.59,45000,48000,46250,45500,43750,44250,46250,44500,45750,170.75,1.12,3415719,51.45,58.89,36.19,1003,836,112,45,11.31,41003,0,50,16.31,40538,0,[N/A],[N/A],[N/A],[N/A],1,1,"%CPU COMMAND;2481 VLLM::Worker_TP;2438 VLLM::Worker_TP;93.4 python3;89.0 opencode;10.0 docker;"
1788646286,2026-09-05T22:11:26+00:00,6796.19,45500,48000,50750,45000,45000,45250,46500,44500,45000,174.65,1.06,3420260,51.45,58.89,36.19,1003,835,112,45,11.60,41003,0,50,16.39,40538,0,[N/A],[N/A],[N/A],[N/A],1,1,"%CPU COMMAND;2475 VLLM::Worker_TP;2432 VLLM::Worker_TP;94.0 python3;89.0 opencode; 7.2 vllm;"
1788646287,2026-09-05T22:11:27+00:00,6797.79,44500,48000,46250,44750,44000,44500,46750,44000,45250,168.63,1.11,3419983,51.45,58.89,36.19,1003,835,112,45,11.07,41003,0,50,15.59,40538,0,[N/A],[N/A],[N/A],[N/A],1,1,"%CPU COMMAND;2469 VLLM::Worker_TP;2426 VLLM::Worker_TP; 400 ps;94.3 python3;89.0 opencode;"
1788646289,2026-09-05T22:11:29+00:00,6799.37,44250,48250,45500,47000,45250,45000,45250,44500,45500,172.29,0.68,2714128,51.25,58.72,36.26,1003,834,112,45,11.81,41003,0,49,16.34,40538,0,[N/A],[N/A],[N/A],[N/A],1,1,"%CPU COMMAND;2463 VLLM::Worker_TP;2420 VLLM::Worker_TP;94.9 python3;89.0 opencode; 7.2 vllm;"
1788646291,2026-09-05T22:11:31+00:00,6800.96,44250,47875,46250,44500,43750,44500,46000,44000,45000,162.69,0.49,1500000,51.25,58.72,36.26,1003,834,112,45,11.49,41003,0,49,15.64,40538,0,[N/A],[N/A],[N/A],[N/A],1,1,"%CPU COMMAND;2456 VLLM::Worker_TP;2414 VLLM::Worker_TP;95.2 python3;89.0 opencode; 7.2 vllm;"
1788646292,2026-09-05T22:11:32+00:00,6802.57,43500,47625,45000,45750,44000,44500,46250,43500,44750,166.65,0.49,1500000,51.25,58.72,36.26,1003,833,112,45,11.61,41003,0,49,16.50,40538,0,[N/A],[N/A],[N/A],[N/A],1,1,"%CPU COMMAND;2450 VLLM::Worker_TP;2408 VLLM::Worker_TP;95.9 python3;89.0 opencode; 7.2 vllm;"
1788646294,2026-09-05T22:11:34+00:00,6804.16,44250,47625,44750,44500,44000,44500,46250,45500,45500,164.39,0.54,1500000,51.95,58.74,36.39,1003,833,112,45,11.07,41003,0,49,15.74,40538,0,[N/A],[N/A],[N/A],[N/A],1,1,"%CPU COMMAND;2444 VLLM::Worker_TP;2402 VLLM::Worker_TP; 400 ps;96.1 python3;89.0 opencode;"
1788646295,2026-09-05T22:11:35+00:00,6805.76,46000,47500,45500,44750,44000,45500,46000,44250,45250,171.60,0.79,1500000,51.95,58.74,36.39,1003,832,112,44,11.30,41003,0,49,16.08,40538,0,[N/A],[N/A],[N/A],[N/A],1,1,"%CPU COMMAND;2438 VLLM::Worker_TP;2396 VLLM::Worker_TP; 400 ps;96.8 python3;89.1 opencode;"
1788646297,2026-09-05T22:11:37+00:00,6807.35,44000,47500,45500,46250,43500,44250,47500,44000,45000,166.57,0.63,1500000,51.95,58.74,36.39,1003,832,112,44,11.36,41003,0,49,16.12,40538,0,[N/A],[N/A],[N/A],[N/A],1,1,"%CPU COMMAND;2432 VLLM::Worker_TP;2390 VLLM::Worker_TP;97.0 python3;89.1 opencode; 7.1 vllm;"
1788646299,2026-09-05T22:11:39+00:00,6808.96,44250,47375,45250,44750,44500,44750,46000,44250,44500,169.27,0.70,1500000,51.96,58.63,36.47,1003,831,112,44,10.71,41003,0,49,15.50,40538,0,[N/A],[N/A],[N/A],[N/A],1,1,"%CPU COMMAND;2426 VLLM::Worker_TP;2384 VLLM::Worker_TP;97.7 python3;89.1 opencode; 7.1 vllm;"
1788646300,2026-09-05T22:11:40+00:00,6810.56,44000,48000,45750,44750,43750,44250,46500,44250,45000,170.33,0.69,1500000,51.96,58.63,36.47,1003,831,112,44,11.66,41003,0,49,16.46,40538,0,[N/A],[N/A],[N/A],[N/A],1,1,"%CPU COMMAND;2420 VLLM::Worker_TP;2378 VLLM::Worker_TP; 400 ps;97.8 python3;89.1 opencode;"
1788646302,2026-09-05T22:11:42+00:00,6812.18,44750,47750,45250,44500,44000,44750,46250,43750,45000,168.55,0.54,3442592,51.96,58.63,36.47,1003,830,112,44,10.89,41003,0,49,15.55,40538,0,[N/A],[N/A],[N/A],[N/A],1,1,"%CPU COMMAND;2414 VLLM::Worker_TP;2372 VLLM::Worker_TP;98.6 python3;89.1 opencode; 7.1 vllm;"
1788646303,2026-09-05T22:11:43+00:00,6813.77,45000,48000,45500,46250,45500,44500,46500,44250,45000,173.09,0.68,1496232,52.60,58.66,36.60,1003,829,112,44,10.85,41003,0,49,15.81,40538,0,[N/A],[N/A],[N/A],[N/A],1,1,"%CPU COMMAND;2408 VLLM::Worker_TP;2366 VLLM::Worker_TP;98.8 python3;89.1 opencode; 7.1 vllm;"
1788646305,2026-09-05T22:11:45+00:00,6815.36,44500,47625,45750,44750,45250,45000,45750,44250,45500,165.30,0.48,1496673,52.60,58.66,36.60,1003,829,112,44,11.17,41003,0,49,15.58,40538,0,[N/A],[N/A],[N/A],[N/A],1,1,"%CPU COMMAND;2402 VLLM::Worker_TP;2360 VLLM::Worker_TP;99.5 python3;89.1 opencode; 7.1 vllm;"
1788646307,2026-09-05T22:11:47+00:00,6816.96,44750,47750,46250,44750,44250,44250,46000,43750,45000,171.89,0.80,1500000,52.60,58.66,36.60,1003,828,112,44,10.80,41003,0,49,15.58,40538,0,[N/A],[N/A],[N/A],[N/A],1,1,"%CPU COMMAND;2396 VLLM::Worker_TP;2355 VLLM::Worker_TP;99.7 python3;89.2 opencode; 7.0 vllm;"
1788646308,2026-09-05T22:11:48+00:00,6818.55,44500,47625,46750,44250,43750,44750,45500,44250,45500,168.24,0.61,1500000,52.60,58.66,36.60,1003,827,112,44,11.48,41003,0,48,16.06,40538,0,[N/A],[N/A],[N/A],[N/A],1,1,"%CPU COMMAND;2391 VLLM::Worker_TP;2349 VLLM::Worker_TP; 400 ps; 100 python3;89.2 opencode;"
1788646310,2026-09-05T22:11:50+00:00,6820.15,44500,48250,46000,45750,44750,46250,46000,44000,45250,175.27,0.72,3416831,50.47,58.11,36.54,1003,827,112,44,11.63,41003,0,48,16.10,40538,0,[N/A],[N/A],[N/A],[N/A],1,1,"%CPU COMMAND;2385 VLLM::Worker_TP;2343 VLLM::Worker_TP; 100 python3;89.2 opencode; 7.0 vllm;"
1788646311,2026-09-05T22:11:51+00:00,6821.75,44500,48000,46000,46000,44750,45000,46500,44250,45500,168.97,0.53,3124854,50.47,58.11,36.54,1003,826,112,44,11.01,41003,0,48,15.91,40538,0,[N/A],[N/A],[N/A],[N/A],1,1,"%CPU COMMAND;2379 VLLM::Worker_TP;2338 VLLM::Worker_TP; 500 ps; 101 python3;89.2 opencode;"
1788646313,2026-09-05T22:11:53+00:00,6823.35,44500,47875,45000,44750,44500,45000,46000,44000,45750,172.52,0.76,1500000,50.47,58.11,36.54,1003,826,112,44,11.53,41003,0,48,16.21,40538,0,[N/A],[N/A],[N/A],[N/A],1,1,"%CPU COMMAND;2373 VLLM::Worker_TP;2332 VLLM::Worker_TP; 101 python3;89.2 opencode; 7.0 vllm;"
1788646315,2026-09-05T22:11:55+00:00,6824.94,43750,47750,45250,44250,47250,46250,45500,44250,45500,165.94,0.62,1500000,51.23,58.14,36.67,1003,825,112,44,11.01,41003,0,48,15.46,40538,0,[N/A],[N/A],[N/A],[N/A],1,1,"%CPU COMMAND;2368 VLLM::Worker_TP;2326 VLLM::Worker_TP; 400 ps; 102 python3;89.3 opencode;"
1788646316,2026-09-05T22:11:56+00:00,6826.52,44500,47625,45500,44500,43500,44500,47500,44000,44750,168.92,0.63,2754142,51.23,58.14,36.67,1003,825,112,44,11.23,41003,0,48,16.21,40538,0,[N/A],[N/A],[N/A],[N/A],1,1,"%CPU COMMAND;2362 VLLM::Worker_TP;2321 VLLM::Worker_TP; 400 ps; 102 python3;89.3 opencode;"
1788646318,2026-09-05T22:11:58+00:00,6828.13,44500,47625,46000,44250,45750,44250,45500,43500,44750,170.46,0.62,1496776,51.23,58.14,36.67,1003,824,112,43,10.75,41003,0,48,16.10,40538,0,[N/A],[N/A],[N/A],[N/A],1,1,"%CPU COMMAND;2356 VLLM::Worker_TP;2315 VLLM::Worker_TP; 103 python3;89.3 opencode; 6.9 vllm;"
1788646319,2026-09-05T22:11:59+00:00,6829.72,44250,48125,45500,45250,44750,44250,46750,43500,44750,170.82,0.72,1500000,51.86,58.16,36.79,1003,824,112,43,11.02,41003,0,48,15.62,40538,0,[N/A],[N/A],[N/A],[N/A],1,1,"%CPU COMMAND;2351 VLLM::Worker_TP;2310 VLLM::Worker_TP; 103 python3;89.4 opencode; 6.9 vllm;"
1788646321,2026-09-05T22:12:01+00:00,6831.32,44750,47875,46000,45500,46500,44500,46500,44000,45000,169.47,0.59,1855831,51.86,58.16,36.79,1003,823,112,43,10.90,41003,0,48,16.02,40538,0,[N/A],[N/A],[N/A],[N/A],1,1,"%CPU COMMAND;2345 VLLM::Worker_TP;2304 VLLM::Worker_TP; 103 python3;89.4 opencode; 6.9 vllm;"
1788646322,2026-09-05T22:12:02+00:00,6832.90,44000,48000,45250,44750,44000,44250,45250,44000,45000,170.33,0.84,1500000,51.86,58.16,36.79,1003,822,112,43,10.61,41003,0,48,15.14,40538,0,[N/A],[N/A],[N/A],[N/A],1,1,"%CPU COMMAND;2339 VLLM::Worker_TP;2299 VLLM::Worker_TP; 104 python3;89.4 opencode; 6.9 vllm;"
1788646324,2026-09-05T22:12:04+00:00,6834.52,44500,47750,45250,44250,44000,44750,45750,44250,46750,171.09,0.59,1500000,51.79,58.04,36.87,1003,822,112,43,11.09,41003,0,48,16.19,40538,0,[N/A],[N/A],[N/A],[N/A],1,1,"%CPU COMMAND;2334 VLLM::Worker_TP;2293 VLLM::Worker_TP; 104 python3;89.4 opencode; 6.9 vllm;"
1788646326,2026-09-05T22:12:06+00:00,6836.11,44500,47625,45250,47500,51500,44500,46000,44000,44500,168.09,0.66,1500000,51.79,58.04,36.87,1003,821,112,43,10.43,41003,0,48,15.97,40538,0,[N/A],[N/A],[N/A],[N/A],1,1,"%CPU COMMAND;2328 VLLM::Worker_TP;2288 VLLM::Worker_TP; 105 python3;89.5 opencode; 6.9 vllm;"
1788646327,2026-09-05T22:12:07+00:00,6837.70,44250,47875,45750,45500,45500,45000,45500,44250,45250,173.65,0.82,3409406,51.79,58.04,36.87,1003,821,112,43,10.63,41003,0,48,15.74,40538,0,[N/A],[N/A],[N/A],[N/A],1,1,"%CPU COMMAND;2323 VLLM::Worker_TP;2282 VLLM::Worker_TP; 105 python3;89.5 opencode; 6.8 vllm;"
1788646329,2026-09-05T22:12:09+00:00,6839.30,43750,48000,45750,45250,44250,44250,45750,43750,45250,168.81,0.67,1500000,52.69,58.12,37.01,1003,820,112,43,11.07,41003,0,47,15.50,40538,0,[N/A],[N/A],[N/A],[N/A],1,1,"%CPU COMMAND;2318 VLLM::Worker_TP;2277 VLLM::Worker_TP; 400 ps; 105 python3;89.5 opencode;"
1788646330,2026-09-05T22:12:10+00:00,6840.88,45000,47875,46000,44750,44250,44500,46000,45000,45750,171.71,0.77,1500000,52.69,58.12,37.01,1003,819,112,43,10.35,41003,0,47,15.40,40538,0,[N/A],[N/A],[N/A],[N/A],1,1,"%CPU COMMAND;2312 VLLM::Worker_TP;2272 VLLM::Worker_TP; 106 python3;89.5 opencode; 6.8 vllm;"
1788646332,2026-09-05T22:12:12+00:00,6842.49,44250,48000,46000,45000,44500,44500,46500,43750,44500,174.13,0.72,1495001,52.69,58.12,37.01,1003,819,112,43,11.21,41003,0,47,15.72,40538,0,[N/A],[N/A],[N/A],[N/A],1,1,"%CPU COMMAND;2307 VLLM::Worker_TP;2266 VLLM::Worker_TP; 106 python3;89.6 opencode; 6.8 vllm;"
1788646334,2026-09-05T22:12:14+00:00,6844.08,44750,48375,46000,44500,48500,44500,46750,44000,45750,173.34,0.60,1497047,52.63,58.02,37.09,1003,818,112,43,11.66,41003,0,47,16.10,40538,0,[N/A],[N/A],[N/A],[N/A],1,1,"%CPU COMMAND;2301 VLLM::Worker_TP;2261 VLLM::Worker_TP; 107 python3;89.6 opencode; 6.8 vllm;"
1788646335,2026-09-05T22:12:15+00:00,6845.68,44000,48375,46250,45500,44500,44500,46250,43750,45250,174.50,0.93,1500000,52.63,58.02,37.09,1003,818,112,43,10.63,41003,0,47,15.65,40538,0,[N/A],[N/A],[N/A],[N/A],1,1,"%CPU COMMAND;2296 VLLM::Worker_TP;2256 VLLM::Worker_TP; 107 python3;89.6 opencode; 6.8 vllm;"
1788646337,2026-09-05T22:12:17+00:00,6847.27,44000,48125,45750,44750,44500,45000,45750,44250,45250,171.91,0.84,1892209,52.63,58.02,37.09,1003,817,112,43,10.57,41003,0,47,15.28,40538,0,[N/A],[N/A],[N/A],[N/A],1,1,"%CPU COMMAND;2291 VLLM::Worker_TP;2251 VLLM::Worker_TP; 108 python3;89.7 opencode; 6.7 vllm;"
1788646338,2026-09-05T22:12:18+00:00,6848.87,44000,48250,45750,45000,45000,47500,45500,44250,45000,178.78,1.18,2956863,53.54,58.12,37.23,1003,817,112,43,10.51,41003,0,47,15.20,40538,0,[N/A],[N/A],[N/A],[N/A],1,1,"%CPU COMMAND;2285 VLLM::Worker_TP;2245 VLLM::Worker_TP; 400 ps; 108 python3;89.7 opencode;"
1788646340,2026-09-05T22:12:20+00:00,6850.45,44750,48375,45750,44500,44000,46000,46750,44500,45250,173.71,0.81,1500000,53.54,58.12,37.23,1003,816,112,43,10.68,41003,0,47,15.96,40538,0,[N/A],[N/A],[N/A],[N/A],1,1,"%CPU COMMAND;2280 VLLM::Worker_TP;2240 VLLM::Worker_TP; 400 ps; 108 python3;89.8 opencode;"
1788646342,2026-09-05T22:12:22+00:00,6852.04,46250,48625,46750,45250,44000,48250,46500,44000,45500,175.67,0.77,1846193,53.54,58.12,37.23,1003,816,112,42,11.00,41003,0,47,15.21,40538,0,[N/A],[N/A],[N/A],[N/A],1,1,"%CPU COMMAND;2275 VLLM::Worker_TP;2235 VLLM::Worker_TP; 109 python3;89.8 opencode; 6.7 vllm;"
1788646343,2026-09-05T22:12:23+00:00,6853.64,44250,48625,47000,44750,44250,45750,46500,44250,46750,173.43,0.58,1500000,53.54,58.12,37.23,1003,815,112,42,10.50,41003,0,47,15.72,40538,0,[N/A],[N/A],[N/A],[N/A],1,1,"%CPU COMMAND;2270 VLLM::Worker_TP;2230 VLLM::Worker_TP; 109 python3;89.8 opencode; 6.7 vllm;"
1788646345,2026-09-05T22:12:25+00:00,6855.22,44000,48875,45750,46000,43750,51000,46000,44250,45250,176.25,0.89,1500000,51.58,57.64,37.19,1003,814,112,42,10.48,41003,0,47,15.65,40538,0,[N/A],[N/A],[N/A],[N/A],1,1,"%CPU COMMAND;2264 VLLM::Worker_TP;2225 VLLM::Worker_TP; 109 python3;89.9 opencode; 6.7 vllm;"
1788646346,2026-09-05T22:12:26+00:00,6856.81,44750,48875,46000,45000,44500,45500,46000,44000,45250,175.35,0.73,1500000,51.58,57.64,37.19,1003,814,112,42,10.26,41003,0,47,15.11,40538,0,[N/A],[N/A],[N/A],[N/A],1,1,"%CPU COMMAND;2259 VLLM::Worker_TP;2220 VLLM::Worker_TP; 400 ps; 110 python3;89.9 opencode;"
1788646348,2026-09-05T22:12:28+00:00,6858.41,43750,49000,45750,44750,44500,49250,45250,44250,44750,178.33,0.93,2732663,51.58,57.64,37.19,1003,813,112,42,10.68,41003,0,47,15.95,40538,0,[N/A],[N/A],[N/A],[N/A],1,1,"%CPU COMMAND;2254 VLLM::Worker_TP;2215 VLLM::Worker_TP; 400 ps; 110 python3;89.9 opencode;"
1788646350,2026-09-05T22:12:30+00:00,6860.03,44500,49375,45750,46000,50750,45000,46000,44250,45500,183.43,0.89,1500000,51.85,57.59,37.29,1003,812,112,42,10.28,41003,0,47,15.23,40538,0,[N/A],[N/A],[N/A],[N/A],1,1,"%CPU COMMAND;2249 VLLM::Worker_TP;2210 VLLM::Worker_TP; 111 python3;90.0 opencode; 6.6 vllm;"
1788646351,2026-09-05T22:12:31+00:00,6861.61,44250,49375,46000,44750,50000,45500,46000,43250,45250,170.64,0.72,1496994,51.85,57.59,37.29,1003,812,112,42,10.77,41003,0,47,15.99,40538,0,[N/A],[N/A],[N/A],[N/A],1,1,"%CPU COMMAND;2244 VLLM::Worker_TP;2204 VLLM::Worker_TP; 111 python3;90.0 opencode; 6.6 vllm;"
1788646353,2026-09-05T22:12:33+00:00,6863.22,45000,49375,50250,45500,50250,45250,46500,44250,45250,182.67,0.91,3418475,51.85,57.59,37.29,1003,811,112,42,10.57,41003,0,46,16.10,40538,0,[N/A],[N/A],[N/A],[N/A],1,1,"%CPU COMMAND;2238 VLLM::Worker_TP;2199 VLLM::Worker_TP; 112 python3;90.0 opencode; 6.6 vllm;"
1788646354,2026-09-05T22:12:34+00:00,6864.82,44500,49375,45250,43750,50500,44250,46500,43750,45000,174.47,0.71,1500000,52.58,57.65,37.41,1003,811,112,42,9.72,41003,0,46,15.38,40538,0,[N/A],[N/A],[N/A],[N/A],1,1,"%CPU COMMAND;2233 VLLM::Worker_TP;2195 VLLM::Worker_TP; 112 python3;90.1 opencode; 6.6 vllm;"
1788646356,2026-09-05T22:12:36+00:00,6866.40,45000,49500,45750,44500,46000,45000,46250,44250,45000,174.91,0.66,1500000,52.58,57.65,37.41,1003,810,112,42,10.89,41003,0,46,15.62,40538,0,[N/A],[N/A],[N/A],[N/A],1,1,"%CPU COMMAND;2228 VLLM::Worker_TP;2190 VLLM::Worker_TP; 112 python3;90.1 opencode; 6.6 vllm;"
1788646358,2026-09-05T22:12:38+00:00,6868.00,44500,49750,45500,49500,47500,44750,46250,44250,45000,179.15,0.75,2681343,52.58,57.65,37.41,1003,810,112,42,10.43,41003,0,46,15.71,40538,0,[N/A],[N/A],[N/A],[N/A],1,1,"%CPU COMMAND;2223 VLLM::Worker_TP;2185 VLLM::Worker_TP; 500 ps; 113 python3;90.1 opencode;"
1788646359,2026-09-05T22:12:39+00:00,6869.59,44250,49875,49500,45000,44750,44750,46000,44250,47250,179.66,0.86,1500000,52.46,57.54,37.49,1003,809,112,42,10.38,41003,0,46,15.80,40538,0,[N/A],[N/A],[N/A],[N/A],1,1,"%CPU COMMAND;2218 VLLM::Worker_TP;2180 VLLM::Worker_TP; 113 python3;90.2 opencode; 6.6 vllm;"
1788646361,2026-09-05T22:12:41+00:00,6871.19,44000,49375,45750,45250,44000,44000,46000,44250,45250,163.48,0.61,1496010,52.46,57.54,37.49,1003,809,112,42,9.91,41003,0,46,16.01,40538,0,[N/A],[N/A],[N/A],[N/A],1,1,"%CPU COMMAND;2213 VLLM::Worker_TP;2175 VLLM::Worker_TP; 113 python3;90.2 opencode; 6.5 vllm;"
1788646362,2026-09-05T22:12:42+00:00,6872.77,43750,48875,46500,44500,44000,44500,46000,43750,45000,161.50,0.59,3437273,52.46,57.54,37.49,1003,808,112,42,10.10,41003,0,46,15.60,40538,0,[N/A],[N/A],[N/A],[N/A],1,1,"%CPU COMMAND;2208 VLLM::Worker_TP;2170 VLLM::Worker_TP; 400 ps; 113 python3;90.1 opencode;"
1788646364,2026-09-05T22:12:44+00:00,6874.35,43750,48625,46000,45250,43500,44750,45500,43250,45250,169.50,0.83,3300318,52.90,57.55,37.60,1003,808,112,42,10.75,41003,0,46,15.56,40538,0,[N/A],[N/A],[N/A],[N/A],1,1,"%CPU COMMAND;2204 VLLM::Worker_TP;2165 VLLM::Worker_TP; 114 python3;90.1 opencode; 6.5 vllm;"
1788646366,2026-09-05T22:12:46+00:00,6875.95,43000,48125,46000,43500,43250,44000,45250,43250,45500,150.96,0.44,1500000,52.90,57.55,37.60,1003,807,112,42,10.04,41003,0,46,15.55,40538,0,[N/A],[N/A],[N/A],[N/A],1,1,"%CPU COMMAND;2199 VLLM::Worker_TP;2160 VLLM::Worker_TP; 114 python3;90.1 opencode; 6.5 vllm;"
1788646367,2026-09-05T22:12:47+00:00,6877.53,43500,48125,46000,44750,44000,45000,46000,44000,46000,173.90,0.85,1500000,52.90,57.55,37.60,1003,807,112,42,10.76,41003,0,46,15.68,40538,0,[N/A],[N/A],[N/A],[N/A],1,1,"%CPU COMMAND;2194 VLLM::Worker_TP;2156 VLLM::Worker_TP; 400 ps; 114 python3;90.1 opencode;"
1788646369,2026-09-05T22:12:49+00:00,6879.12,44500,48000,50250,47750,44500,44250,46000,45750,44750,172.35,0.76,1500000,53.31,57.55,37.71,1003,806,112,42,10.53,41003,0,46,15.96,40538,0,[N/A],[N/A],[N/A],[N/A],1,1,"%CPU COMMAND;2189 VLLM::Worker_TP;2151 VLLM::Worker_TP; 400 ps; 115 python3;90.2 opencode;"
1788646370,2026-09-05T22:12:50+00:00,6880.70,44250,48125,51000,44750,44000,44500,46500,45250,45500,170.86,0.73,3418554,53.31,57.55,37.71,1003,806,112,42,10.60,41003,0,46,15.82,40538,0,[N/A],[N/A],[N/A],[N/A],1,1,"%CPU COMMAND;2184 VLLM::Worker_TP;2146 VLLM::Worker_TP; 400 ps; 115 python3;90.2 opencode;"
1788646372,2026-09-05T22:12:52+00:00,6882.31,44000,47875,45500,45250,43000,44750,45250,44250,44500,166.87,0.73,2754513,53.31,57.55,37.71,1003,805,112,41,10.22,41003,0,46,16.15,40538,0,[N/A],[N/A],[N/A],[N/A],1,1,"%CPU COMMAND;2179 VLLM::Worker_TP;2141 VLLM::Worker_TP; 115 python3;90.2 opencode; 6.4 vllm;"
1788646373,2026-09-05T22:12:53+00:00,6883.90,44750,47875,50250,44750,44250,44250,46000,45750,44500,170.59,0.70,3415393,50.16,56.83,37.58,1003,804,112,41,10.39,41003,0,46,15.31,40538,0,[N/A],[N/A],[N/A],[N/A],1,1,"%CPU COMMAND;2174 VLLM::Worker_TP;2137 VLLM::Worker_TP; 116 python3;90.2 opencode; 6.4 vllm;"
1788646375,2026-09-05T22:12:55+00:00,6885.48,44250,47750,45250,44500,43500,44250,45750,44000,46250,163.32,0.67,1496535,50.16,56.83,37.58,1003,804,112,41,10.43,41003,0,46,16.16,40538,0,[N/A],[N/A],[N/A],[N/A],1,1,"%CPU COMMAND;2170 VLLM::Worker_TP;2132 VLLM::Worker_TP; 400 ps; 116 python3;90.2 opencode;"
1788646377,2026-09-05T22:12:57+00:00,6887.07,43500,47625,45500,45750,44750,44250,47750,45500,48750,171.44,0.87,2734772,50.16,56.83,37.58,1003,803,112,41,9.63,41003,0,46,15.76,40538,0,[N/A],[N/A],[N/A],[N/A],1,1,"%CPU COMMAND;2165 VLLM::Worker_TP;2127 VLLM::Worker_TP; 116 python3;90.2 opencode; 6.4 vllm;"
1788646378,2026-09-05T22:12:58+00:00,6888.66,44000,47625,45500,44250,43750,44250,46000,43500,45000,164.45,0.62,1495526,50.16,56.83,37.58,1003,803,112,41,10.07,41003,0,46,15.95,40538,0,[N/A],[N/A],[N/A],[N/A],1,1,"%CPU COMMAND;2160 VLLM::Worker_TP;2123 VLLM::Worker_TP; 117 python3;90.2 opencode; 6.4 vllm;"
1788646380,2026-09-05T22:13:00+00:00,6890.27,44250,47500,45750,44750,43500,49750,46000,43250,45000,169.29,0.61,1496882,50.79,56.85,37.69,1003,802,112,41,9.96,41003,0,45,16.23,40538,0,[N/A],[N/A],[N/A],[N/A],1,1,"%CPU COMMAND;2155 VLLM::Worker_TP;2118 VLLM::Worker_TP; 117 python3;90.2 opencode; 6.4 vllm;"
1788646381,2026-09-05T22:13:01+00:00,6891.86,45000,47750,45000,44500,43500,44500,45500,45750,44750,166.81,0.66,1500000,50.79,56.85,37.69,1003,802,112,41,9.59,41003,0,45,15.52,40538,0,[N/A],[N/A],[N/A],[N/A],1,1,"%CPU COMMAND;2151 VLLM::Worker_TP;2113 VLLM::Worker_TP; 500 ps; 117 python3;90.2 opencode;"
1788646383,2026-09-05T22:13:03+00:00,6893.46,43750,47500,49750,47500,43500,44500,45750,43750,45500,172.54,0.69,3415644,50.79,56.85,37.69,1003,801,112,41,9.98,41003,0,45,16.24,40538,0,[N/A],[N/A],[N/A],[N/A],1,1,"%CPU COMMAND;2146 VLLM::Worker_TP;2109 VLLM::Worker_TP; 400 ps; 118 python3;90.2 opencode;"
1788646385,2026-09-05T22:13:05+00:00,6895.05,44500,47625,46000,44750,44500,44250,46250,45250,44500,167.58,0.77,1796545,51.37,56.87,37.80,1003,801,112,41,9.53,41003,0,45,15.68,40538,0,[N/A],[N/A],[N/A],[N/A],1,1,"%CPU COMMAND;2141 VLLM::Worker_TP;2104 VLLM::Worker_TP; 118 python3;90.2 opencode; 6.3 vllm;"
1788646386,2026-09-05T22:13:06+00:00,6896.65,43750,47500,49750,44750,43750,44000,46250,45250,45250,172.31,0.66,1500000,51.37,56.87,37.80,1003,799,112,41,9.83,41003,0,45,15.77,40538,0,[N/A],[N/A],[N/A],[N/A],1,1,"%CPU COMMAND;2137 VLLM::Worker_TP;2100 VLLM::Worker_TP; 119 python3;90.2 opencode; 6.3 vllm;"
1788646388,2026-09-05T22:13:08+00:00,6898.23,43500,47500,45750,45250,43500,43500,45000,47750,45250,163.82,0.58,1497710,51.37,56.87,37.80,1003,799,112,41,10.16,41003,0,45,15.88,40538,0,[N/A],[N/A],[N/A],[N/A],1,1,"%CPU COMMAND;2132 VLLM::Worker_TP;2095 VLLM::Worker_TP; 119 python3;90.2 opencode; 6.3 vllm;"
1788646389,2026-09-05T22:13:09+00:00,6899.81,44000,47625,45250,44750,44500,44250,45750,44000,48250,169.93,0.62,1500000,51.74,56.85,37.90,1003,799,112,41,9.59,41003,0,45,15.09,40538,0,[N/A],[N/A],[N/A],[N/A],1,1,"%CPU COMMAND;2128 VLLM::Worker_TP;2090 VLLM::Worker_TP; 119 python3;90.2 opencode; 6.3 vllm;"
1788646391,2026-09-05T22:13:11+00:00,6901.42,44750,47500,45500,45000,43250,44250,45750,43250,45000,163.94,0.63,1500000,51.74,56.85,37.90,1003,798,112,41,10.02,41003,0,45,15.66,40538,0,[N/A],[N/A],[N/A],[N/A],1,1,"%CPU COMMAND;2123 VLLM::Worker_TP;2086 VLLM::Worker_TP; 120 python3;90.2 opencode; 6.3 vllm;"
1788646393,2026-09-05T22:13:13+00:00,6903.01,44000,47500,46500,44250,44000,44750,46000,43750,46250,172.42,0.75,1500000,51.74,56.85,37.90,1003,798,112,41,9.45,41003,0,45,15.44,40538,0,[N/A],[N/A],[N/A],[N/A],1,1,"%CPU COMMAND;2118 VLLM::Worker_TP;2081 VLLM::Worker_TP; 120 python3;90.3 opencode; 6.3 vllm;"
1788646394,2026-09-05T22:13:14+00:00,6904.61,43500,47500,45250,44500,44000,44250,47250,44250,44500,166.80,0.65,1500000,52.32,56.89,38.01,1003,797,112,41,9.85,41003,0,45,15.98,40538,0,[N/A],[N/A],[N/A],[N/A],1,1,"%CPU COMMAND;2114 VLLM::Worker_TP;2077 VLLM::Worker_TP; 120 python3;90.3 opencode; 6.3 vllm;"
1788646396,2026-09-05T22:13:16+00:00,6906.19,44500,47375,45500,44500,43500,44250,46000,43750,46000,170.48,0.76,2735693,52.32,56.89,38.01,1003,796,112,41,9.40,41003,0,45,15.96,40538,0,[N/A],[N/A],[N/A],[N/A],1,1,"%CPU COMMAND;2109 VLLM::Worker_TP;2073 VLLM::Worker_TP; 400 ps; 121 python3;90.3 opencode;"
1788646397,2026-09-05T22:13:17+00:00,6907.79,44750,47500,45500,44500,44750,44250,45750,44000,44500,167.59,0.73,2752675,52.32,56.89,38.01,1003,796,112,41,9.51,41003,0,45,15.58,40538,0,[N/A],[N/A],[N/A],[N/A],1,1,"%CPU COMMAND;2105 VLLM::Worker_TP;2068 VLLM::Worker_TP; 121 python3;90.3 opencode; 6.2 vllm;"
1788646399,2026-09-05T22:13:19+00:00,6909.38,44500,47625,45500,44500,43750,44500,48250,43750,44500,167.25,0.60,1756281,52.21,56.79,38.08,1003,795,112,41,9.63,41003,0,45,15.44,40538,0,[N/A],[N/A],[N/A],[N/A],1,1,"%CPU COMMAND;2100 VLLM::Worker_TP;2064 VLLM::Worker_TP; 121 python3;90.3 opencode; 6.2 vllm;"
1788646401,2026-09-05T22:13:21+00:00,6910.98,44750,47500,45000,43750,43500,43500,47000,43500,44250,164.24,0.59,1500000,52.21,56.79,38.08,1003,795,112,41,9.59,41003,0,45,15.49,40538,0,[N/A],[N/A],[N/A],[N/A],1,1,"%CPU COMMAND;2096 VLLM::Worker_TP;2059 VLLM::Worker_TP; 122 python3;90.3 opencode; 6.2 vllm;"
1788646402,2026-09-05T22:13:22+00:00,6912.59,44250,47250,45750,44750,44250,44500,46000,44250,45000,169.18,0.72,1500000,52.21,56.79,38.08,1003,794,112,41,9.75,41003,0,45,15.88,40538,0,[N/A],[N/A],[N/A],[N/A],1,1,"%CPU COMMAND;2091 VLLM::Worker_TP;2055 VLLM::Worker_TP; 122 python3;90.3 opencode; 6.2 vllm;"
1788646404,2026-09-05T22:13:24+00:00,6914.17,44250,47250,45500,44000,43750,44250,44750,43750,44500,160.18,0.59,1500000,52.68,56.81,38.19,1003,794,112,41,9.57,41003,0,45,16.06,40538,0,[N/A],[N/A],[N/A],[N/A],1,1,"%CPU COMMAND;2087 VLLM::Worker_TP;2051 VLLM::Worker_TP; 122 python3;90.3 opencode; 6.2 vllm;"
1788646405,2026-09-05T22:13:25+00:00,6915.78,44250,47000,45750,44250,44750,44500,45750,44250,44500,165.59,0.57,1500000,52.68,56.81,38.19,1003,793,112,41,9.25,41003,0,45,15.35,40538,0,[N/A],[N/A],[N/A],[N/A],1,1,"%CPU COMMAND;2083 VLLM::Worker_TP;2046 VLLM::Worker_TP; 400 ps; 123 python3;90.3 opencode;"
1788646407,2026-09-05T22:13:27+00:00,6917.37,43500,47125,44750,44250,43750,44000,45250,44250,44500,162.25,0.71,1500000,52.68,56.81,38.19,1003,793,112,41,9.59,41003,0,45,15.25,40538,0,[N/A],[N/A],[N/A],[N/A],1,1,"%CPU COMMAND;2078 VLLM::Worker_TP;2042 VLLM::Worker_TP; 400 ps; 123 python3;90.3 opencode;"
1788646409,2026-09-05T22:13:29+00:00,6918.98,44250,47125,45750,44750,43250,44250,46000,43750,45000,169.63,0.63,1500000,51.58,56.52,38.19,1003,792,112,40,9.47,41003,0,45,15.20,40538,0,[N/A],[N/A],[N/A],[N/A],1,1,"%CPU COMMAND;2074 VLLM::Worker_TP;2038 VLLM::Worker_TP; 123 python3;90.2 opencode; 6.2 vllm;"
1788646410,2026-09-05T22:13:30+00:00,6920.58,44500,47500,45250,47750,44250,44250,45500,43750,45000,170.13,0.68,1500000,51.58,56.52,38.19,1003,791,112,40,9.81,41003,0,45,15.70,40538,0,[N/A],[N/A],[N/A],[N/A],1,1,"%CPU COMMAND;2069 VLLM::Worker_TP;2033 VLLM::Worker_TP; 124 python3;90.2 opencode; 6.1 vllm;"
1788646412,2026-09-05T22:13:32+00:00,6922.19,44250,47375,45250,44500,44000,45750,46000,43250,45250,170.69,0.84,1500000,51.58,56.52,38.19,1003,791,112,40,9.90,41003,0,44,15.32,40538,0,[N/A],[N/A],[N/A],[N/A],1,1,"%CPU COMMAND;2065 VLLM::Worker_TP;2029 VLLM::Worker_TP; 124 python3;90.2 opencode; 6.1 vllm;"
1788646413,2026-09-05T22:13:33+00:00,6923.79,44500,47375,45000,44750,43000,44750,45250,43250,45000,166.63,0.58,1496880,51.94,56.51,38.29,1003,790,112,40,9.02,41003,0,44,15.74,40538,0,[N/A],[N/A],[N/A],[N/A],1,1,"%CPU COMMAND;2061 VLLM::Worker_TP;2025 VLLM::Worker_TP; 400 ps; 124 python3;90.2 opencode;"
1788646415,2026-09-05T22:13:35+00:00,6925.37,44000,47250,45500,44750,43750,44000,45250,44250,44750,167.49,0.58,1500000,51.94,56.51,38.29,1003,790,112,40,9.52,41003,0,44,16.12,40538,0,[N/A],[N/A],[N/A],[N/A],1,1,"%CPU COMMAND;2056 VLLM::Worker_TP;2021 VLLM::Worker_TP; 400 ps; 125 python3;90.2 opencode;"
1788646417,2026-09-05T22:13:37+00:00,6926.97,44000,47500,45250,44500,44500,44250,45250,44000,45000,170.77,0.96,1500000,51.94,56.51,38.29,1003,789,112,40,8.96,41003,0,44,15.05,40538,0,[N/A],[N/A],[N/A],[N/A],1,1,"%CPU COMMAND;2052 VLLM::Worker_TP;2016 VLLM::Worker_TP; 400 ps; 125 python3;90.2 opencode;"
1788646418,2026-09-05T22:13:38+00:00,6928.56,44250,47375,48500,47750,45500,44500,48500,44000,45500,170.15,0.64,3415803,51.94,56.51,38.29,1003,788,112,40,9.67,41003,0,44,15.63,40538,0,[N/A],[N/A],[N/A],[N/A],1,1,"%CPU COMMAND;2048 VLLM::Worker_TP;2012 VLLM::Worker_TP; 125 python3;90.2 opencode; 6.1 vllm;"
1788646420,2026-09-05T22:13:40+00:00,6930.16,44000,47875,45500,45000,43750,44500,45500,43500,44750,167.45,0.74,1500000,52.50,56.55,38.40,1003,788,112,40,9.69,41003,0,44,15.80,40538,0,[N/A],[N/A],[N/A],[N/A],1,1,"%CPU COMMAND;2044 VLLM::Worker_TP;2008 VLLM::Worker_TP; 126 python3;90.2 opencode; 6.1 vllm;"
1788646421,2026-09-05T22:13:41+00:00,6931.75,43500,47750,45000,44750,44250,44250,46750,45000,44500,170.53,0.80,1500000,52.50,56.55,38.40,1003,787,112,40,9.46,41003,0,44,15.49,40538,0,[N/A],[N/A],[N/A],[N/A],1,1,"%CPU COMMAND;2039 VLLM::Worker_TP;2004 VLLM::Worker_TP; 126 python3;90.2 opencode; 6.1 vllm;"
1788646423,2026-09-05T22:13:43+00:00,6933.35,43250,47875,45250,45000,43500,43750,46000,43500,45500,168.98,0.71,1500000,52.50,56.55,38.40,1003,787,112,40,9.37,41003,0,44,15.56,40538,0,[N/A],[N/A],[N/A],[N/A],1,1,"%CPU COMMAND;2035 VLLM::Worker_TP;2000 VLLM::Worker_TP; 126 python3;90.2 opencode; 6.0 vllm;"
1788646425,2026-09-05T22:13:45+00:00,6934.95,43250,47625,45250,44500,48250,45000,46000,43250,44750,166.17,0.72,1500000,52.62,56.51,38.48,1003,786,112,40,8.97,41003,0,44,14.91,40538,0,[N/A],[N/A],[N/A],[N/A],1,1,"%CPU COMMAND;2031 VLLM::Worker_TP;1996 VLLM::Worker_TP; 400 ps; 127 python3;90.2 opencode;"
1788646426,2026-09-05T22:13:46+00:00,6936.53,44000,47875,45500,49000,44500,44250,47250,43750,44500,172.20,0.91,2755495,52.62,56.51,38.48,1003,786,112,40,9.49,41003,0,44,13.97,40538,0,[N/A],[N/A],[N/A],[N/A],1,1,"%CPU COMMAND;2027 VLLM::Worker_TP;1991 VLLM::Worker_TP; 127 python3;90.3 opencode; 6.0 vllm;"
1788646428,2026-09-05T22:13:48+00:00,6938.14,44500,47625,45500,45250,43250,44500,45750,44250,44500,170.87,0.59,1500000,52.62,56.51,38.48,1003,785,112,40,8.83,41003,0,44,15.61,40538,0,[N/A],[N/A],[N/A],[N/A],1,1,"%CPU COMMAND;2023 VLLM::Worker_TP;1987 VLLM::Worker_TP; 400 ps; 127 python3;90.3 opencode;"
1788646429,2026-09-05T22:13:49+00:00,6939.73,44000,47875,45500,45000,43250,44000,45500,44000,45000,171.11,1.00,1500000,53.13,56.55,38.59,1003,784,112,40,9.36,41003,0,44,14.96,40538,0,[N/A],[N/A],[N/A],[N/A],1,1,"%CPU COMMAND;2018 VLLM::Worker_TP;1983 VLLM::Worker_TP; 128 python3;90.3 opencode; 6.0 vllm;"
1788646431,2026-09-05T22:13:51+00:00,6941.33,43750,47625,45250,44500,43750,44250,46000,43750,45250,171.15,0.68,1500000,53.13,56.55,38.59,1003,784,112,40,9.58,41003,0,44,15.62,40538,0,[N/A],[N/A],[N/A],[N/A],1,1,"%CPU COMMAND;2014 VLLM::Worker_TP;1979 VLLM::Worker_TP; 128 python3;90.3 opencode; 6.0 vllm;"
1788646433,2026-09-05T22:13:53+00:00,6942.92,43250,47750,45250,45000,43250,44250,45250,43250,46000,167.73,0.73,1461658,53.13,56.55,38.59,1003,783,112,40,8.78,41003,0,44,15.15,40538,0,[N/A],[N/A],[N/A],[N/A],1,1,"%CPU COMMAND;2010 VLLM::Worker_TP;1975 VLLM::Worker_TP; 400 ps; 128 python3;90.3 opencode;"
1788646434,2026-09-05T22:13:54+00:00,6944.52,43750,47625,50000,45000,44250,44250,45750,43750,45750,173.72,0.78,3405434,52.80,56.42,38.65,1003,783,112,40,9.67,41003,0,44,14.94,40538,0,[N/A],[N/A],[N/A],[N/A],1,1,"%CPU COMMAND;2006 VLLM::Worker_TP;1971 VLLM::Worker_TP; 129 python3;90.3 opencode; 6.0 vllm;"
1788646436,2026-09-05T22:13:56+00:00,6946.11,44000,47500,45250,48750,43750,43750,45500,43750,45500,161.79,0.53,1500000,52.80,56.42,38.65,1003,782,112,40,9.01,41003,0,44,15.62,40538,0,[N/A],[N/A],[N/A],[N/A],1,1,"%CPU COMMAND;2002 VLLM::Worker_TP;1967 VLLM::Worker_TP; 129 python3;90.3 opencode; 6.0 vllm;"
1788646437,2026-09-05T22:13:57+00:00,6947.70,43750,47500,46000,44750,45500,44250,45250,44000,45000,166.22,0.73,1958453,52.80,56.42,38.65,1003,782,112,40,9.43,41003,0,44,14.97,40538,0,[N/A],[N/A],[N/A],[N/A],1,1,"%CPU COMMAND;1998 VLLM::Worker_TP;1963 VLLM::Worker_TP; 400 ps; 129 python3;90.3 opencode;"
1788646439,2026-09-05T22:13:59+00:00,6949.29,43500,48000,46500,44750,44000,44250,45250,43750,44750,171.69,1.38,1798970,53.30,56.47,38.76,1003,781,112,40,9.25,41003,0,44,15.59,40538,0,[N/A],[N/A],[N/A],[N/A],1,1,"%CPU COMMAND;1994 VLLM::Worker_TP;1959 VLLM::Worker_TP; 129 python3;90.4 opencode; 5.9 vllm;"
1788646440,2026-09-05T22:14:00+00:00,6950.88,44000,47750,48000,45250,44000,44500,45250,43750,44750,168.14,0.59,1500000,53.30,56.47,38.76,1003,781,112,40,8.62,41003,0,44,14.89,40538,0,[N/A],[N/A],[N/A],[N/A],1,1,"%CPU COMMAND;1990 VLLM::Worker_TP;1955 VLLM::Worker_TP; 130 python3;90.4 opencode; 5.9 vllm;"
1788646442,2026-09-05T22:14:02+00:00,6952.48,44250,47750,45500,45250,44000,44500,46000,43750,44750,174.21,0.94,3416338,53.30,56.47,38.76,1003,780,112,40,8.89,41003,0,44,14.12,40538,0,[N/A],[N/A],[N/A],[N/A],1,1,"%CPU COMMAND;1986 VLLM::Worker_TP;1951 VLLM::Worker_TP; 130 python3;90.4 opencode; 5.9 vllm;"
1788646444,2026-09-05T22:14:04+00:00,6954.05,44250,47500,45250,44250,44750,46000,45000,43000,44500,159.86,0.43,1500000,53.68,56.49,38.86,1003,780,112,40,8.94,41003,0,44,14.75,40538,0,[N/A],[N/A],[N/A],[N/A],1,1,"%CPU COMMAND;1982 VLLM::Worker_TP;1947 VLLM::Worker_TP; 130 python3;90.4 opencode; 5.9 vllm;"
1788646445,2026-09-05T22:14:05+00:00,6955.65,44000,47500,49500,45000,43750,45250,45750,43750,45250,170.58,0.79,1500000,53.68,56.49,38.86,1003,779,112,40,8.88,41003,0,44,14.41,40538,0,[N/A],[N/A],[N/A],[N/A],1,1,"%CPU COMMAND;1978 VLLM::Worker_TP;1944 VLLM::Worker_TP; 400 ps; 130 python3;90.4 opencode;"
1788646447,2026-09-05T22:14:07+00:00,6957.23,43750,47625,47000,44250,43750,44750,45500,43500,44250,165.08,0.62,1500000,53.68,56.49,38.86,1003,779,112,40,9.18,41003,0,43,15.49,40538,0,[N/A],[N/A],[N/A],[N/A],1,1,"%CPU COMMAND;1974 VLLM::Worker_TP;1940 VLLM::Worker_TP; 500 ps; 130 python3;90.5 opencode;"
1788646448,2026-09-05T22:14:08+00:00,6958.82,43750,47500,45750,44750,43750,44250,45250,44500,44750,169.18,0.72,1500000,52.50,56.20,38.86,1003,778,112,39,8.48,41003,0,43,14.72,40538,0,[N/A],[N/A],[N/A],[N/A],1,1,"%CPU COMMAND;1970 VLLM::Worker_TP;1936 VLLM::Worker_TP; 130 python3;90.5 opencode; 5.9 vllm;"
1788646450,2026-09-05T22:14:10+00:00,6960.41,44250,48125,45250,45000,44750,44250,46000,44000,45250,174.10,1.53,1500000,52.50,56.20,38.86,1003,778,112,39,9.04,41003,0,43,15.12,40538,0,[N/A],[N/A],[N/A],[N/A],1,1,"%CPU COMMAND;1966 VLLM::Worker_TP;1932 VLLM::Worker_TP; 131 python3;90.5 opencode; 5.9 vllm;"
1788646452,2026-09-05T22:14:12+00:00,6961.99,44500,48000,44750,44500,43500,44000,45750,43750,46000,169.18,0.78,1796293,52.50,56.20,38.86,1003,778,112,39,8.39,41003,0,43,15.49,40538,0,[N/A],[N/A],[N/A],[N/A],1,1,"%CPU COMMAND;1962 VLLM::Worker_TP;1928 VLLM::Worker_TP; 131 python3;90.5 opencode; 5.8 vllm;"
1788646453,2026-09-05T22:14:13+00:00,6963.59,44000,47875,50750,44750,44000,44250,46250,44750,46750,171.69,0.88,2000000,52.50,56.20,38.86,1003,777,112,39,9.05,41003,0,43,14.55,40538,0,[N/A],[N/A],[N/A],[N/A],1,1,"%CPU COMMAND;1959 VLLM::Worker_TP;1924 VLLM::Worker_TP; 131 python3;90.5 opencode; 5.8 vllm;"
1788646455,2026-09-05T22:14:15+00:00,6965.16,44250,47875,45250,44250,43000,46250,45750,49000,44500,168.14,0.65,1500000,53.10,56.27,38.98,1003,777,112,39,8.80,41003,0,43,15.06,40538,0,[N/A],[N/A],[N/A],[N/A],1,1,"%CPU COMMAND;1955 VLLM::Worker_TP;1921 VLLM::Worker_TP; 131 python3;90.6 opencode; 5.8 vllm;"
1788646456,2026-09-05T22:14:16+00:00,6966.77,45000,47625,46250,44250,44000,44500,45750,43750,45000,171.41,0.55,3415819,53.10,56.27,38.98,1003,775,112,39,8.69,41003,0,43,14.50,40538,0,[N/A],[N/A],[N/A],[N/A],1,1,"%CPU COMMAND;1951 VLLM::Worker_TP;1917 VLLM::Worker_TP; 132 python3;90.6 opencode; 5.8 vllm;"
1788646458,2026-09-05T22:14:18+00:00,6968.36,43750,47875,45000,44000,43750,45500,45250,43000,44250,172.75,0.72,1500000,53.10,56.27,38.98,1003,775,112,39,9.49,41003,0,43,15.12,40538,0,[N/A],[N/A],[N/A],[N/A],1,1,"%CPU COMMAND;1947 VLLM::Worker_TP;1913 VLLM::Worker_TP; 400 ps; 132 python3;90.6 opencode;"
1788646460,2026-09-05T22:14:20+00:00,6969.95,44250,48250,50500,45500,44000,44250,45750,43500,45250,174.97,1.23,1800000,52.85,56.16,39.04,1003,775,112,39,9.03,41003,0,43,15.10,40538,0,[N/A],[N/A],[N/A],[N/A],1,1,"%CPU COMMAND;1943 VLLM::Worker_TP;1909 VLLM::Worker_TP; 132 python3;90.6 opencode; 5.8 vllm;"
1788646461,2026-09-05T22:14:21+00:00,6971.55,43750,48250,45750,44500,45250,45500,45750,43750,44750,172.44,0.68,1528222,52.85,56.16,39.04,1003,774,112,39,9.45,41003,0,43,14.45,40538,0,[N/A],[N/A],[N/A],[N/A],1,1,"%CPU COMMAND;1939 VLLM::Worker_TP;1905 VLLM::Worker_TP; 400 ps; 132 python3;90.7 opencode;"
1788646463,2026-09-05T22:14:23+00:00,6973.13,44250,48000,50250,44750,44000,44750,46250,43500,45000,173.97,0.75,3329922,52.85,56.16,39.04,1003,773,112,39,9.27,41003,0,43,15.79,40538,0,[N/A],[N/A],[N/A],[N/A],1,1,"%CPU COMMAND;1935 VLLM::Worker_TP;1902 VLLM::Worker_TP; 133 python3;90.7 opencode; 5.8 vllm;"
1788646464,2026-09-05T22:14:24+00:00,6974.73,43750,48000,46000,44000,45500,45250,45000,43500,44500,172.02,0.63,1498017,53.18,56.17,39.13,1003,773,112,39,8.91,41003,0,43,14.61,40538,0,[N/A],[N/A],[N/A],[N/A],1,1,"%CPU COMMAND;1932 VLLM::Worker_TP;1898 VLLM::Worker_TP; 133 python3;90.7 opencode; 5.8 vllm;"
1788646466,2026-09-05T22:14:26+00:00,6976.32,44000,47875,49500,47000,44750,45250,46250,44000,45500,174.32,0.71,3441502,53.18,56.17,39.13,1003,772,112,39,8.57,41003,0,43,15.16,40538,0,[N/A],[N/A],[N/A],[N/A],1,1,"%CPU COMMAND;1928 VLLM::Worker_TP;1894 VLLM::Worker_TP; 133 python3;90.7 opencode; 5.7 vllm;"
1788646467,2026-09-05T22:14:27+00:00,6977.91,44500,47750,45250,44250,44000,44000,45500,43500,45000,162.73,0.74,1500000,53.18,56.17,39.13,1003,772,112,39,8.63,41003,0,43,15.27,40538,0,[N/A],[N/A],[N/A],[N/A],1,1,"%CPU COMMAND;1924 VLLM::Worker_TP;1891 VLLM::Worker_TP; 400 ps; 133 python3;90.7 opencode;"
1788646469,2026-09-05T22:14:29+00:00,6979.48,44500,48000,47000,46500,46750,44250,50000,43500,47500,167.48,1.16,3443426,52.77,56.04,39.18,1003,771,112,39,9.10,41003,0,43,15.14,40538,0,[N/A],[N/A],[N/A],[N/A],1,1,"%CPU COMMAND;1920 VLLM::Worker_TP;1887 VLLM::Worker_TP; 134 python3;90.7 opencode; 5.7 vllm;"
1788646471,2026-09-05T22:14:31+00:00,6981.08,43750,47750,45500,44250,43500,44000,45250,43500,45250,161.88,0.56,1500000,52.77,56.04,39.18,1003,771,112,39,8.81,41003,0,43,15.02,40538,0,[N/A],[N/A],[N/A],[N/A],1,1,"%CPU COMMAND;1917 VLLM::Worker_TP;1883 VLLM::Worker_TP; 400 ps; 134 python3;90.7 opencode;"
1788646472,2026-09-05T22:14:32+00:00,6982.67,43750,47500,51000,44500,43750,44750,46750,43750,44750,170.60,0.66,1500000,52.77,56.04,39.18,1003,770,112,39,8.94,41003,0,43,14.95,40538,0,[N/A],[N/A],[N/A],[N/A],1,1,"%CPU COMMAND;1913 VLLM::Worker_TP;1880 VLLM::Worker_TP; 135 python3;90.7 opencode; 5.7 vllm;"
1788646474,2026-09-05T22:14:34+00:00,6984.26,43750,47375,45000,44000,43250,44250,45250,44250,45500,160.54,0.47,1500000,53.19,56.07,39.28,1003,770,112,39,9.00,41003,0,43,15.63,40538,0,[N/A],[N/A],[N/A],[N/A],1,1,"%CPU COMMAND;1909 VLLM::Worker_TP;1876 VLLM::Worker_TP; 400 ps; 135 python3;90.7 opencode;"
1788646475,2026-09-05T22:14:35+00:00,6985.86,44750,47375,45250,44250,48000,44000,45500,43750,45000,NA,0.73,1785897,53.19,56.07,39.28,1003,769,112,39,8.81,41003,0,43,15.03,40538,0,[N/A],[N/A],[N/A],[N/A],1,1,"%CPU COMMAND;1906 VLLM::Worker_TP;1872 VLLM::Worker_TP; 500 ps; 135 python3;90.7 opencode;"
1788646477,2026-09-05T22:14:37+00:00,6987.44,44250,47375,45250,44250,44000,44500,45500,44000,45000,164.06,0.71,1500000,53.19,56.07,39.28,1003,769,112,39,9.13,41003,0,43,14.27,40538,0,[N/A],[N/A],[N/A],[N/A],1,1,"%CPU COMMAND;1902 VLLM::Worker_TP;1869 VLLM::Worker_TP; 135 python3;90.7 opencode; 5.7 vllm;"
1788646479,2026-09-05T22:14:39+00:00,6989.05,43500,47375,45500,44500,44000,44000,46000,43250,44500,173.45,0.68,3416310,50.93,55.56,39.20,1003,768,112,39,8.85,41003,0,43,14.79,40538,0,[N/A],[N/A],[N/A],[N/A],1,1,"%CPU COMMAND;1898 VLLM::Worker_TP;1865 VLLM::Worker_TP; 136 python3;90.7 opencode; 5.7 vllm;"
1788646480,2026-09-05T22:14:40+00:00,6990.63,43750,47625,45000,43500,43000,44250,44750,43750,44500,164.38,1.29,1496910,50.93,55.56,39.20,1003,767,112,39,9.63,41003,0,43,14.84,40538,0,[N/A],[N/A],[N/A],[N/A],1,1,"%CPU COMMAND;1895 VLLM::Worker_TP;1862 VLLM::Worker_TP; 136 python3;90.7 opencode; 5.7 vllm;"
1788646482,2026-09-05T22:14:42+00:00,6992.23,44000,47375,44750,44500,44000,44000,45750,43500,45000,168.97,0.56,1500000,50.93,55.56,39.20,1003,767,112,39,8.79,41003,0,43,15.42,40538,0,[N/A],[N/A],[N/A],[N/A],1,1,"%CPU COMMAND;1891 VLLM::Worker_TP;1858 VLLM::Worker_TP; 136 python3;90.7 opencode; 5.6 vllm;"
1788646483,2026-09-05T22:14:43+00:00,6993.81,42750,47375,45500,44500,43250,44500,46000,43750,46000,167.32,0.78,3412810,51.58,55.61,39.31,1003,767,112,39,8.81,41003,0,43,14.89,40538,0,[N/A],[N/A],[N/A],[N/A],1,1,"%CPU COMMAND;1887 VLLM::Worker_TP;1854 VLLM::Worker_TP; 136 python3;90.7 opencode; 5.6 vllm;"
1788646485,2026-09-05T22:14:45+00:00,6995.40,44250,47000,45500,44250,43500,44250,47250,43250,44500,163.44,0.58,1500000,51.58,55.61,39.31,1003,766,112,39,9.27,41003,0,42,14.52,40538,0,[N/A],[N/A],[N/A],[N/A],1,1,"%CPU COMMAND;1884 VLLM::Worker_TP;1851 VLLM::Worker_TP; 136 python3;90.7 opencode; 5.6 vllm;"
1788646487,2026-09-05T22:14:47+00:00,6997.01,43750,47250,46000,44500,43500,43750,45750,43250,44500,175.25,0.91,1500000,51.58,55.61,39.31,1003,766,112,39,8.87,41003,0,42,15.41,40538,0,[N/A],[N/A],[N/A],[N/A],1,1,"%CPU COMMAND;1880 VLLM::Worker_TP;1847 VLLM::Worker_TP; 400 ps; 137 python3;90.7 opencode;"
1788646488,2026-09-05T22:14:48+00:00,6998.60,44250,47000,45250,43750,43250,44250,45500,44000,44500,163.21,0.74,1495924,51.58,55.61,39.31,1003,765,112,39,9.42,41003,0,42,14.33,40538,0,[N/A],[N/A],[N/A],[N/A],1,1,"%CPU COMMAND;1877 VLLM::Worker_TP;1844 VLLM::Worker_TP; 137 python3;90.7 opencode; 5.6 vllm;"
1788646490,2026-09-05T22:14:50+00:00,7000.20,43750,48125,49000,44750,44250,44750,45750,44000,48500,179.39,2.61,3393538,51.45,55.52,39.37,1003,764,112,39,10.58,44683,0,44,46.57,40898,0,[N/A],[N/A],[N/A],[N/A],4,4,"%CPU COMMAND;1873 VLLM::Worker_TP;1841 VLLM::Worker_TP; 137 python3;90.7 opencode; 5.6 vllm;"
1788646491,2026-09-05T22:14:51+00:00,7001.72,44500,49375,45500,44500,44250,47000,53500,44500,47000,185.43,3.74,1500000,51.45,55.52,39.37,1003,762,112,40,59.66,41649,0,44,74.15,41186,0,[N/A],[N/A],[N/A],[N/A],4,4,"%CPU COMMAND;1870 VLLM::Worker_TP;1838 VLLM::Worker_TP; 400 ps; 137 python3;90.7 opencode;"
1788646493,2026-09-05T22:14:53+00:00,7003.21,43750,49250,45750,44500,43000,44000,45750,44000,45000,169.82,0.61,1500000,51.45,55.52,39.37,1003,761,112,40,59.01,41649,0,44,60.66,41186,0,[N/A],[N/A],[N/A],[N/A],4,4,"%CPU COMMAND;1867 VLLM::Worker_TP;1834 VLLM::Worker_TP; 138 python3;90.7 opencode;10.4 torch_shm_manag;"
1788646494,2026-09-05T22:14:54+00:00,7004.72,44000,48750,45250,44000,43750,45000,45500,42750,44750,160.69,0.53,1496641,52.06,55.58,39.47,1003,760,112,40,58.70,41649,0,44,58.51,41186,0,[N/A],[N/A],[N/A],[N/A],4,4,"%CPU COMMAND;1864 VLLM::Worker_TP;1831 VLLM::Worker_TP; 138 python3;90.7 opencode; 6.0 torch_shm_manag;"
1788646496,2026-09-05T22:14:56+00:00,7006.22,44500,48375,45250,44500,43500,45250,45250,43750,45250,166.76,0.64,1533966,52.06,55.58,39.47,1003,760,112,40,58.26,41649,0,44,58.55,41186,0,[N/A],[N/A],[N/A],[N/A],4,4,"%CPU COMMAND;1860 VLLM::Worker_TP;1828 VLLM::Worker_TP; 138 python3;90.7 opencode; 5.6 vllm;"
1788646497,2026-09-05T22:14:57+00:00,7007.73,44500,48125,45500,44750,44000,44000,45000,43750,45000,166.65,0.72,1810366,52.06,55.58,39.47,1003,760,112,40,58.56,41649,0,44,58.63,41186,0,[N/A],[N/A],[N/A],[N/A],4,4,"%CPU COMMAND;1857 VLLM::Worker_TP;1825 VLLM::Worker_TP; 138 python3;90.7 opencode; 5.5 vllm;"
1788646499,2026-09-05T22:14:59+00:00,7009.24,43500,48125,50500,44500,43250,44500,45750,43250,44750,165.43,1.06,3404166,52.13,55.54,39.55,1003,759,112,40,58.49,41649,0,44,58.19,41186,0,[N/A],[N/A],[N/A],[N/A],4,4,"%CPU COMMAND;1854 VLLM::Worker_TP;1821 VLLM::Worker_TP; 138 python3;90.7 opencode; 5.5 vllm;"
1788646500,2026-09-05T22:15:00+00:00,7010.74,44000,48000,46500,44000,43500,45250,45000,44000,44500,172.21,0.74,1500000,52.13,55.54,39.55,1003,759,112,41,58.79,41649,0,44,58.58,41186,0,[N/A],[N/A],[N/A],[N/A],4,4,"%CPU COMMAND;1850 VLLM::Worker_TP;1818 VLLM::Worker_TP; 138 python3;90.8 opencode; 5.5 vllm;"
1788646502,2026-09-05T22:15:02+00:00,7012.24,44250,47750,44750,43750,43500,44750,45250,43250,44500,164.61,0.63,1500000,52.13,55.54,39.55,1003,758,112,41,58.57,41649,0,44,58.57,41186,0,[N/A],[N/A],[N/A],[N/A],4,4,"%CPU COMMAND;1847 VLLM::Worker_TP;1815 VLLM::Worker_TP; 139 python3;90.8 opencode; 5.5 vllm;"
1788646503,2026-09-05T22:15:03+00:00,7013.77,44250,47375,45500,44000,43500,45000,46750,43750,45250,165.07,0.55,1500000,48.76,54.78,39.39,1003,758,112,41,58.79,41649,0,44,58.34,41186,0,[N/A],[N/A],[N/A],[N/A],4,4,"%CPU COMMAND;1844 VLLM::Worker_TP;1812 VLLM::Worker_TP; 139 python3;90.8 opencode; 5.5 vllm;"
1788646505,2026-09-05T22:15:05+00:00,7015.28,44000,48750,45250,50250,43250,44500,45500,43000,44250,163.37,0.59,1496901,48.76,54.78,39.39,1003,758,112,41,58.79,41649,0,45,58.26,41186,0,[N/A],[N/A],[N/A],[N/A],4,4,"%CPU COMMAND;1841 VLLM::Worker_TP;1809 VLLM::Worker_TP; 139 python3;90.9 opencode; 5.5 vllm;"
1788646506,2026-09-05T22:15:06+00:00,7016.79,44000,49125,45250,48250,43500,44250,45000,43500,44750,163.36,0.69,1496853,48.76,54.78,39.39,1003,758,112,41,59.23,41649,0,45,58.65,41186,0,[N/A],[N/A],[N/A],[N/A],4,4,"%CPU COMMAND;1837 VLLM::Worker_TP;1805 VLLM::Worker_TP; 139 python3;90.9 opencode; 5.5 vllm;"
1788646508,2026-09-05T22:15:08+00:00,7018.29,44500,49375,50750,44000,44250,44750,45750,43250,46000,167.99,0.73,2714656,48.76,54.78,39.39,1003,762,112,41,59.16,41649,0,45,58.51,41186,0,[N/A],[N/A],[N/A],[N/A],2,4,"%CPU COMMAND;1834 VLLM::Worker_TP;1802 VLLM::Worker_TP; 139 python3;90.9 opencode; 5.5 vllm;"
1788646509,2026-09-05T22:15:09+00:00,7019.82,44000,50250,50500,44250,43750,44750,45750,43750,44750,163.38,0.86,1500000,45.09,53.92,39.19,1003,781,112,41,34.04,41649,0,45,58.78,41186,0,[N/A],[N/A],[N/A],[N/A],2,2,"%CPU COMMAND;1831 VLLM::Worker_TP;1799 VLLM::Worker_TP; 139 python3;90.9 opencode; 5.5 vllm;"
1788646511,2026-09-05T22:15:11+00:00,7021.39,43500,50500,50500,43750,42750,44500,45250,43250,44250,154.22,0.52,2733815,45.09,53.92,39.19,1003,799,112,40,10.84,41649,0,44,21.25,41186,0,[N/A],[N/A],[N/A],[N/A],1,1,"%CPU COMMAND;1827 VLLM::Worker_TP;1795 VLLM::Worker_TP; 400 ps; 139 python3;90.9 opencode;"
1788646513,2026-09-05T22:15:13+00:00,7022.98,42750,50625,51500,44250,43000,44000,44750,43250,45000,159.00,0.54,2735069,45.09,53.92,39.19,1003,819,112,40,10.37,41649,0,44,14.96,41186,0,[N/A],[N/A],[N/A],[N/A],1,1,"%CPU COMMAND;1824 VLLM::Worker_TP;1792 VLLM::Worker_TP; 139 python3;91.0 opencode; 5.5 vllm;"
1788646514,2026-09-05T22:15:14+00:00,7024.58,43750,50625,51250,44500,43000,44250,44750,43000,45500,159.73,0.57,2734568,41.56,53.04,38.99,1003,838,112,40,10.30,41649,0,44,15.79,41186,0,[N/A],[N/A],[N/A],[N/A],1,1,"%CPU COMMAND;1821 VLLM::Worker_TP;1789 VLLM::Worker_TP; 138 python3;91.0 opencode; 5.4 vllm;"
1788646516,2026-09-05T22:15:16+00:00,7026.15,43750,50625,45250,44500,47250,44500,45500,44250,46750,161.82,0.89,1500000,41.56,53.04,38.99,1003,854,112,40,9.96,41184,0,44,15.94,41186,0,[N/A],[N/A],[N/A],[N/A],1,1,"%CPU COMMAND;1817 VLLM::Worker_TP;1786 VLLM::Worker_TP;91.0 opencode; 5.4 vllm; 3.0 VLLM::EngineCor;"
1788646517,2026-09-05T22:15:17+00:00,7027.73,43750,50000,48000,44750,43000,45750,45750,43750,44000,172.24,1.62,3415796,41.56,53.04,38.99,1003,854,112,40,15.40,41184,0,44,20.93,41186,0,[N/A],[N/A],[N/A],[N/A],1,1,"%CPU COMMAND;1814 VLLM::Worker_TP;1782 VLLM::Worker_TP;91.0 opencode; 5.4 vllm; 3.0 VLLM::EngineCor;"
1788646519,2026-09-05T22:15:19+00:00,7029.46,43250,49750,44750,44000,42750,43750,45000,43000,44000,178.77,0.77,1500000,38.31,52.18,38.78,1003,857,112,41,31.92,30,69,44,21.07,41186,0,[N/A],[N/A],[N/A],[N/A],4,1,"%CPU COMMAND;1779 VLLM::Worker_TP; 400 ps;91.1 opencode; 5.4 vllm; 3.0 VLLM::EngineCor;"
1788646521,2026-09-05T22:15:21+00:00,7031.14,42500,49000,44500,43750,42250,43500,44750,42500,44250,156.33,0.32,1500000,38.31,52.18,38.78,1003,857,112,41,67.29,30,0,44,18.27,41186,0,[N/A],[N/A],[N/A],[N/A],4,1,"%CPU COMMAND;1775 VLLM::Worker_TP;91.1 opencode; 5.4 vllm; 3.0 VLLM::EngineCor; 1.6 nvtop;"
1788646522,2026-09-05T22:15:22+00:00,7032.84,42750,48250,44500,43750,43000,44500,44750,42250,44000,157.25,0.38,1500000,38.31,52.18,38.78,1003,857,112,40,45.83,30,0,44,16.89,41186,0,[N/A],[N/A],[N/A],[N/A],4,1,"%CPU COMMAND;1772 VLLM::Worker_TP;91.1 opencode; 5.4 vllm; 3.0 VLLM::EngineCor; 1.6 nvtop;"
1788646524,2026-09-05T22:15:24+00:00,7034.56,43250,47625,43750,43250,42500,43500,44500,42750,44750,159.38,0.32,1500000,35.32,51.33,38.58,1003,857,112,40,26.79,30,0,44,17.01,41186,0,[N/A],[N/A],[N/A],[N/A],4,1,"%CPU COMMAND;1768 VLLM::Worker_TP;91.1 opencode; 5.4 vllm; 3.0 VLLM::EngineCor; 1.6 nvtop;"
1788646526,2026-09-05T22:15:26+00:00,7036.26,42750,47125,44250,43000,42750,43500,44250,42750,44000,151.30,0.37,1496992,35.32,51.33,38.58,1003,857,112,40,26.12,30,0,43,18.21,41186,0,[N/A],[N/A],[N/A],[N/A],2,1,"%CPU COMMAND;1765 VLLM::Worker_TP;91.1 opencode; 5.4 vllm; 3.0 VLLM::EngineCor; 1.6 nvtop;"
1788646528,2026-09-05T22:15:28+00:00,7038.00,42000,46625,44000,43000,42000,43000,44250,42500,43000,151.87,0.27,1971978,35.32,51.33,38.58,1003,857,112,40,10.12,30,0,43,16.88,41186,0,[N/A],[N/A],[N/A],[N/A],1,1,"%CPU COMMAND;1761 VLLM::Worker_TP;91.1 opencode; 5.4 vllm; 3.0 VLLM::EngineCor; 1.6 nvtop;"
1788646529,2026-09-05T22:15:29+00:00,7039.74,42750,47500,45750,43750,43500,43750,44750,43000,43750,166.73,1.75,3418532,32.66,50.51,38.38,1003,859,112,40,11.39,4,0,44,26.33,4,1,[N/A],[N/A],[N/A],[N/A],1,4,"%CPU COMMAND;91.1 opencode; 5.4 vllm; 3.0 VLLM::EngineCor; 1.6 nvtop; 1.6 dcgm-exporter;"
1788646531,2026-09-05T22:15:31+00:00,7041.58,43500,48000,51000,43750,43500,43500,45000,43000,44000,197.07,1.39,1495982,32.66,50.51,38.38,1003,861,112,40,14.23,4,0,44,73.69,4,0,[N/A],[N/A],[N/A],[N/A],1,4,"%CPU COMMAND; 400 ps;91.1 opencode; 5.4 vllm; 1.6 nvtop; 1.6 dcgm-exporter;"
1788646533,2026-09-05T22:15:33+00:00,7043.11,43500,48625,48500,43500,43250,44000,46750,43500,44250,168.71,3.86,1500000,32.66,50.51,38.38,1003,861,112,40,14.89,4,0,44,52.21,4,0,[N/A],[N/A],[N/A],[N/A],1,4,"%CPU COMMAND;91.1 opencode; 5.6 vllm; 1.6 nvtop; 1.6 dcgm-exporter; 1.3 atop;"
1788646534,2026-09-05T22:15:34+00:00,7044.81,42750,48500,44250,43250,42500,43250,44750,42250,44000,175.11,2.12,1500000,30.12,49.68,38.18,1003,863,112,40,12.52,2,0,44,35.67,2,0,[N/A],[N/A],[N/A],[N/A],1,4,"%CPU COMMAND; 400 ps;91.1 opencode; 1.6 nvtop; 1.6 dcgm-exporter; 1.3 atop;"
1788646536,2026-09-05T22:15:36+00:00,7046.37,42500,47875,44250,43000,43250,43250,46000,42250,43500,140.89,0.26,1500000,30.12,49.68,38.18,1003,863,112,40,9.90,2,0,44,35.34,2,0,[N/A],[N/A],[N/A],[N/A],1,2,"%CPU COMMAND; 400 ps;91.1 opencode; 1.6 nvtop; 1.6 dcgm-exporter; 1.3 atop;"
1788646538,2026-09-05T22:15:38+00:00,7048.10,42750,47250,43750,43250,41750,43000,44250,42250,45000,151.69,0.27,1541992,30.12,49.68,38.18,1003,863,112,40,11.07,2,0,44,28.43,2,0,[N/A],[N/A],[N/A],[N/A],1,1,"%CPU COMMAND;91.1 opencode; 1.6 nvtop; 1.6 dcgm-exporter; 1.3 atop; 1.1 alloy;"
1788646539,2026-09-05T22:15:39+00:00,7049.82,42500,47000,43500,43250,41500,43750,44500,42250,43500,154.94,0.38,1500000,27.95,48.91,37.99,1003,863,112,40,11.86,2,0,43,15.18,2,0,[N/A],[N/A],[N/A],[N/A],1,1,"%CPU COMMAND; 400 ps;91.1 opencode; 1.6 nvtop; 1.6 dcgm-exporter; 1.3 atop;"
1788646541,2026-09-05T22:15:41+00:00,7051.55,42000,46625,44000,43250,41750,43250,44500,41750,42750,152.46,0.35,1500000,27.95,48.91,37.99,1003,863,112,40,10.33,2,0,43,14.85,2,0,[N/A],[N/A],[N/A],[N/A],1,1,"%CPU COMMAND;91.1 opencode; 1.6 nvtop; 1.6 dcgm-exporter; 1.3 atop; 1.1 alloy;"
1788646543,2026-09-05T22:15:43+00:00,7053.27,42500,46250,43750,43250,41500,43000,44250,42250,43250,150.62,0.27,2754759,27.95,48.91,37.99,1003,863,112,40,11.20,2,0,43,15.27,2,0,[N/A],[N/A],[N/A],[N/A],1,1,"%CPU COMMAND;91.1 opencode; 1.6 nvtop; 1.6 dcgm-exporter; 1.3 atop; 1.1 alloy;"
1788646545,2026-09-05T22:15:45+00:00,7055.02,42750,46000,44500,42750,43000,43000,44000,42000,43250,155.58,0.29,1500000,25.71,48.10,37.79,1003,863,112,40,12.29,2,0,43,15.56,2,0,[N/A],[N/A],[N/A],[N/A],1,1,"%CPU COMMAND;91.1 opencode; 1.6 nvtop; 1.6 dcgm-exporter; 1.3 atop; 1.1 alloy;"
1788646546,2026-09-05T22:15:46+00:00,7056.76,42250,45750,44000,42750,42500,42750,44000,41750,43500,157.78,0.32,2750975,25.71,48.10,37.79,1003,863,112,40,11.71,2,0,43,14.90,2,0,[N/A],[N/A],[N/A],[N/A],1,1,"%CPU COMMAND;91.1 opencode; 1.6 nvtop; 1.6 dcgm-exporter; 1.3 atop; 1.1 alloy;"
1788646548,2026-09-05T22:15:48+00:00,7058.50,41750,45500,43500,42500,42250,42500,44000,43250,43250,155.77,0.38,1500000,25.71,48.10,37.79,1003,863,112,39,10.63,2,0,43,14.84,2,0,[N/A],[N/A],[N/A],[N/A],1,1,"%CPU COMMAND; 400 ps;91.1 opencode; 1.6 nvtop; 1.6 dcgm-exporter; 1.3 atop;"
1788646550,2026-09-05T22:15:50+00:00,7060.26,43000,45500,44250,43250,42500,43750,44250,41500,44250,160.71,0.41,1500000,23.81,47.33,37.60,1003,863,112,40,11.44,2,0,43,15.15,2,0,[N/A],[N/A],[N/A],[N/A],1,1,"%CPU COMMAND; 400 ps;91.1 opencode; 1.6 nvtop; 1.6 dcgm-exporter; 1.3 atop;"
1788646552,2026-09-05T22:15:52+00:00,7061.98,42000,45375,43750,44000,42000,42250,44000,41000,43250,152.18,0.26,3439228,23.81,47.33,37.60,1003,863,112,39,12.02,2,0,43,14.87,2,0,[N/A],[N/A],[N/A],[N/A],1,1,"%CPU COMMAND; 400 ps;91.1 opencode; 1.6 nvtop; 1.6 dcgm-exporter; 1.3 atop;"
1788646553,2026-09-05T22:15:53+00:00,7063.73,42000,45250,43750,43250,43000,41750,45750,42000,43250,153.54,0.26,1500000,21.90,46.55,37.39,1003,863,112,39,10.53,2,0,43,15.22,2,0,[N/A],[N/A],[N/A],[N/A],1,1,"%CPU COMMAND;91.1 opencode; 1.6 nvtop; 1.6 dcgm-exporter; 1.3 atop; 1.1 alloy;"
1788646555,2026-09-05T22:15:55+00:00,7065.45,41500,45250,43750,44250,42000,42500,44750,41750,43500,151.50,0.84,1500000,21.90,46.55,37.39,1003,863,112,39,10.13,2,0,43,14.80,2,0,[N/A],[N/A],[N/A],[N/A],1,1,"%CPU COMMAND;91.1 opencode; 1.6 nvtop; 1.6 dcgm-exporter; 1.3 atop; 1.1 alloy;"
1788646557,2026-09-05T22:15:57+00:00,7067.22,42500,45375,43750,42250,42250,42750,43500,41750,44000,159.23,0.31,1496411,21.90,46.55,37.39,1003,863,112,39,11.40,2,0,43,15.71,2,0,[N/A],[N/A],[N/A],[N/A],1,1,"%CPU COMMAND;91.1 opencode; 1.6 nvtop; 1.6 dcgm-exporter; 1.3 atop; 1.1 alloy;"
1788646559,2026-09-05T22:15:59+00:00,7068.96,42000,45125,44000,43000,41250,42250,45000,42250,43500,154.71,0.32,1500000,20.23,45.79,37.20,1003,863,112,39,12.71,2,0,43,15.49,2,0,[N/A],[N/A],[N/A],[N/A],1,1,"%CPU COMMAND;91.1 opencode; 1.6 nvtop; 1.6 dcgm-exporter; 1.3 atop; 1.1 alloy;"
1788646560,2026-09-05T22:16:00+00:00,7070.70,43000,45125,43500,43250,41500,43500,43750,41500,42250,158.31,0.29,3445430,20.23,45.79,37.20,1003,863,112,39,10.87,2,0,43,14.74,2,0,[N/A],[N/A],[N/A],[N/A],1,1,"%CPU COMMAND;91.1 opencode; 1.6 nvtop; 1.6 dcgm-exporter; 1.3 atop; 1.1 alloy;"
1788646562,2026-09-05T22:16:02+00:00,7072.44,42250,45125,43750,43500,41500,43750,43500,42250,43250,156.75,0.37,1500000,20.23,45.79,37.20,1003,863,112,39,10.39,2,0,43,14.77,2,0,[N/A],[N/A],[N/A],[N/A],1,1,"%CPU COMMAND;91.2 opencode; 1.6 nvtop; 1.6 dcgm-exporter; 1.3 atop; 1.1 alloy;"
1788646564,2026-09-05T22:16:04+00:00,7074.18,42500,45000,44000,42500,41750,43500,43750,42000,44250,156.50,0.36,1494267,18.61,45.03,37.00,1003,863,112,39,10.83,2,0,43,15.30,2,0,[N/A],[N/A],[N/A],[N/A],1,1,"%CPU COMMAND;91.2 opencode; 1.6 nvtop; 1.6 dcgm-exporter; 1.3 atop; 1.1 alloy;"
1788646566,2026-09-05T22:16:06+00:00,7075.92,42000,44750,43250,41750,42000,43000,43750,41000,42000,155.00,0.53,1497097,18.61,45.03,37.00,1003,863,112,39,12.09,2,0,43,15.43,2,0,[N/A],[N/A],[N/A],[N/A],1,1,"%CPU COMMAND;91.2 opencode; 1.6 nvtop; 1.6 dcgm-exporter; 1.3 atop; 1.1 alloy;"
1788646567,2026-09-05T22:16:07+00:00,7077.64,41750,44750,43000,42250,41750,44000,44000,43750,43250,150.67,0.42,1497091,18.61,45.03,37.00,1003,863,112,39,10.33,2,0,43,14.69,2,0,[N/A],[N/A],[N/A],[N/A],1,1,"%CPU COMMAND; 400 ps;91.2 opencode; 1.6 nvtop; 1.6 dcgm-exporter; 1.3 atop;"
1788646569,2026-09-05T22:16:09+00:00,7079.38,41750,45000,44250,42500,41500,43000,43750,41250,43000,158.80,0.30,1500000,17.20,44.30,36.80,1003,863,112,39,10.25,2,0,43,14.71,2,0,[N/A],[N/A],[N/A],[N/A],1,1,"%CPU COMMAND;91.3 opencode; 1.6 nvtop; 1.6 dcgm-exporter; 1.3 atop; 1.1 alloy;"
1788646571,2026-09-05T22:16:11+00:00,7081.12,42000,44875,44000,43000,41500,42750,43500,41500,44000,160.29,0.27,1500000,17.20,44.30,36.80,1003,863,112,39,11.75,2,0,43,15.57,2,0,[N/A],[N/A],[N/A],[N/A],1,1,"%CPU COMMAND; 400 ps;91.3 opencode; 1.6 nvtop; 1.6 dcgm-exporter; 1.3 atop;"
1788646572,2026-09-05T22:16:12+00:00,7082.87,41750,44875,43000,43250,43000,43250,43250,41750,42750,164.32,0.54,2749133,17.20,44.30,36.80,1003,863,112,39,10.27,2,0,42,15.57,2,0,[N/A],[N/A],[N/A],[N/A],1,1,"%CPU COMMAND;91.3 opencode; 1.6 nvtop; 1.6 dcgm-exporter; 1.3 atop; 1.1 alloy;"
1788646574,2026-09-05T22:16:14+00:00,7084.61,41750,44750,44250,42750,41000,43000,43750,42000,43000,162.68,0.35,1713431,15.90,43.58,36.61,1003,863,112,39,10.82,2,0,42,14.86,2,0,[N/A],[N/A],[N/A],[N/A],1,1,"%CPU COMMAND;91.3 opencode; 1.6 nvtop; 1.6 dcgm-exporter; 1.3 atop; 1.1 alloy;"
1788646576,2026-09-05T22:16:16+00:00,7086.36,42500,44750,43500,43750,41750,43500,43250,41500,43250,160.74,0.34,2752993,15.90,43.58,36.61,1003,863,112,39,10.44,2,0,42,14.46,2,0,[N/A],[N/A],[N/A],[N/A],1,1,"%CPU COMMAND;91.3 opencode; 1.6 nvtop; 1.6 dcgm-exporter; 1.3 atop; 1.1 alloy;"
1788646578,2026-09-05T22:16:18+00:00,7088.11,41500,44625,43000,42000,42000,42000,43500,41500,42750,158.87,0.32,1500000,15.90,43.58,36.61,1003,863,112,39,10.62,2,0,42,15.46,2,0,[N/A],[N/A],[N/A],[N/A],1,1,"%CPU COMMAND;91.4 opencode; 1.6 nvtop; 1.6 dcgm-exporter; 1.3 atop; 1.1 alloy;"
1788646579,2026-09-05T22:16:19+00:00,7089.85,41250,45000,43000,43750,41500,42000,44000,41500,42500,154.76,0.53,1500000,14.79,42.89,36.43,1003,863,112,39,10.32,2,0,42,14.96,2,0,[N/A],[N/A],[N/A],[N/A],1,1,"%CPU COMMAND;91.3 opencode; 1.6 nvtop; 1.6 dcgm-exporter; 1.3 atop; 1.1 alloy;"
1788646581,2026-09-05T22:16:21+00:00,7091.59,41750,44875,43000,42500,41750,42750,43500,41500,42750,152.77,0.29,1500000,14.79,42.89,36.43,1003,863,112,39,10.23,2,0,42,14.82,2,0,[N/A],[N/A],[N/A],[N/A],1,1,"%CPU COMMAND;91.3 opencode; 1.6 nvtop; 1.6 dcgm-exporter; 1.3 atop; 1.1 alloy;"
1788646583,2026-09-05T22:16:23+00:00,7093.33,41500,44750,43500,42250,41500,42500,43000,43750,42500,151.84,0.29,1500000,14.79,42.89,36.43,1003,863,112,39,10.81,2,0,42,15.27,2,0,[N/A],[N/A],[N/A],[N/A],1,1,"%CPU COMMAND;91.3 opencode; 1.6 nvtop; 1.6 dcgm-exporter; 1.3 atop; 1.1 alloy;"
1788646585,2026-09-05T22:16:25+00:00,7095.07,41750,44750,44000,42250,41250,42250,43750,41500,42500,156.79,0.28,1500000,13.68,42.19,36.24,1003,863,112,39,10.53,2,0,42,14.95,2,0,[N/A],[N/A],[N/A],[N/A],1,1,"%CPU COMMAND;91.3 opencode; 1.6 nvtop; 1.6 dcgm-exporter; 1.3 atop; 1.1 alloy;"
1788646586,2026-09-05T22:16:26+00:00,7096.81,42000,44625,43250,42000,41250,42750,44000,41750,43000,156.87,0.31,1500000,13.68,42.19,36.24,1003,863,112,39,11.11,2,0,42,14.87,2,0,[N/A],[N/A],[N/A],[N/A],1,1,"%CPU COMMAND;91.3 opencode; 1.6 nvtop; 1.6 dcgm-exporter; 1.3 atop; 1.1 alloy;"
1788646588,2026-09-05T22:16:28+00:00,7098.54,41500,44500,43500,42250,40750,41750,43250,40750,42000,153.33,0.30,1500000,13.68,42.19,36.24,1003,863,112,39,9.66,2,0,42,14.74,2,0,[N/A],[N/A],[N/A],[N/A],1,1,"%CPU COMMAND;91.3 opencode; 1.6 nvtop; 1.6 dcgm-exporter; 1.3 atop; 1.1 alloy;"
1788646590,2026-09-05T22:16:30+00:00,7100.27,41500,44875,43500,42250,41500,42500,43750,42000,43000,154.60,0.32,1910824,12.75,41.52,36.05,1003,863,112,39,10.24,2,0,42,15.07,2,0,[N/A],[N/A],[N/A],[N/A],1,1,"%CPU COMMAND;91.3 opencode; 1.6 nvtop; 1.6 dcgm-exporter; 1.3 atop; 1.1 alloy;"
1788646592,2026-09-05T22:16:32+00:00,7102.01,41500,44875,43000,42750,41250,41750,43750,41250,42750,154.24,0.28,1500000,12.75,41.52,36.05,1003,863,112,39,9.81,2,0,42,15.25,2,0,[N/A],[N/A],[N/A],[N/A],1,1,"%CPU COMMAND;91.3 opencode; 1.6 nvtop; 1.6 dcgm-exporter; 1.3 atop; 1.1 alloy;"
1788646593,2026-09-05T22:16:33+00:00,7103.75,41500,44750,43000,43250,41500,42250,43500,41000,42250,158.80,0.32,1500000,11.73,40.84,35.86,1003,863,112,39,10.59,2,0,42,15.18,2,0,[N/A],[N/A],[N/A],[N/A],1,1,"%CPU COMMAND;91.3 opencode; 1.6 nvtop; 1.6 dcgm-exporter; 1.3 atop; 1.1 alloy;"
1788646595,2026-09-05T22:16:35+00:00,7105.48,41500,44750,43250,42000,41750,43000,43500,41000,42250,159.67,0.32,1500000,11.73,40.84,35.86,1003,863,112,39,9.13,2,0,42,14.72,2,0,[N/A],[N/A],[N/A],[N/A],1,1,"%CPU COMMAND;91.3 opencode; 1.6 nvtop; 1.6 dcgm-exporter; 1.3 atop; 1.1 alloy;"
1788646597,2026-09-05T22:16:37+00:00,7107.24,41500,44625,43000,42000,41000,43500,43250,41000,42250,158.94,0.33,1500000,11.73,40.84,35.86,1003,863,112,39,11.35,2,0,42,15.01,2,0,[N/A],[N/A],[N/A],[N/A],1,1,"%CPU COMMAND;91.4 opencode; 1.6 nvtop; 1.6 dcgm-exporter; 1.3 atop; 1.1 alloy;"
1788646599,2026-09-05T22:16:39+00:00,7108.98,41750,44750,44000,41750,41500,43000,44250,41500,43250,161.97,0.35,1500000,11.03,40.21,35.68,1003,863,112,39,11.05,2,0,42,15.36,2,0,[N/A],[N/A],[N/A],[N/A],1,1,"%CPU COMMAND;91.4 opencode; 1.7 nvtop; 1.6 dcgm-exporter; 1.3 atop; 1.1 alloy;"
1788646600,2026-09-05T22:16:40+00:00,7110.70,41750,45000,43000,42250,40750,42250,44000,42250,42500,154.81,0.30,1500000,11.03,40.21,35.68,1003,863,112,38,10.52,2,0,42,14.88,2,0,[N/A],[N/A],[N/A],[N/A],1,1,"%CPU COMMAND;91.4 opencode; 1.7 nvtop; 1.6 dcgm-exporter; 1.3 atop; 1.1 alloy;"
1788646602,2026-09-05T22:16:42+00:00,7112.44,41750,44875,43500,44000,41750,43750,43500,42250,42500,163.45,0.38,1500000,11.03,40.21,35.68,1003,863,112,38,9.23,2,0,42,14.56,2,0,[N/A],[N/A],[N/A],[N/A],1,1,"%CPU COMMAND; 400 ps;91.4 opencode; 1.7 nvtop; 1.6 dcgm-exporter; 1.3 atop;"
1788646604,2026-09-05T22:16:44+00:00,7114.18,42250,44750,44250,42250,42500,43000,44000,41750,43500,156.24,0.37,1500000,10.22,39.56,35.49,1003,863,112,38,10.56,2,0,42,15.22,2,0,[N/A],[N/A],[N/A],[N/A],1,1,"%CPU COMMAND;91.5 opencode; 1.7 nvtop; 1.6 dcgm-exporter; 1.3 atop; 1.1 alloy;"
1788646605,2026-09-05T22:16:45+00:00,7115.90,41750,44750,43250,42250,41750,42750,43250,42000,42000,156.14,0.30,1500000,10.22,39.56,35.49,1003,863,112,38,11.63,2,0,42,15.12,2,0,[N/A],[N/A],[N/A],[N/A],1,1,"%CPU COMMAND; 400 ps;91.5 opencode; 1.7 nvtop; 1.6 dcgm-exporter; 1.3 atop;"
1788646607,2026-09-05T22:16:47+00:00,7117.64,41750,44625,43250,42250,40750,43250,43000,43750,42500,156.73,0.33,1496060,10.22,39.56,35.49,1003,863,112,38,10.15,2,0,42,14.92,2,0,[N/A],[N/A],[N/A],[N/A],1,1,"%CPU COMMAND;91.5 opencode; 1.7 nvtop; 1.6 dcgm-exporter; 1.3 atop; 1.1 alloy;"
1788646609,2026-09-05T22:16:49+00:00,7119.39,41500,44750,43250,42500,41750,42250,43250,40750,43500,159.85,0.39,1500000,9.49,38.92,35.31,1003,863,112,38,10.11,2,0,42,14.62,2,0,[N/A],[N/A],[N/A],[N/A],1,1,"%CPU COMMAND;91.5 opencode; 1.7 nvtop; 1.6 dcgm-exporter; 1.3 atop; 1.1 alloy;"
1788646611,2026-09-05T22:16:51+00:00,7121.14,41750,44625,43500,42000,41500,42250,44000,41500,43000,160.47,0.36,1500000,9.49,38.92,35.31,1003,863,112,38,11.48,2,0,42,15.42,2,0,[N/A],[N/A],[N/A],[N/A],1,1,"%CPU COMMAND;91.6 opencode; 1.7 nvtop; 1.6 dcgm-exporter; 1.3 atop; 1.1 alloy;"
1788646612,2026-09-05T22:16:52+00:00,7122.89,41750,44625,43000,42500,41500,42000,43750,41500,42500,157.39,0.28,3121640,9.49,38.92,35.31,1003,863,112,38,10.00,2,0,42,14.79,2,0,[N/A],[N/A],[N/A],[N/A],1,1,"%CPU COMMAND;91.6 opencode; 1.7 nvtop; 1.6 dcgm-exporter; 1.3 atop; 1.1 alloy;"
1788646614,2026-09-05T22:16:54+00:00,7124.62,41250,45000,43750,42750,41250,41750,43250,41250,42500,164.80,0.35,2752423,8.97,38.32,35.14,1003,863,112,38,9.91,2,0,42,14.86,2,0,[N/A],[N/A],[N/A],[N/A],1,1,"%CPU COMMAND;91.6 opencode; 1.7 nvtop; 1.6 dcgm-exporter; 1.3 atop; 1.1 alloy;"
1788646616,2026-09-05T22:16:56+00:00,7126.37,42000,44750,43250,42500,41250,42250,44250,42250,42250,161.61,0.33,1500000,8.97,38.32,35.14,1003,863,112,38,8.44,2,0,41,14.08,2,0,[N/A],[N/A],[N/A],[N/A],1,1,"%CPU COMMAND; 400 ps;91.7 opencode; 1.7 nvtop; 1.6 dcgm-exporter; 1.3 atop;"
1788646618,2026-09-05T22:16:58+00:00,7128.10,41250,44750,43750,42250,41500,43250,43500,41250,43000,157.44,0.33,1500000,8.97,38.32,35.14,1003,863,112,38,10.56,2,0,41,15.34,2,0,[N/A],[N/A],[N/A],[N/A],1,1,"%CPU COMMAND;91.7 opencode; 1.7 nvtop; 1.6 dcgm-exporter; 1.3 atop; 1.1 alloy;"
1788646619,2026-09-05T22:16:59+00:00,7129.87,42000,45000,43250,42500,41250,43500,44750,41250,42500,161.18,0.40,1496828,8.73,37.78,34.98,1003,863,112,38,9.63,2,0,41,15.38,2,0,[N/A],[N/A],[N/A],[N/A],1,1,"%CPU COMMAND;91.7 opencode; 1.7 nvtop; 1.6 dcgm-exporter; 1.3 atop; 1.1 alloy;"
1788646621,2026-09-05T22:17:01+00:00,7131.60,41750,45000,43750,42250,41250,45250,44000,40750,42750,158.84,0.46,2754460,8.73,37.78,34.98,1003,863,112,38,9.82,2,0,41,14.93,2,0,[N/A],[N/A],[N/A],[N/A],1,1,"%CPU COMMAND; 400 ps;91.8 opencode; 1.7 nvtop; 1.6 dcgm-exporter; 1.3 atop;"
1788646623,2026-09-05T22:17:03+00:00,7133.34,41500,44875,43250,42250,41500,42750,43750,43750,42750,162.49,0.33,1500000,8.73,37.78,34.98,1003,863,112,38,10.80,2,0,41,15.30,2,0,[N/A],[N/A],[N/A],[N/A],1,1,"%CPU COMMAND;91.8 opencode; 1.7 nvtop; 1.6 dcgm-exporter; 1.3 atop; 1.1 alloy;"
1788646625,2026-09-05T22:17:05+00:00,7135.09,41250,44875,43000,42500,41250,42500,44250,42250,42750,163.16,0.35,1500000,8.19,37.19,34.80,1003,863,112,38,11.35,2,0,41,15.29,2,0,[N/A],[N/A],[N/A],[N/A],1,1,"%CPU COMMAND; 400 ps;91.8 opencode; 1.7 nvtop; 1.6 dcgm-exporter; 1.3 atop;"
1788646626,2026-09-05T22:17:06+00:00,7136.83,41500,44875,44250,42500,41000,42500,43500,40500,42250,168.94,0.33,2569067,8.19,37.19,34.80,1003,863,112,38,9.41,2,0,41,14.77,2,0,[N/A],[N/A],[N/A],[N/A],1,1,"%CPU COMMAND;91.8 opencode; 1.7 nvtop; 1.6 dcgm-exporter; 1.3 atop; 1.1 alloy;"
1788646628,2026-09-05T22:17:08+00:00,7138.58,42000,45125,43750,42000,42000,42750,43500,42500,43250,169.97,0.36,1500000,8.19,37.19,34.80,1003,863,112,38,9.44,2,0,41,14.94,2,0,[N/A],[N/A],[N/A],[N/A],1,1,"%CPU COMMAND;91.9 opencode; 1.7 nvtop; 1.6 dcgm-exporter; 1.3 atop; 1.1 alloy;"
1788646630,2026-09-05T22:17:10+00:00,7140.31,42500,45500,43500,42750,43250,45750,43750,41750,42750,171.36,0.37,1500000,7.69,36.60,34.62,1003,863,112,38,10.04,2,0,41,15.09,2,0,[N/A],[N/A],[N/A],[N/A],1,1,"%CPU COMMAND; 400 ps;91.9 opencode; 1.7 nvtop; 1.6 dcgm-exporter; 1.3 atop;"
1788646632,2026-09-05T22:17:12+00:00,7142.03,42500,46125,43750,42750,43250,44750,44000,41500,42750,169.06,0.35,1500000,7.69,36.60,34.62,1003,863,112,38,9.95,2,0,41,14.91,2,0,[N/A],[N/A],[N/A],[N/A],1,1,"%CPU COMMAND;92.0 opencode; 1.7 nvtop; 1.6 dcgm-exporter; 1.3 atop; 1.1 alloy;"
1788646633,2026-09-05T22:17:13+00:00,7143.76,41750,45750,43750,42250,46750,42250,43000,41250,42750,158.07,0.39,1500000,7.16,36.01,34.44,1003,863,112,38,10.52,2,0,41,14.89,2,0,[N/A],[N/A],[N/A],[N/A],1,1,"%CPU COMMAND; 400 ps;92.0 opencode; 1.7 nvtop; 1.6 dcgm-exporter; 1.3 atop;"
1788646635,2026-09-05T22:17:15+00:00,7145.50,41500,45625,43500,43250,47250,43250,43500,42000,42500,161.24,0.39,1500000,7.16,36.01,34.44,1003,863,112,38,9.73,2,0,41,14.81,2,0,[N/A],[N/A],[N/A],[N/A],1,1,"%CPU COMMAND;92.0 opencode; 1.7 nvtop; 1.6 dcgm-exporter; 1.3 atop; 1.1 alloy;"
1788646637,2026-09-05T22:17:17+00:00,7147.23,41250,45625,43250,42500,43000,42750,44250,41500,42500,163.87,0.36,1489807,7.16,36.01,34.44,1003,863,112,38,11.20,2,0,41,15.49,2,0,[N/A],[N/A],[N/A],[N/A],1,1,"%CPU COMMAND;92.0 opencode; 1.7 nvtop; 1.6 dcgm-exporter; 1.3 atop; 1.1 alloy;"
1788646639,2026-09-05T22:17:19+00:00,7148.98,41500,45500,43250,42250,41750,42500,43250,43250,43000,162.55,0.37,1497965,6.66,35.43,34.26,1003,863,112,38,9.78,2,0,41,14.83,2,0,[N/A],[N/A],[N/A],[N/A],1,1,"%CPU COMMAND;92.1 opencode; 1.7 nvtop; 1.6 dcgm-exporter; 1.3 atop; 1.1 alloy;"
1788646640,2026-09-05T22:17:20+00:00,7150.70,41750,45375,43250,43000,41250,41750,43500,40750,42250,155.13,0.32,1500000,6.66,35.43,34.26,1003,863,112,38,10.27,2,0,41,15.37,2,0,[N/A],[N/A],[N/A],[N/A],1,1,"%CPU COMMAND;92.1 opencode; 1.7 nvtop; 1.6 dcgm-exporter; 1.3 atop; 1.1 alloy;"
1788646642,2026-09-05T22:17:22+00:00,7152.46,41750,45125,43500,43500,41500,43000,42750,41250,42750,161.44,0.32,1500000,6.66,35.43,34.26,1003,863,112,38,9.58,2,0,41,14.93,2,0,[N/A],[N/A],[N/A],[N/A],1,1,"%CPU COMMAND;92.1 opencode; 1.7 nvtop; 1.6 dcgm-exporter; 1.3 atop; 1.1 alloy;"
1788646644,2026-09-05T22:17:24+00:00,7154.20,41500,44875,45750,43000,41500,42750,43750,40500,44500,157.20,0.31,3062123,6.13,34.84,34.08,1003,863,112,38,10.86,2,0,41,15.64,2,0,[N/A],[N/A],[N/A],[N/A],1,1,"%CPU COMMAND; 400 ps;92.1 opencode; 1.7 nvtop; 1.6 dcgm-exporter; 1.3 atop;"
1788646646,2026-09-05T22:17:26+00:00,7155.92,41500,44625,43250,42000,41250,42500,45000,41750,43000,153.69,0.35,1500000,6.13,34.84,34.08,1003,863,112,38,10.55,2,0,41,14.92,2,0,[N/A],[N/A],[N/A],[N/A],1,1,"%CPU COMMAND;92.1 opencode; 1.7 nvtop; 1.6 dcgm-exporter; 1.3 atop; 1.1 alloy;"
1788646647,2026-09-05T22:17:27+00:00,7157.68,41250,44500,43500,41750,41000,42500,44250,41250,41750,159.03,0.44,1500000,6.13,34.84,34.08,1003,863,112,38,9.47,2,0,41,15.15,2,0,[N/A],[N/A],[N/A],[N/A],1,1,"%CPU COMMAND; 400 ps;92.1 opencode; 1.7 nvtop; 1.6 dcgm-exporter; 1.3 atop;"
1788646649,2026-09-05T22:17:29+00:00,7159.39,41500,44875,42500,42750,42000,42000,43500,43500,42500,163.29,0.26,1500000,5.64,34.26,33.90,1003,864,112,38,10.16,2,0,41,15.02,2,0,[N/A],[N/A],[N/A],[N/A],1,1,"%CPU COMMAND;92.1 opencode; 1.7 nvtop; 1.6 dcgm-exporter; 1.3 atop; 1.1 alloy;"
1788646651,2026-09-05T22:17:31+00:00,7161.15,42000,44750,43250,42000,41000,42750,43250,41250,42250,162.65,0.42,1500000,5.64,34.26,33.90,1003,864,112,38,9.95,2,0,41,15.53,2,0,[N/A],[N/A],[N/A],[N/A],1,1,"%CPU COMMAND;92.1 opencode; 1.7 nvtop; 1.6 dcgm-exporter; 1.3 atop; 1.1 alloy;"
1788646652,2026-09-05T22:17:32+00:00,7162.88,41750,44625,43250,41750,41250,43750,43000,41000,43000,160.73,0.30,1500000,5.64,34.26,33.90,1003,864,112,38,9.74,2,0,41,15.10,2,0,[N/A],[N/A],[N/A],[N/A],1,1,"%CPU COMMAND;92.1 opencode; 1.7 nvtop; 1.6 dcgm-exporter; 1.3 atop; 1.1 alloy;"
1788646654,2026-09-05T22:17:34+00:00,7164.62,41750,44875,43250,42000,41250,44500,43500,40750,42250,160.20,0.29,1497129,5.19,33.69,33.72,1003,864,112,38,9.82,2,0,41,15.12,2,0,[N/A],[N/A],[N/A],[N/A],1,1,"%CPU COMMAND;92.1 opencode; 1.7 nvtop; 1.6 dcgm-exporter; 1.3 atop; 1.1 alloy;"
1788646656,2026-09-05T22:17:36+00:00,7166.34,41750,45125,43000,42250,43000,43750,43750,40750,43500,161.02,0.37,1500000,5.19,33.69,33.72,1003,864,112,38,10.29,2,0,41,15.29,2,0,[N/A],[N/A],[N/A],[N/A],1,1,"%CPU COMMAND;92.1 opencode; 1.7 nvtop; 1.6 dcgm-exporter; 1.3 atop; 1.1 alloy;"
1788646658,2026-09-05T22:17:38+00:00,7168.08,41500,44875,42250,42250,41000,42250,43000,42000,42000,150.17,0.24,1500000,5.19,33.69,33.72,1003,863,112,38,11.55,2,0,41,15.58,2,0,[N/A],[N/A],[N/A],[N/A],1,1,"%CPU COMMAND;92.1 opencode; 1.7 nvtop; 1.6 dcgm-exporter; 1.3 atop; 1.1 alloy;"
